Invoice_No,Invoice_Date,Customer_ID,Product,Quantity,Unit_Price,Country
INV500067,2025-01-01 00:00:00,CUST1006,Webcam,3,35.35,India
INV500339,2025-01-01 00:00:00,CUST1028,Mechanical Keyboard,6,84.93,Singapore
INV500339,2025-01-01 00:00:00,CUST1028,Mini Tripod,5,18.19,Singapore
INV500339,2025-01-01 00:00:00,CUST1028,Bluetooth Speaker,6,53.11,Singapore
INV500417,2025-01-01 00:00:00,CUST1041,HDMI Cable,1,7.34,United Kingdom
INV500417,2025-01-01 00:00:00,CUST1041,Webcam,1,42.2,India
INV500594,2025-01-01 00:00:00,CUST1054,Webcam,3,39.17,UAE
INV500664,2025-01-01 00:00:00,CUST1065,Charging Cable,4,6.72,UAE
INV500781,2025-01-01 00:00:00,CUST1077,Bluetooth Speaker,3,40.77,UAE
INV500806,2025-01-01 00:00:00,CUST1079,Portable SSD,1,77.44,Singapore
INV500916,2025-01-01 00:00:00,CUST1090,Desk Lamp,5,34.77,India
INV500916,2025-01-01 00:00:00,CUST1090,Backpack,4,60.91,UAE
INV501004,2025-01-01 00:00:00,CUST1099,Charging Cable,2,5.94,India
INV501004,2025-01-01 00:00:00,CUST1099,Webcam,1,44.65,India
INV501134,2025-01-01 00:00:00,CUST1112,Bluetooth Speaker,2,39.4,India
INV501134,2025-01-01 00:00:00,CUST1112,HDMI Cable,1,9.05,Singapore
INV501134,2025-01-01 00:00:00,CUST1112,Backpack,1,39.98,India
INV501312,2025-01-01 00:00:00,CUST1132,Smartwatch Strap,3,13.91,India
INV501312,2025-01-01 00:00:00,CUST1132,Backpack,4,48.13,India
INV501312,2025-01-01 00:00:00,CUST1132,Portable SSD,3,113.36,India
INV501337,2025-01-01 00:00:00,CUST1134,Notebook Set,4,7.91,India
INV501358,2025-01-01 00:00:00,CUST1135,Power Bank,3,34.06,Singapore
INV501358,2025-01-01 00:00:00,CUST1135,Wireless Mouse,2,24.13,Singapore
INV501462,2025-01-01 00:00:00,CUST1145,Phone Case,2,9.73,UAE
INV501539,2025-01-01 00:00:00,CUST1155,Power Bank,2,47.21,India
INV501906,2025-01-01 00:00:00,CUST1190,HDMI Cable,4,9.05,United Kingdom
INV501906,2025-01-01 00:00:00,CUST1190,Notebook Set,1,7.39,India
INV501906,2025-01-01 00:00:00,CUST1190,Bluetooth Speaker,1,44.28,United Kingdom
INV501937,2025-01-01 00:00:00,CUST1193,Portable SSD,2,93.0,India
INV501937,2025-01-01 00:00:00,CUST1193,Headphones,3,45.19,India
INV502034,2025-01-01 00:00:00,CUST1203,USB-C Hub,4,26.56,UAE
INV502034,2025-01-01 00:00:00,CUST1203,Webcam,2,37.01,India
INV502034,2025-01-01 00:00:00,CUST1203,Power Bank,4,25.85,United Kingdom
INV502072,2025-01-01 00:00:00,CUST1207,Gaming Mouse Pad,1,19.43,UAE
INV502072,2025-01-01 00:00:00,CUST1207,Gaming Mouse Pad,3,19.84,India
INV502134,2025-01-01 00:00:00,CUST1213,Portable SSD,4,77.84,India
INV502134,2025-01-01 00:00:00,CUST1213,Backpack,2,40.39,India
INV502134,2025-01-01 00:00:00,CUST1213,Bluetooth Speaker,4,37.39,India
INV502178,2025-01-01 00:00:00,CUST1218,Water Bottle,3,11.32,India
INV502178,2025-01-01 00:00:00,CUST1218,Fitness Band,1,28.43,United Kingdom
INV502209,2025-01-01 00:00:00,CUST1222,Headphones,2,47.12,United Kingdom
INV502209,2025-01-01 00:00:00,CUST1222,Headphones,3,49.51,India
INV502209,2025-01-01 00:00:00,CUST1222,Webcam,3,49.91,UAE
INV502258,2025-01-01 00:00:00,CUST1229,Charging Cable,2,7.04,Singapore
INV502258,2025-01-01 00:00:00,CUST1229,Bluetooth Speaker,3,43.88,India
INV502285,2025-01-01 00:00:00,CUST1231,Notebook Set,5,10.66,UAE
INV502401,2025-01-01 00:00:00,CUST1243,HDMI Cable,3,7.95,India
INV502401,2025-01-01 00:00:00,CUST1243,Bluetooth Speaker,2,30.24,UAE
INV502470,2025-01-01 00:00:00,CUST1252,Wireless Mouse,1,17.99,India
INV502634,2025-01-01 00:00:00,CUST1269,Mini Tripod,3,9.49,India
INV502813,2025-01-01 00:00:00,CUST1287,Mechanical Keyboard,1,53.01,India
INV502813,2025-01-01 00:00:00,CUST1287,Desk Lamp,4,26.26,Singapore
INV502813,2025-01-01 00:00:00,CUST1287,Mechanical Keyboard,2,58.65,India
INV502992,2025-01-01 00:00:00,CUST1302,Bluetooth Speaker,3,34.52,United Kingdom
INV502992,2025-01-01 00:00:00,CUST1302,Mechanical Keyboard,2,43.18,India
INV502992,2025-01-01 00:00:00,CUST1302,Desk Lamp,2,19.64,United Kingdom
INV503000,2025-01-01 00:00:00,CUST1303,Fitness Band,2,36.1,India
INV503000,2025-01-01 00:00:00,CUST1303,USB-C Hub,1,29.43,UAE
INV503066,2025-01-01 00:00:00,CUST1308,HDMI Cable,3,8.06,India
INV503066,2025-01-01 00:00:00,CUST1308,Portable SSD,4,73.4,UAE
INV503106,2025-01-01 00:00:00,CUST1313,Laptop Stand,3,36.69,Singapore
INV503164,2025-01-01 00:00:00,CUST1319,Webcam,3,44.43,UAE
INV503307,2025-01-01 00:00:00,CUST1334,Desk Lamp,2,31.04,India
INV503307,2025-01-01 00:00:00,CUST1334,Smartwatch Strap,5,17.89,India
INV503307,2025-01-01 00:00:00,CUST1334,Webcam,2,62.59,India
INV503473,2025-01-01 00:00:00,CUST1353,Phone Case,3,9.38,India
INV503473,2025-01-01 00:00:00,CUST1353,Headphones,1,44.11,India
INV503503,2025-01-01 00:00:00,CUST1355,Wireless Mouse,4,16.44,UAE
INV503503,2025-01-01 00:00:00,CUST1355,Gaming Mouse Pad,2,13.32,India
INV503503,2025-01-01 00:00:00,CUST1355,Smartwatch Strap,2,11.41,India
INV503658,2025-01-01 00:00:00,CUST1374,Desk Lamp,3,18.0,India
INV503729,2025-01-01 00:00:00,CUST1380,USB-C Hub,1,26.71,Singapore
INV503742,2025-01-01 00:00:00,CUST1383,Phone Case,3,10.6,UAE
INV503769,2025-01-01 00:00:00,CUST1385,Laptop Stand,4,35.49,India
INV503769,2025-01-01 00:00:00,CUST1385,Wireless Mouse,3,20.06,India
INV503769,2025-01-01 00:00:00,CUST1385,Water Bottle,4,18.0,India
INV503773,2025-01-01 00:00:00,CUST1386,Power Bank,1,29.64,UAE
INV503773,2025-01-01 00:00:00,CUST1386,Headphones,4,52.34,Singapore
INV503839,2025-01-01 00:00:00,CUST1393,Mini Tripod,4,13.23,India
INV503839,2025-01-01 00:00:00,CUST1393,Wireless Mouse,4,22.59,India
INV503839,2025-01-01 00:00:00,CUST1393,Bluetooth Speaker,1,47.96,India
INV500185,2025-01-02 00:00:00,CUST1014,Backpack,4,45.57,India
INV500185,2025-01-02 00:00:00,CUST1014,Wireless Mouse,2,20.44,Singapore
INV500191,2025-01-02 00:00:00,CUST1016,Fitness Band,2,27.36,United Kingdom
INV500191,2025-01-02 00:00:00,CUST1016,Backpack,2,31.27,United Kingdom
INV500276,2025-01-02 00:00:00,CUST1025,Notebook Set,3,9.28,India
INV500351,2025-01-02 00:00:00,CUST1029,Charging Cable,1,7.42,UAE
INV500351,2025-01-02 00:00:00,CUST1029,Charging Cable,3,7.03,United Kingdom
INV500478,2025-01-02 00:00:00,CUST1045,HDMI Cable,2,10.43,India
INV500478,2025-01-02 00:00:00,CUST1045,Backpack,4,51.49,India
INV500783,2025-01-02 00:00:00,CUST1077,Gaming Mouse Pad,2,17.65,India
INV500783,2025-01-02 00:00:00,CUST1077,HDMI Cable,1,9.44,India
INV500783,2025-01-02 00:00:00,CUST1077,Fitness Band,1,37.43,India
INV501375,2025-01-02 00:00:00,CUST1137,Notebook Set,5,8.79,India
INV501375,2025-01-02 00:00:00,CUST1137,USB-C Hub,3,37.38,India
INV501375,2025-01-02 00:00:00,CUST1137,Wireless Mouse,5,25.48,Singapore
INV501567,2025-01-02 00:00:00,CUST1159,Bluetooth Speaker,4,43.28,India
INV501598,2025-01-02 00:00:00,CUST1161,Gaming Mouse Pad,4,19.99,India
INV501598,2025-01-02 00:00:00,CUST1161,Backpack,3,47.39,Singapore
INV501598,2025-01-02 00:00:00,CUST1161,Smartwatch Strap,4,13.55,India
INV501825,2025-01-02 00:00:00,CUST1182,Smartwatch Strap,1,10.51,Singapore
INV501825,2025-01-02 00:00:00,CUST1182,Water Bottle,3,13.16,India
INV501825,2025-01-02 00:00:00,CUST1182,Wireless Mouse,2,19.11,India
INV501964,2025-01-02 00:00:00,CUST1196,Laptop Stand,2,29.87,Singapore
INV502036,2025-01-02 00:00:00,CUST1203,Charging Cable,3,5.99,India
INV502119,2025-01-02 00:00:00,CUST1210,Bluetooth Speaker,2,43.48,India
INV502208,2025-01-02 00:00:00,CUST1222,Backpack,3,36.51,India
INV502208,2025-01-02 00:00:00,CUST1222,USB-C Hub,2,31.24,India
INV502335,2025-01-02 00:00:00,CUST1236,Webcam,3,65.85,United Kingdom
INV502584,2025-01-02 00:00:00,CUST1263,Charging Cable,2,7.78,India
INV502584,2025-01-02 00:00:00,CUST1263,Portable SSD,2,98.81,Singapore
INV502584,2025-01-02 00:00:00,CUST1263,USB-C Hub,4,33.24,India
INV502765,2025-01-02 00:00:00,CUST1280,Charging Cable,3,7.08,United Kingdom
INV502945,2025-01-02 00:00:00,CUST1298,Bluetooth Speaker,3,51.2,India
INV502945,2025-01-02 00:00:00,CUST1298,Webcam,5,63.23,United Kingdom
INV502945,2025-01-02 00:00:00,CUST1298,Wireless Mouse,3,27.03,India
INV503243,2025-01-02 00:00:00,CUST1327,Mini Tripod,1,11.28,India
INV503243,2025-01-02 00:00:00,CUST1327,Mechanical Keyboard,2,51.39,India
INV503243,2025-01-02 00:00:00,CUST1327,Bluetooth Speaker,1,33.29,Singapore
INV503268,2025-01-02 00:00:00,CUST1329,HDMI Cable,3,8.2,India
INV503268,2025-01-02 00:00:00,CUST1329,USB-C Hub,1,26.16,Singapore
INV503268,2025-01-02 00:00:00,CUST1329,Gaming Mouse Pad,2,15.04,India
INV503512,2025-01-02 00:00:00,CUST1356,Backpack,3,40.01,India
INV503512,2025-01-02 00:00:00,CUST1356,Wireless Mouse,3,20.7,India
INV503512,2025-01-02 00:00:00,CUST1356,Backpack,3,42.2,India
INV503765,2025-01-02 00:00:00,CUST1385,Portable SSD,2,104.77,United Kingdom
INV503765,2025-01-02 00:00:00,CUST1385,Bluetooth Speaker,2,48.45,United Kingdom
INV503765,2025-01-02 00:00:00,CUST1385,Notebook Set,3,8.08,India
INV503876,2025-01-02 00:00:00,CUST1396,Mechanical Keyboard,3,56.34,India
INV500289,2025-01-03 00:00:00,CUST1026,Phone Case,3,9.45,Singapore
INV500289,2025-01-03 00:00:00,CUST1026,Desk Lamp,3,24.02,India
INV500582,2025-01-03 00:00:00,CUST1053,Desk Lamp,4,31.1,United Kingdom
INV500582,2025-01-03 00:00:00,CUST1053,Bluetooth Speaker,3,44.47,India
INV500605,2025-01-03 00:00:00,CUST1056,Wireless Mouse,1,16.92,United Kingdom
INV500605,2025-01-03 00:00:00,CUST1056,Power Bank,3,25.28,India
INV500636,2025-01-03 00:00:00,CUST1060,Portable SSD,1,79.21,India
INV500636,2025-01-03 00:00:00,CUST1060,Notebook Set,3,7.87,India
INV500636,2025-01-03 00:00:00,CUST1060,Water Bottle,1,13.63,Singapore
INV501275,2025-01-03 00:00:00,CUST1128,Webcam,2,41.57,India
INV501275,2025-01-03 00:00:00,CUST1128,Laptop Stand,2,35.02,India
INV501386,2025-01-03 00:00:00,CUST1138,Backpack,1,31.42,UAE
INV501386,2025-01-03 00:00:00,CUST1138,Water Bottle,2,12.3,Singapore
INV501570,2025-01-03 00:00:00,CUST1159,Backpack,1,40.45,India
INV501700,2025-01-03 00:00:00,CUST1170,Charging Cable,3,9.76,UAE
INV501960,2025-01-03 00:00:00,CUST1196,Charging Cable,1,5.87,India
INV501960,2025-01-03 00:00:00,CUST1196,Desk Lamp,3,22.63,Singapore
INV502154,2025-01-03 00:00:00,CUST1214,Headphones,1,50.54,Singapore
INV502154,2025-01-03 00:00:00,CUST1214,Notebook Set,1,7.66,India
INV502547,2025-01-03 00:00:00,CUST1259,Mechanical Keyboard,3,55.67,Singapore
INV502547,2025-01-03 00:00:00,CUST1259,Power Bank,3,30.58,UAE
INV502547,2025-01-03 00:00:00,CUST1259,Fitness Band,3,35.87,India
INV502616,2025-01-03 00:00:00,CUST1267,Backpack,2,37.82,India
INV502973,2025-01-03 00:00:00,CUST1300,HDMI Cable,3,8.84,India
INV502973,2025-01-03 00:00:00,CUST1300,HDMI Cable,1,8.25,United Kingdom
INV503265,2025-01-03 00:00:00,CUST1329,USB-C Hub,4,24.65,India
INV503425,2025-01-03 00:00:00,CUST1346,Backpack,2,35.72,United Kingdom
INV503452,2025-01-03 00:00:00,CUST1350,Gaming Mouse Pad,4,17.51,India
INV503452,2025-01-03 00:00:00,CUST1350,HDMI Cable,4,9.13,UAE
INV503452,2025-01-03 00:00:00,CUST1350,Gaming Mouse Pad,3,19.1,India
INV503531,2025-01-03 00:00:00,CUST1358,HDMI Cable,2,8.12,India
INV503531,2025-01-03 00:00:00,CUST1358,Headphones,4,46.93,India
INV503733,2025-01-03 00:00:00,CUST1382,Water Bottle,2,13.23,India
INV503733,2025-01-03 00:00:00,CUST1382,Backpack,1,35.73,Singapore
INV503733,2025-01-03 00:00:00,CUST1382,Bluetooth Speaker,4,41.13,India
INV503821,2025-01-03 00:00:00,CUST1391,HDMI Cable,3,8.14,India
INV500220,2025-01-04 00:00:00,CUST1019,Webcam,2,41.16,UAE
INV500220,2025-01-04 00:00:00,CUST1019,Notebook Set,2,7.62,UAE
INV500539,2025-01-04 00:00:00,CUST1048,Power Bank,1,29.33,India
INV500539,2025-01-04 00:00:00,CUST1048,USB-C Hub,2,29.19,Singapore
INV500539,2025-01-04 00:00:00,CUST1048,Mini Tripod,2,12.92,UAE
INV500974,2025-01-04 00:00:00,CUST1095,Power Bank,5,42.31,India
INV501256,2025-01-04 00:00:00,,Mini Tripod,2,17.91,India
INV501256,2025-01-04 00:00:00,CUST1127,Charging Cable,2,9.41,UAE
INV501547,2025-01-04 00:00:00,CUST1156,Water Bottle,4,16.52,United Kingdom
INV502265,2025-01-04 00:00:00,CUST1230,Mechanical Keyboard,3,47.87,India
INV502265,2025-01-04 00:00:00,CUST1230,Charging Cable,3,5.13,India
INV502667,2025-01-04 00:00:00,CUST1272,Webcam,2,52.72,India
INV502667,2025-01-04 00:00:00,CUST1272,USB-C Hub,1,34.35,Singapore
INV502667,2025-01-04 00:00:00,CUST1272,Power Bank,4,27.49,India
INV503335,2025-01-04 00:00:00,CUST1337,Portable SSD,4,98.09,Singapore
INV503335,2025-01-04 00:00:00,CUST1337,Mini Tripod,1,12.34,India
INV503431,2025-01-04 00:00:00,CUST1347,Water Bottle,1,13.03,India
INV500071,2025-01-05 00:00:00,CUST1007,Charging Cable,3,6.65,United Kingdom
INV500071,2025-01-05 00:00:00,CUST1007,HDMI Cable,3,9.09,United Kingdom
INV500209,2025-01-05 00:00:00,CUST1018,Gaming Mouse Pad,1,13.69,India
INV500286,2025-01-05 00:00:00,CUST1026,Gaming Mouse Pad,4,17.13,Singapore
INV500286,2025-01-05 00:00:00,CUST1026,Phone Case,4,11.33,India
INV500768,2025-01-05 00:00:00,CUST1076,Power Bank,4,23.25,United Kingdom
INV500768,2025-01-05 00:00:00,CUST1076,Fitness Band,3,27.81,India
INV501279,2025-01-05 00:00:00,CUST1129,Charging Cable,3,7.1,India
INV501279,2025-01-05 00:00:00,CUST1129,Fitness Band,1,38.05,United Kingdom
INV502184,2025-01-05 00:00:00,CUST1219,Backpack,2,40.16,United Kingdom
INV502905,2025-01-05 00:00:00,CUST1294,Backpack,1,35.06,India
INV503319,2025-01-05 00:00:00,CUST1335,Mini Tripod,1,12.81,India
INV503319,2025-01-05 00:00:00,CUST1335,Fitness Band,1,30.94,India
INV500352,2025-01-06 00:00:00,CUST1029,Notebook Set,2,8.86,United Kingdom
INV500352,2025-01-06 00:00:00,CUST1029,USB-C Hub,2,31.41,United Kingdom
CINV500352,2025-01-06 00:00:00,CUST1029,Backpack,-1,40.33,India
INV500359,2025-01-06 00:00:00,CUST1031,Phone Case,4,10.27,UAE
INV500628,2025-01-06 00:00:00,CUST1059,Power Bank,3,27.45,India
INV500628,2025-01-06 00:00:00,CUST1059,Mini Tripod,4,12.99,United Kingdom
INV500628,2025-01-06 00:00:00,CUST1059,USB-C Hub,1,31.18,India
INV501165,2025-01-06 00:00:00,CUST1116,Portable SSD,2,83.26,India
INV501165,2025-01-06 00:00:00,CUST1116,Desk Lamp,4,20.63,India
INV501165,2025-01-06 00:00:00,CUST1116,Phone Case,3,9.06,Singapore
INV501517,2025-01-06 00:00:00,CUST1153,Desk Lamp,1,23.42,India
INV501583,2025-01-06 00:00:00,CUST1161,USB-C Hub,5,37.89,United Kingdom
INV501607,2025-01-06 00:00:00,CUST1161,Portable SSD,6,105.63,India
INV502217,2025-01-06 00:00:00,CUST1224,Mechanical Keyboard,3,42.99,Singapore
INV502217,2025-01-06 00:00:00,CUST1224,Water Bottle,1,10.98,India
INV500147,2025-01-07 00:00:00,CUST1011,Phone Case,4,9.77,Singapore
INV500147,2025-01-07 00:00:00,CUST1011,Gaming Mouse Pad,3,18.26,UAE
INV500184,2025-01-07 00:00:00,CUST1014,Fitness Band,2,42.94,India
INV500184,2025-01-07 00:00:00,CUST1014,Desk Lamp,1,29.05,Singapore
INV500525,2025-01-07 00:00:00,CUST1047,HDMI Cable,4,12.05,India
INV500525,2025-01-07 00:00:00,CUST1047,HDMI Cable,6,11.14,India
INV500525,2025-01-07 00:00:00,CUST1047,USB-C Hub,6,43.36,India
INV500782,2025-01-07 00:00:00,CUST1077,Phone Case,2,10.88,India
INV501330,2025-01-07 00:00:00,CUST1133,Fitness Band,3,29.82,India
INV501330,2025-01-07 00:00:00,CUST1133,Power Bank,3,28.36,India
INV501514,2025-01-07 00:00:00,CUST1152,Mini Tripod,1,10.91,India
INV501578,2025-01-07 00:00:00,CUST1160,Wireless Mouse,4,16.03,Singapore
INV502162,2025-01-07 00:00:00,CUST1215,Headphones,1,43.91,Singapore
INV502162,2025-01-07 00:00:00,CUST1215,Headphones,1,43.81,India
INV502162,2025-01-07 00:00:00,CUST1215,HDMI Cable,3,7.65,India
INV503178,2025-01-07 00:00:00,CUST1321,Smartwatch Strap,1,13.91,India
INV503178,2025-01-07 00:00:00,CUST1321,Wireless Mouse,4,18.85,India
INV503598,2025-01-07 00:00:00,CUST1366,Wireless Mouse,2,15.82,India
INV503827,2025-01-07 00:00:00,CUST1391,Mini Tripod,3,11.99,India
INV500192,2025-01-08 00:00:00,CUST1016,Desk Lamp,1,21.75,India
INV500192,2025-01-08 00:00:00,CUST1016,Phone Case,1,8.47,Singapore
INV500192,2025-01-08 00:00:00,CUST1016,Webcam,3,38.16,India
INV500392,2025-01-08 00:00:00,CUST1037,Backpack,3,38.16,India
INV500392,2025-01-08 00:00:00,CUST1037,Mini Tripod,2,11.38,UAE
INV500840,2025-01-08 00:00:00,CUST1083,HDMI Cable,2,7.04,United Kingdom
INV500890,2025-01-08 00:00:00,CUST1089,Portable SSD,6,110.72,Singapore
INV500978,2025-01-08 00:00:00,CUST1096,Power Bank,2,25.31,India
INV500978,2025-01-08 00:00:00,CUST1096,HDMI Cable,3,7.42,India
INV501117,2025-01-08 00:00:00,CUST1110,Mini Tripod,1,11.51,Singapore
INV501117,2025-01-08 00:00:00,CUST1110,Wireless Mouse,2,18.07,India
INV501410,2025-01-08 00:00:00,CUST1140,Water Bottle,3,17.67,India
INV501410,2025-01-08 00:00:00,CUST1140,Portable SSD,3,108.03,Singapore
INV501611,2025-01-08 00:00:00,CUST1163,Bluetooth Speaker,4,38.47,United Kingdom
INV501611,2025-01-08 00:00:00,CUST1163,Laptop Stand,4,31.91,United Kingdom
INV501722,2025-01-08 00:00:00,CUST1172,Backpack,1,29.16,India
INV501722,2025-01-08 00:00:00,CUST1172,Bluetooth Speaker,2,29.9,India
INV501755,2025-01-08 00:00:00,CUST1176,Wireless Mouse,1,16.26,India
INV501755,2025-01-08 00:00:00,CUST1176,Smartwatch Strap,3,11.51,India
INV501755,2025-01-08 00:00:00,CUST1176,Fitness Band,2,29.43,India
INV501959,2025-01-08 00:00:00,CUST1196,Mechanical Keyboard,3,56.49,United Kingdom
INV502165,2025-01-08 00:00:00,CUST1216,HDMI Cable,1,10.6,India
INV502165,2025-01-08 00:00:00,CUST1216,Fitness Band,4,40.23,India
INV502619,2025-01-08 00:00:00,CUST1267,Mechanical Keyboard,2,59.32,Singapore
INV502619,2025-01-08 00:00:00,CUST1267,Laptop Stand,2,30.79,Singapore
INV502619,2025-01-08 00:00:00,CUST1267,Water Bottle,2,14.17,India
INV502651,2025-01-08 00:00:00,CUST1271,Water Bottle,3,12.99,India
INV502651,2025-01-08 00:00:00,CUST1271,USB-C Hub,3,27.05,India
INV502651,2025-01-08 00:00:00,CUST1271,Mechanical Keyboard,3,51.2,India
INV502652,2025-01-08 00:00:00,CUST1271,Laptop Stand,1,31.78,UAE
INV502652,2025-01-08 00:00:00,CUST1271,Headphones,3,49.53,India
INV502652,2025-01-08 00:00:00,CUST1271,Notebook Set,3,7.22,UAE
INV502958,2025-01-08 00:00:00,CUST1299,HDMI Cable,6,12.95,India
INV502958,2025-01-08 00:00:00,CUST1299,Gaming Mouse Pad,4,21.86,United Kingdom
INV502958,2025-01-08 00:00:00,CUST1299,Mechanical Keyboard,6,73.91,Singapore
INV503057,2025-01-08 00:00:00,CUST1308,Bluetooth Speaker,4,38.18,India
INV503057,2025-01-08 00:00:00,CUST1308,Notebook Set,3,6.6,UAE
INV503057,2025-01-08 00:00:00,CUST1308,Phone Case,4,9.94,India
INV503585,2025-01-08 00:00:00,CUST1364,Fitness Band,2,27.27,United Kingdom
INV500281,2025-01-09 00:00:00,CUST1026,Backpack,2,39.16,India
INV500281,2025-01-09 00:00:00,CUST1026,Water Bottle,2,14.75,India
INV500281,2025-01-09 00:00:00,CUST1026,Fitness Band,4,33.21,Singapore
INV500295,2025-01-09 00:00:00,CUST1027,Backpack,2,44.89,United Kingdom
INV500832,2025-01-09 00:00:00,CUST1082,Bluetooth Speaker,1,36.36,United Kingdom
INV500832,2025-01-09 00:00:00,CUST1082,Notebook Set,4,8.08,UAE
INV501477,2025-01-09 00:00:00,CUST1147,Phone Case,3,7.67,India
INV501477,2025-01-09 00:00:00,CUST1147,Laptop Stand,3,24.32,India
INV502040,2025-01-09 00:00:00,CUST1204,Webcam,3,47.52,UAE
INV502040,2025-01-09 00:00:00,CUST1204,Wireless Mouse,2,19.44,United Kingdom
INV502040,2025-01-09 00:00:00,CUST1204,USB-C Hub,2,31.45,UAE
INV502647,2025-01-09 00:00:00,CUST1270,Mechanical Keyboard,2,75.59,United Kingdom
INV502647,2025-01-09 00:00:00,CUST1270,USB-C Hub,4,39.62,India
INV502647,2025-01-09 00:00:00,CUST1270,Phone Case,3,13.01,Singapore
INV502998,2025-01-09 00:00:00,CUST1303,Bluetooth Speaker,2,42.65,India
INV502998,2025-01-09 00:00:00,CUST1303,Power Bank,4,30.72,United Kingdom
INV502998,2025-01-09 00:00:00,CUST1303,Headphones,3,46.94,India
INV503384,2025-01-09 00:00:00,CUST1342,Smartwatch Strap,4,11.25,India
INV503655,2025-01-09 00:00:00,CUST1373,Headphones,1,47.71,UAE
INV503655,2025-01-09 00:00:00,CUST1373,Wireless Mouse,3,17.78,India
INV503655,2025-01-09 00:00:00,CUST1373,Smartwatch Strap,2,10.84,Singapore
INV503754,2025-01-09 00:00:00,CUST1384,Power Bank,3,27.6,India
INV500047,2025-01-10 00:00:00,CUST1004,Wireless Mouse,2,19.1,UAE
INV500047,2025-01-10 00:00:00,CUST1004,Webcam,1,45.7,India
INV500421,2025-01-10 00:00:00,CUST1042,Water Bottle,4,21.47,India
INV500553,2025-01-10 00:00:00,CUST1050,Bluetooth Speaker,1,43.45,India
INV500553,2025-01-10 00:00:00,CUST1050,Laptop Stand,4,33.31,United Kingdom
INV500553,2025-01-10 00:00:00,CUST1050,Smartwatch Strap,1,13.55,India
INV500627,2025-01-10 00:00:00,CUST1059,Power Bank,3,28.78,Singapore
INV500627,2025-01-10 00:00:00,CUST1059,Notebook Set,2,7.96,India
INV500627,2025-01-10 00:00:00,CUST1059,Headphones,2,51.76,Singapore
INV500741,2025-01-10 00:00:00,CUST1073,Gaming Mouse Pad,1,16.12,India
INV501007,2025-01-10 00:00:00,CUST1100,Portable SSD,3,101.9,India
INV501007,2025-01-10 00:00:00,CUST1100,Backpack,1,42.23,Singapore
INV501007,2025-01-10 00:00:00,CUST1100,Headphones,2,50.06,India
INV501137,2025-01-10 00:00:00,CUST1113,Wireless Mouse,1,17.43,United Kingdom
INV501137,2025-01-10 00:00:00,CUST1113,HDMI Cable,2,8.65,India
INV501204,2025-01-10 00:00:00,CUST1123,Desk Lamp,1,23.83,Singapore
INV501204,2025-01-10 00:00:00,CUST1123,Desk Lamp,1,26.56,India
INV501353,2025-01-10 00:00:00,CUST1135,Power Bank,3,35.9,UAE
INV501353,2025-01-10 00:00:00,CUST1135,Water Bottle,2,16.11,UAE
INV501565,2025-01-10 00:00:00,CUST1159,Webcam,2,49.1,India
INV501565,2025-01-10 00:00:00,CUST1159,Mini Tripod,3,13.33,Singapore
INV501565,2025-01-10 00:00:00,CUST1159,Laptop Stand,3,35.23,Singapore
INV501741,2025-01-10 00:00:00,CUST1175,Power Bank,1,26.0,Singapore
INV502132,2025-01-10 00:00:00,CUST1213,Laptop Stand,3,29.2,Singapore
INV502132,2025-01-10 00:00:00,CUST1213,Mechanical Keyboard,4,52.8,United Kingdom
INV502132,2025-01-10 00:00:00,CUST1213,Fitness Band,2,30.53,United Kingdom
INV502373,2025-01-10 00:00:00,CUST1239,Power Bank,3,26.22,India
INV502373,2025-01-10 00:00:00,CUST1239,Smartwatch Strap,1,11.89,India
INV502373,2025-01-10 00:00:00,CUST1239,Portable SSD,1,82.7,India
INV502390,2025-01-10 00:00:00,CUST1241,Desk Lamp,1,25.54,India
INV502390,2025-01-10 00:00:00,CUST1241,Fitness Band,1,30.05,United Kingdom
INV502390,2025-01-10 00:00:00,CUST1241,Gaming Mouse Pad,1,15.02,India
INV502559,2025-01-10 00:00:00,CUST1260,HDMI Cable,4,8.81,Singapore
INV502559,2025-01-10 00:00:00,CUST1260,Mechanical Keyboard,2,55.16,India
INV502559,2025-01-10 00:00:00,CUST1260,Desk Lamp,4,25.14,India
INV502706,2025-01-10 00:00:00,CUST1276,Fitness Band,4,44.18,India
INV503194,2025-01-10 00:00:00,CUST1323,Bluetooth Speaker,1,38.69,India
INV503194,2025-01-10 00:00:00,CUST1323,Smartwatch Strap,4,13.5,India
INV503548,2025-01-10 00:00:00,CUST1359,Portable SSD,4,118.18,United Kingdom
INV503548,2025-01-10 00:00:00,CUST1359,Wireless Mouse,2,26.76,UAE
INV500228,2025-01-11 00:00:00,CUST1020,Desk Lamp,3,31.54,Singapore
INV500228,2025-01-11 00:00:00,CUST1020,Webcam,3,55.21,United Kingdom
INV500819,2025-01-11 00:00:00,CUST1080,Wireless Mouse,2,19.33,India
INV500819,2025-01-11 00:00:00,CUST1080,Backpack,3,33.98,India
INV500819,2025-01-11 00:00:00,CUST1080,Portable SSD,1,86.19,United Kingdom
INV500848,2025-01-11 00:00:00,CUST1084,Bluetooth Speaker,3,38.46,Singapore
INV501969,2025-01-11 00:00:00,CUST1197,Portable SSD,1,77.88,Singapore
INV501969,2025-01-11 00:00:00,CUST1197,Backpack,2,32.17,India
INV503091,2025-01-11 00:00:00,CUST1311,Phone Case,4,10.75,India
INV503091,2025-01-11 00:00:00,CUST1311,Wireless Mouse,1,19.27,India
INV503091,2025-01-11 00:00:00,CUST1311,Webcam,2,44.27,India
INV503258,2025-01-11 00:00:00,CUST1328,Webcam,2,46.65,India
INV503258,2025-01-11 00:00:00,CUST1328,Headphones,4,46.23,India
INV503398,2025-01-11 00:00:00,CUST1343,Notebook Set,3,9.55,UAE
INV503398,2025-01-11 00:00:00,CUST1343,Webcam,2,53.87,India
INV503398,2025-01-11 00:00:00,CUST1343,Desk Lamp,6,27.78,India
INV503908,2025-01-11 00:00:00,CUST1400,Mini Tripod,4,9.84,India
INV500461,2025-01-12 00:00:00,CUST1044,Portable SSD,1,77.76,UAE
INV500461,2025-01-12 00:00:00,CUST1044,Gaming Mouse Pad,2,13.78,United Kingdom
INV500730,2025-01-12 00:00:00,CUST1072,Mini Tripod,4,11.44,India
INV500730,2025-01-12 00:00:00,CUST1072,Mini Tripod,2,11.18,India
INV501278,2025-01-12 00:00:00,CUST1129,Mechanical Keyboard,4,57.01,Singapore
INV501929,2025-01-12 00:00:00,CUST1192,Power Bank,2,33.75,Singapore
INV502166,2025-01-12 00:00:00,CUST1216,Desk Lamp,3,24.27,India
INV502166,2025-01-12 00:00:00,CUST1216,Gaming Mouse Pad,4,16.31,India
INV502166,2025-01-12 00:00:00,CUST1216,Water Bottle,4,16.67,India
INV502340,2025-01-12 00:00:00,CUST1236,Smartwatch Strap,5,20.19,India
INV502340,2025-01-12 00:00:00,CUST1236,Power Bank,2,43.25,Singapore
INV502465,2025-01-12 00:00:00,CUST1251,Mini Tripod,4,13.6,India
INV502465,2025-01-12 00:00:00,CUST1251,Fitness Band,3,36.59,UAE
INV502465,2025-01-12 00:00:00,CUST1251,HDMI Cable,2,9.77,India
INV502523,2025-01-12 00:00:00,CUST1257,Webcam,2,60.99,India
INV502725,2025-01-12 00:00:00,CUST1277,Bluetooth Speaker,6,51.02,India
INV502725,2025-01-12 00:00:00,CUST1277,Wireless Mouse,3,23.17,India
INV503646,2025-01-12 00:00:00,CUST1372,Water Bottle,2,15.05,India
INV503646,2025-01-12 00:00:00,CUST1372,Headphones,2,51.49,United Kingdom
INV503797,2025-01-12 00:00:00,CUST1387,Mechanical Keyboard,4,80.07,UAE
INV503797,2025-01-12 00:00:00,CUST1387,Smartwatch Strap,4,20.37,United Kingdom
INV503797,2025-01-12 00:00:00,CUST1387,Headphones,6,75.84,UAE
INV500206,2025-01-13 00:00:00,CUST1017,Laptop Stand,2,35.67,UAE
INV500206,2025-01-13 00:00:00,CUST1017,Smartwatch Strap,2,12.96,India
INV500857,2025-01-13 00:00:00,CUST1085,Portable SSD,3,77.68,India
INV500857,2025-01-13 00:00:00,CUST1085,Mini Tripod,4,10.2,India
INV501092,2025-01-13 00:00:00,CUST1108,Portable SSD,2,92.43,United Kingdom
INV501092,2025-01-13 00:00:00,CUST1108,Portable SSD,2,94.64,United Kingdom
INV501448,2025-01-13 00:00:00,CUST1144,Fitness Band,2,27.9,India
INV501751,2025-01-13 00:00:00,CUST1176,Fitness Band,3,32.52,UAE
INV501751,2025-01-13 00:00:00,CUST1176,Webcam,4,40.4,United Kingdom
INV501821,2025-01-13 00:00:00,CUST1181,Webcam,2,44.03,India
INV501821,2025-01-13 00:00:00,CUST1181,Webcam,3,45.22,UAE
INV502220,2025-01-13 00:00:00,CUST1224,Mechanical Keyboard,3,42.43,India
INV502220,2025-01-13 00:00:00,CUST1224,Wireless Mouse,1,14.05,United Kingdom
INV502475,2025-01-13 00:00:00,CUST1252,Desk Lamp,1,20.71,UAE
INV502475,2025-01-13 00:00:00,CUST1252,Portable SSD,3,79.76,India
INV502475,2025-01-13 00:00:00,CUST1252,Power Bank,1,26.24,India
INV503031,2025-01-13 00:00:00,,Webcam,2,67.17,United Kingdom
INV503201,2025-01-13 00:00:00,CUST1323,Mechanical Keyboard,1,53.74,India
INV503740,2025-01-13 00:00:00,CUST1382,Power Bank,4,27.88,India
INV500614,2025-01-14 00:00:00,CUST1057,Backpack,1,36.58,India
INV500614,2025-01-14 00:00:00,CUST1057,USB-C Hub,3,29.36,India
INV500839,2025-01-14 00:00:00,CUST1082,Mini Tripod,2,11.97,India
INV501355,2025-01-14 00:00:00,CUST1135,Wireless Mouse,5,20.99,India
INV501355,2025-01-14 00:00:00,CUST1135,USB-C Hub,3,34.57,United Kingdom
INV501355,2025-01-14 00:00:00,CUST1135,Gaming Mouse Pad,4,18.27,UAE
INV501439,2025-01-14 00:00:00,CUST1143,Portable SSD,4,110.13,India
INV501892,2025-01-14 00:00:00,CUST1189,Fitness Band,3,37.35,India
INV501892,2025-01-14 00:00:00,CUST1189,Fitness Band,4,31.91,India
INV501949,2025-01-14 00:00:00,CUST1195,Phone Case,3,9.87,India
INV502211,2025-01-14 00:00:00,CUST1222,Notebook Set,1,8.41,UAE
INV502670,2025-01-14 00:00:00,CUST1273,Mini Tripod,3,10.81,India
INV502670,2025-01-14 00:00:00,CUST1273,Smartwatch Strap,2,12.44,United Kingdom
INV503189,2025-01-14 00:00:00,CUST1322,Gaming Mouse Pad,2,16.69,Singapore
INV503449,2025-01-14 00:00:00,CUST1350,Phone Case,3,10.12,United Kingdom
INV503449,2025-01-14 00:00:00,CUST1350,Notebook Set,4,8.56,India
INV503449,2025-01-14 00:00:00,CUST1350,Smartwatch Strap,2,12.38,India
INV500610,2025-01-15 00:00:00,CUST1057,HDMI Cable,2,7.95,India
INV500731,2025-01-15 00:00:00,CUST1072,Smartwatch Strap,3,12.17,UAE
INV500731,2025-01-15 00:00:00,CUST1072,Wireless Mouse,3,20.42,India
INV500731,2025-01-15 00:00:00,CUST1072,Wireless Mouse,4,20.26,UAE
INV500739,2025-01-15 00:00:00,CUST1073,Mechanical Keyboard,4,54.94,Singapore
INV500800,2025-01-15 00:00:00,CUST1079,Bluetooth Speaker,2,39.84,India
INV500800,2025-01-15 00:00:00,CUST1079,Water Bottle,4,13.85,India
INV500800,2025-01-15 00:00:00,CUST1079,Mechanical Keyboard,4,56.48,UAE
INV500822,2025-01-15 00:00:00,CUST1081,Backpack,3,41.53,India
INV500822,2025-01-15 00:00:00,CUST1081,Mechanical Keyboard,3,57.19,Singapore
INV501206,2025-01-15 00:00:00,CUST1123,Webcam,3,44.91,India
INV501535,2025-01-15 00:00:00,CUST1155,Charging Cable,3,9.54,India
INV501623,2025-01-15 00:00:00,CUST1164,Webcam,1,40.73,United Kingdom
INV501623,2025-01-15 00:00:00,CUST1164,USB-C Hub,1,25.46,India
INV501623,2025-01-15 00:00:00,CUST1164,USB-C Hub,2,25.66,India
INV503101,2025-01-15 00:00:00,CUST1313,Portable SSD,1,92.57,India
INV503101,2025-01-15 00:00:00,CUST1313,Fitness Band,1,36.98,Singapore
INV503101,2025-01-15 00:00:00,CUST1313,Water Bottle,1,15.47,India
INV503507,2025-01-15 00:00:00,CUST1356,Bluetooth Speaker,4,42.56,Singapore
INV503507,2025-01-15 00:00:00,CUST1356,Webcam,1,44.47,UAE
INV503895,2025-01-15 00:00:00,CUST1398,Bluetooth Speaker,1,38.64,India
INV503895,2025-01-15 00:00:00,CUST1398,Notebook Set,3,7.07,India
INV501612,2025-01-16 00:00:00,CUST1163,Wireless Mouse,3,18.19,India
INV501612,2025-01-16 00:00:00,CUST1163,HDMI Cable,3,8.45,India
INV501622,2025-01-16 00:00:00,CUST1164,Bluetooth Speaker,3,33.88,India
INV501622,2025-01-16 00:00:00,CUST1164,HDMI Cable,2,8.21,India
INV501622,2025-01-16 00:00:00,CUST1164,Gaming Mouse Pad,1,15.01,India
INV502805,2025-01-16 00:00:00,CUST1286,HDMI Cable,1,8.35,Singapore
INV503054,2025-01-16 00:00:00,CUST1307,Smartwatch Strap,1,12.06,India
INV503054,2025-01-16 00:00:00,CUST1307,Bluetooth Speaker,4,38.76,India
INV503097,2025-01-16 00:00:00,CUST1312,Water Bottle,4,13.53,Singapore
INV503097,2025-01-16 00:00:00,CUST1312,HDMI Cable,2,8.86,Singapore
INV503097,2025-01-16 00:00:00,CUST1312,Smartwatch Strap,4,13.18,India
INV503172,2025-01-16 00:00:00,CUST1320,Power Bank,3,28.44,India
INV503172,2025-01-16 00:00:00,CUST1320,HDMI Cable,2,9.82,India
INV503417,2025-01-16 00:00:00,CUST1346,Desk Lamp,3,21.29,Singapore
INV500043,2025-01-17 00:00:00,CUST1004,Phone Case,4,9.9,Singapore
INV501635,2025-01-17 00:00:00,CUST1166,Backpack,2,58.56,India
INV501635,2025-01-17 00:00:00,CUST1166,Mechanical Keyboard,2,79.16,United Kingdom
INV501749,2025-01-17 00:00:00,CUST1176,Water Bottle,4,14.3,UAE
INV501749,2025-01-17 00:00:00,CUST1176,HDMI Cable,2,8.01,India
INV501749,2025-01-17 00:00:00,CUST1176,USB-C Hub,1,29.11,United Kingdom
INV502909,2025-01-17 00:00:00,CUST1295,Mechanical Keyboard,2,48.93,United Kingdom
INV502909,2025-01-17 00:00:00,CUST1295,Power Bank,2,25.41,UAE
INV502909,2025-01-17 00:00:00,CUST1295,Desk Lamp,1,20.7,India
INV502985,2025-01-17 00:00:00,CUST1301,Power Bank,4,26.36,India
INV502985,2025-01-17 00:00:00,CUST1301,Notebook Set,4,6.07,India
INV502985,2025-01-17 00:00:00,CUST1301,Notebook Set,1,7.11,United Kingdom
INV503421,2025-01-17 00:00:00,CUST1346,Gaming Mouse Pad,3,15.69,Singapore
INV503421,2025-01-17 00:00:00,CUST1346,Water Bottle,1,14.08,UAE
INV503828,2025-01-17 00:00:00,CUST1392,Laptop Stand,3,27.48,UAE
INV500258,2025-01-18 00:00:00,CUST1023,Mechanical Keyboard,2,60.52,Singapore
INV500637,2025-01-18 00:00:00,CUST1060,Mini Tripod,1,11.58,Singapore
INV501186,2025-01-18 00:00:00,CUST1120,Phone Case,1,12.05,India
INV501186,2025-01-18 00:00:00,CUST1120,Power Bank,3,30.18,India
INV502934,2025-01-18 00:00:00,CUST1298,Backpack,4,47.11,India
INV502934,2025-01-18 00:00:00,CUST1298,Smartwatch Strap,4,16.96,UAE
INV502934,2025-01-18 00:00:00,CUST1298,Notebook Set,2,9.38,India
INV503463,2025-01-18 00:00:00,CUST1351,Smartwatch Strap,2,12.24,India
INV500251,2025-01-19 00:00:00,CUST1023,USB-C Hub,1,38.01,Singapore
INV500251,2025-01-19 00:00:00,CUST1023,HDMI Cable,4,10.82,India
INV500413,2025-01-19 00:00:00,CUST1041,Notebook Set,2,7.02,United Kingdom
INV500930,2025-01-19 00:00:00,CUST1091,Notebook Set,6,9.22,United Kingdom
INV501389,2025-01-19 00:00:00,CUST1138,Mechanical Keyboard,2,45.81,India
INV501389,2025-01-19 00:00:00,CUST1138,Fitness Band,3,30.82,India
INV501389,2025-01-19 00:00:00,CUST1138,Desk Lamp,3,21.37,India
INV502021,2025-01-19 00:00:00,CUST1202,Power Bank,3,26.77,India
INV502356,2025-01-19 00:00:00,CUST1237,Backpack,4,43.36,India
INV502447,2025-01-19 00:00:00,CUST1249,Mechanical Keyboard,2,58.48,Singapore
INV502447,2025-01-19 00:00:00,CUST1249,Fitness Band,2,35.04,India
INV502447,2025-01-19 00:00:00,CUST1249,Charging Cable,1,6.88,UAE
INV503020,2025-01-19 00:00:00,CUST1305,Fitness Band,6,48.61,United Kingdom
INV503708,2025-01-19 00:00:00,CUST1378,Backpack,1,41.37,UAE
INV501899,2025-01-20 00:00:00,CUST1189,Portable SSD,2,94.21,India
INV502231,2025-01-20 00:00:00,CUST1225,Smartwatch Strap,6,20.36,UAE
INV502231,2025-01-20 00:00:00,CUST1225,Wireless Mouse,5,28.49,India
INV502527,2025-01-20 00:00:00,CUST1257,Backpack,3,57.67,India
INV502527,2025-01-20 00:00:00,CUST1257,Laptop Stand,2,45.5,India
INV502979,2025-01-20 00:00:00,CUST1300,Phone Case,2,9.56,India
INV502979,2025-01-20 00:00:00,CUST1300,Webcam,1,42.87,India
INV503168,2025-01-20 00:00:00,CUST1319,Power Bank,4,25.97,United Kingdom
INV500042,2025-01-21 00:00:00,CUST1004,Desk Lamp,3,24.16,India
INV500042,2025-01-21 00:00:00,CUST1004,Portable SSD,2,90.35,India
INV500042,2025-01-21 00:00:00,CUST1004,Backpack,2,42.64,United Kingdom
INV503660,2025-01-21 00:00:00,CUST1375,Gaming Mouse Pad,1,19.48,India
INV500400,2025-01-22 00:00:00,CUST1038,Laptop Stand,1,29.65,UAE
INV500586,2025-01-22 00:00:00,CUST1053,Gaming Mouse Pad,3,19.8,India
INV500586,2025-01-22 00:00:00,CUST1053,Portable SSD,3,115.61,Singapore
INV500586,2025-01-22 00:00:00,CUST1053,Mini Tripod,2,14.85,UAE
INV501020,2025-01-22 00:00:00,CUST1101,USB-C Hub,6,44.12,Singapore
INV501020,2025-01-22 00:00:00,CUST1101,HDMI Cable,6,12.89,India
INV501167,2025-01-22 00:00:00,CUST1117,Webcam,2,43.32,Singapore
INV501167,2025-01-22 00:00:00,CUST1117,Backpack,3,37.26,India
INV501167,2025-01-22 00:00:00,CUST1117,Power Bank,3,24.36,India
INV501885,2025-01-22 00:00:00,CUST1188,Webcam,1,44.35,India
INV501885,2025-01-22 00:00:00,CUST1188,Desk Lamp,4,21.2,India
INV501885,2025-01-22 00:00:00,CUST1188,Headphones,2,47.43,India
INV502817,2025-01-22 00:00:00,CUST1287,Gaming Mouse Pad,1,17.53,Singapore
INV502818,2025-01-22 00:00:00,CUST1287,Fitness Band,2,33.79,India
INV503208,2025-01-22 00:00:00,CUST1324,Fitness Band,1,31.72,UAE
INV503208,2025-01-22 00:00:00,CUST1324,Notebook Set,3,8.01,India
INV500483,2025-01-23 00:00:00,CUST1045,,2,50.02,India
INV500923,2025-01-23 00:00:00,CUST1091,Mini Tripod,4,15.54,India
INV500923,2025-01-23 00:00:00,CUST1091,Bluetooth Speaker,5,51.62,India
INV501125,2025-01-23 00:00:00,CUST1112,Notebook Set,3,7.81,India
INV501125,2025-01-23 00:00:00,CUST1112,Bluetooth Speaker,3,38.89,India
INV502435,2025-01-23 00:00:00,CUST1248,Notebook Set,4,7.01,India
INV502893,2025-01-23 00:00:00,CUST1293,Wireless Mouse,1,15.49,India
INV502674,2025-01-24 00:00:00,CUST1274,Wireless Mouse,1,20.86,India
INV502674,2025-01-24 00:00:00,CUST1274,Smartwatch Strap,3,12.86,India
INV502674,2025-01-24 00:00:00,CUST1274,HDMI Cable,3,9.42,UAE
INV502793,2025-01-24 00:00:00,CUST1285,Desk Lamp,4,24.93,India
INV500196,2025-01-25 00:00:00,CUST1016,Bluetooth Speaker,1,33.15,India
INV500196,2025-01-25 00:00:00,CUST1016,Portable SSD,1,70.59,India
INV501419,2025-01-25 00:00:00,CUST1141,Webcam,1,44.55,United Kingdom
INV501419,2025-01-25 00:00:00,CUST1141,Water Bottle,3,13.86,India
INV501820,2025-01-25 00:00:00,CUST1181,Webcam,1,45.61,India
INV502005,2025-01-25 00:00:00,CUST1199,Phone Case,1,9.1,India
INV502218,2025-01-25 00:00:00,CUST1224,Mini Tripod,2,8.35,India
INV502218,2025-01-25 00:00:00,CUST1224,Backpack,1,32.48,India
INV502218,2025-01-25 00:00:00,CUST1224,Charging Cable,1,5.08,India
INV502345,2025-01-25 00:00:00,CUST1236,Smartwatch Strap,3,17.55,India
INV502345,2025-01-25 00:00:00,CUST1236,Phone Case,5,16.07,UAE
INV502404,2025-01-25 00:00:00,CUST1244,Laptop Stand,1,30.2,Singapore
INV502404,2025-01-25 00:00:00,CUST1244,Bluetooth Speaker,2,36.79,United Kingdom
INV502404,2025-01-25 00:00:00,CUST1244,Webcam,2,40.84,India
INV503369,2025-01-25 00:00:00,CUST1340,Mini Tripod,2,15.16,UAE
INV503369,2025-01-25 00:00:00,CUST1340,Power Bank,2,34.8,India
INV503369,2025-01-25 00:00:00,CUST1340,Gaming Mouse Pad,4,19.31,India
INV503633,2025-01-25 00:00:00,CUST1370,Mechanical Keyboard,2,49.31,Singapore
INV503657,2025-01-25 00:00:00,CUST1374,HDMI Cable,2,7.44,India
INV503657,2025-01-25 00:00:00,CUST1374,Desk Lamp,1,20.55,UAE
INV503657,2025-01-25 00:00:00,CUST1374,Mechanical Keyboard,1,47.24,India
INV503699,2025-01-25 00:00:00,CUST1377,Portable SSD,3,91.74,India
INV503699,2025-01-25 00:00:00,CUST1377,Notebook Set,2,7.48,India
INV503699,2025-01-25 00:00:00,CUST1377,USB-C Hub,1,30.38,India
INV500380,2025-01-26 00:00:00,CUST1035,Charging Cable,2,8.01,Singapore
INV500380,2025-01-26 00:00:00,CUST1035,Bluetooth Speaker,3,43.44,UAE
INV500985,2025-01-26 00:00:00,CUST1096,Charging Cable,3,6.62,United Kingdom
INV502120,2025-01-26 00:00:00,CUST1210,Smartwatch Strap,3,12.8,India
INV502187,2025-01-26 00:00:00,CUST1219,Backpack,4,36.99,United Kingdom
INV502187,2025-01-26 00:00:00,CUST1219,Mechanical Keyboard,2,61.07,India
INV502510,2025-01-26 00:00:00,CUST1256,Backpack,3,34.22,India
INV502566,2025-01-26 00:00:00,CUST1261,Bluetooth Speaker,3,45.03,United Kingdom
INV502566,2025-01-26 00:00:00,CUST1261,Power Bank,1,28.78,India
INV502566,2025-01-26 00:00:00,CUST1261,Fitness Band,4,38.79,Singapore
INV503004,2025-01-26 00:00:00,CUST1303,Fitness Band,1,32.58,India
INV503004,2025-01-26 00:00:00,CUST1303,Phone Case,1,10.69,india
INV503592,2025-01-26 00:00:00,CUST1365,Power Bank,1,23.96,United Kingdom
INV503592,2025-01-26 00:00:00,CUST1365,USB-C Hub,2,26.74,India
INV503818,2025-01-26 00:00:00,CUST1390,USB-C Hub,3,28.24,India
INV500151,2025-01-27 00:00:00,CUST1012,Mechanical Keyboard,2,54.97,India
INV500774,2025-01-27 00:00:00,CUST1076,Bluetooth Speaker,4,36.05,UAE
INV501625,2025-01-27 00:00:00,CUST1164,Water Bottle,4,12.52,India
INV502419,2025-01-27 00:00:00,CUST1247,HDMI Cable,1,10.35,India
INV502419,2025-01-27 00:00:00,CUST1247,USB-C Hub,4,34.52,India
INV500343,2025-01-28 00:00:00,CUST1028,Notebook Set,2,11.21,United Kingdom
INV500343,2025-01-28 00:00:00,CUST1028,Portable SSD,6,128.23,UAE
INV500343,2025-01-28 00:00:00,CUST1028,Headphones,6,67.86,Singapore
INV500407,2025-01-28 00:00:00,CUST1039,Mini Tripod,2,12.97,UAE
INV500769,2025-01-28 00:00:00,CUST1076,Charging Cable,4,5.35,India
INV500769,2025-01-28 00:00:00,CUST1076,USB-C Hub,4,25.66,India
INV500769,2025-01-28 00:00:00,CUST1076,Desk Lamp,1,21.62,India
INV502105,2025-01-28 00:00:00,CUST1208,Bluetooth Speaker,5,52.27,United Kingdom
INV502249,2025-01-28 00:00:00,CUST1228,USB-C Hub,2,28.6,India
INV502249,2025-01-28 00:00:00,CUST1228,Desk Lamp,4,24.85,India
INV502586,2025-01-28 00:00:00,CUST1263,Bluetooth Speaker,2,48.13,India
INV503297,2025-01-28 00:00:00,CUST1333,Headphones,2,50.84,India
INV503297,2025-01-28 00:00:00,CUST1333,Bluetooth Speaker,1,39.1,India
INV503705,2025-01-28 00:00:00,CUST1378,Notebook Set,4,7.12,UAE
INV503705,2025-01-28 00:00:00,CUST1378,Desk Lamp,3,24.42,UAE
INV500933,2025-01-29 00:00:00,CUST1091,USB-C Hub,5,38.75,Singapore
INV501742,2025-01-29 00:00:00,CUST1175,Phone Case,3,10.29,United Kingdom
INV501742,2025-01-29 00:00:00,CUST1175,Backpack,4,38.71,India
INV503317,2025-01-29 00:00:00,CUST1335,Mini Tripod,2,11.84,Singapore
INV500837,2025-01-30 00:00:00,CUST1082,Wireless Mouse,4,18.91,United Kingdom
INV500837,2025-01-30 00:00:00,CUST1082,HDMI Cable,4,7.86,Singapore
INV500837,2025-01-30 00:00:00,CUST1082,Mini Tripod,1,12.21,India
INV501806,2025-01-30 00:00:00,CUST1179,Gaming Mouse Pad,2,17.51,United Kingdom
INV502093,2025-01-30 00:00:00,CUST1208,Desk Lamp,2,28.25,India
INV502093,2025-01-30 00:00:00,CUST1208,Phone Case,3,10.72,UAE
INV502093,2025-01-30 00:00:00,CUST1208,Backpack,3,42.42,India
INV502241,2025-01-30 00:00:00,CUST1226,Mechanical Keyboard,1,43.74,United Kingdom
INV502241,2025-01-30 00:00:00,CUST1226,Headphones,1,35.9,India
INV503339,2025-01-30 00:00:00,CUST1337,Phone Case,2,9.9,India
INV503339,2025-01-30 00:00:00,CUST1337,Headphones,4,56.73,Singapore
INV503339,2025-01-30 00:00:00,CUST1337,Fitness Band,1,37.27,United Kingdom
INV503345,2025-01-30 00:00:00,CUST1338,Notebook Set,3,6.99,India
INV503345,2025-01-30 00:00:00,CUST1338,Wireless Mouse,2,19.65,Singapore
INV503472,2025-01-30 00:00:00,CUST1353,Water Bottle,4,13.06,Singapore
INV503649,2025-01-30 00:00:00,CUST1372,Water Bottle,1,14.56,India
INV503649,2025-01-30 00:00:00,CUST1372,Backpack,3,38.41,United Kingdom
INV500677,2025-01-31 00:00:00,CUST1067,Power Bank,4,30.98,UAE
INV501280,2025-01-31 00:00:00,CUST1129,Notebook Set,1,8.41,India
INV501393,2025-01-31 00:00:00,CUST1139,Webcam,3,38.9,UAE
INV501393,2025-01-31 00:00:00,CUST1139,Water Bottle,3,12.98,India
INV501393,2025-01-31 00:00:00,CUST1139,Power Bank,2,25.48,India
INV503387,2025-01-31 00:00:00,CUST1342,Desk Lamp,4,24.13,Singapore
INV503751,2025-01-31 00:00:00,CUST1384,Gaming Mouse Pad,4,19.17,India
INV503751,2025-01-31 00:00:00,CUST1384,Wireless Mouse,1,19.15,United Kingdom
INV503751,2025-01-31 00:00:00,CUST1384,Charging Cable,4,7.63,India
INV500874,2025-02-01 00:00:00,CUST1087,Laptop Stand,1,36.59,United Kingdom
INV500874,2025-02-01 00:00:00,CUST1087,Notebook Set,3,8.24,Singapore
INV501016,2025-02-01 00:00:00,CUST1101,Wireless Mouse,2,26.32,Singapore
INV501016,2025-02-01 00:00:00,CUST1101,Webcam,2,64.3,India
INV501016,2025-02-01 00:00:00,CUST1101,Mini Tripod,6,18.65,India
INV501113,2025-02-01 00:00:00,CUST1110,Wireless Mouse,3,18.77,Singapore
INV501113,2025-02-01 00:00:00,CUST1110,Notebook Set,2,7.51,United Kingdom
INV501113,2025-02-01 00:00:00,CUST1110,Water Bottle,1,14.36,India
INV501181,2025-02-01 00:00:00,CUST1119,Smartwatch Strap,1,9.99,India
INV501878,2025-02-01 00:00:00,CUST1187,Headphones,3,50.72,Singapore
INV501878,2025-02-01 00:00:00,CUST1187,Mini Tripod,2,13.29,India
INV501878,2025-02-01 00:00:00,CUST1187,Mechanical Keyboard,2,52.12,India
INV501940,2025-02-01 00:00:00,CUST1193,HDMI Cable,3,8.01,India
INV501940,2025-02-01 00:00:00,CUST1193,Smartwatch Strap,3,13.25,United Kingdom
INV501940,2025-02-01 00:00:00,CUST1193,Notebook Set,2,7.29,United Kingdom
INV503135,2025-02-01 00:00:00,CUST1314,Wireless Mouse,2,30.72,India
INV503135,2025-02-01 00:00:00,CUST1314,USB-C Hub,3,46.53,Singapore
INV503135,2025-02-01 00:00:00,CUST1314,Water Bottle,5,19.28,United Kingdom
INV501065,2025-02-02 00:00:00,CUST1106,Wireless Mouse,2,0.0,United Kingdom
INV501065,2025-02-02 00:00:00,CUST1106,Headphones,3,50.92,India
INV501140,2025-02-02 00:00:00,CUST1113,Fitness Band,2,28.86,India
INV501140,2025-02-02 00:00:00,CUST1113,Mechanical Keyboard,1,56.24,India
INV501140,2025-02-02 00:00:00,,Water Bottle,1,14.63,UAE
INV501213,2025-02-02 00:00:00,CUST1125,HDMI Cable,3,12.24,India
INV503197,2025-02-02 00:00:00,CUST1323,Power Bank,4,27.82,UAE
INV503261,2025-02-02 00:00:00,CUST1328,Desk Lamp,3,26.24,UAE
INV503817,2025-02-02 00:00:00,CUST1390,HDMI Cable,2,7.88,India
INV500054,2025-02-03 00:00:00,CUST1005,Portable SSD,1,69.57,United Kingdom
INV500054,2025-02-03 00:00:00,CUST1005,Water Bottle,3,11.28,UAE
INV503462,2025-02-03 00:00:00,CUST1351,USB-C Hub,4,28.32,Singapore
INV503462,2025-02-03 00:00:00,CUST1351,Mini Tripod,2,12.75,UAE
INV501630,2025-02-04 00:00:00,CUST1165,Desk Lamp,3,25.25,India
INV501630,2025-02-04 00:00:00,CUST1165,Fitness Band,4,33.62,Singapore
INV501630,2025-02-04 00:00:00,CUST1165,Backpack,3,39.0,India
INV503290,2025-02-04 00:00:00,CUST1332,Mini Tripod,1,14.3,India
INV503290,2025-02-04 00:00:00,CUST1332,Power Bank,2,32.15,India
INV502440,2025-02-05 00:00:00,CUST1248,Headphones,3,47.1,UAE
INV502440,2025-02-05 00:00:00,CUST1248,HDMI Cable,4,7.9,India
INV503659,2025-02-05 00:00:00,CUST1375,Webcam,2,55.05,Singapore
INV503659,2025-02-05 00:00:00,CUST1375,Headphones,1,53.41,United Kingdom
INV500314,2025-02-06 00:00:00,CUST1027,Mini Tripod,6,13.81,India
INV501151,2025-02-06 00:00:00,CUST1114,Bluetooth Speaker,4,37.11,India
INV501151,2025-02-06 00:00:00,CUST1114,Mini Tripod,1,11.82,United Kingdom
INV501151,2025-02-06 00:00:00,CUST1114,Water Bottle,1,13.09,United Kingdom
INV501728,2025-02-06 00:00:00,CUST1173,Water Bottle,1,14.14,United Kingdom
INV501728,2025-02-06 00:00:00,CUST1173,Power Bank,4,28.81,United Kingdom
INV501728,2025-02-06 00:00:00,CUST1173,Laptop Stand,1,32.83,UAE
INV503185,2025-02-06 00:00:00,CUST1322,Bluetooth Speaker,2,41.78,Singapore
INV503329,2025-02-06 00:00:00,CUST1336,Mechanical Keyboard,2,56.32,India
INV502255,2025-02-07 00:00:00,CUST1228,Webcam,2,46.47,Singapore
INV502255,2025-02-07 00:00:00,CUST1228,Backpack,3,37.34,India
INV502255,2025-02-07 00:00:00,CUST1228,Gaming Mouse Pad,2,15.96,Singapore
INV502422,2025-02-07 00:00:00,CUST1247,Webcam,3,52.2,India
INV502422,2025-02-07 00:00:00,CUST1247,Water Bottle,2,17.38,Singapore
INV502422,2025-02-07 00:00:00,CUST1247,USB-C Hub,3,34.06,Singapore
INV500336,2025-02-08 00:00:00,CUST1028,Desk Lamp,6,34.25,UAE
INV500336,2025-02-08 00:00:00,CUST1028,Laptop Stand,2,49.07,India
INV500709,2025-02-08 00:00:00,CUST1069,Portable SSD,1,86.8,India
INV500709,2025-02-08 00:00:00,CUST1069,USB-C Hub,1,30.61,United Kingdom
INV500709,2025-02-08 00:00:00,CUST1069,Desk Lamp,4,27.35,Singapore
INV501373,2025-02-08 00:00:00,CUST1137,Laptop Stand,2,42.18,United Kingdom
INV501373,2025-02-08 00:00:00,CUST1137,Wireless Mouse,6,23.88,United Kingdom
INV501961,2025-02-08 00:00:00,CUST1196,Desk Lamp,4,24.46,UAE
INV502190,2025-02-08 00:00:00,CUST1220,Wireless Mouse,1,20.66,India
INV502190,2025-02-08 00:00:00,CUST1220,Smartwatch Strap,4,12.16,India
INV502190,2025-02-08 00:00:00,CUST1220,Bluetooth Speaker,3,40.56,India
INV502775,2025-02-08 00:00:00,CUST1282,Wireless Mouse,4,15.84,India
INV502775,2025-02-08 00:00:00,CUST1282,Phone Case,3,9.06,United Kingdom
INV502775,2025-02-08 00:00:00,CUST1282,Webcam,2,38.15,India
INV502791,2025-02-08 00:00:00,CUST1285,Charging Cable,3,6.39,India
INV502791,2025-02-08 00:00:00,CUST1285,Bluetooth Speaker,2,40.32,UAE
INV500396,2025-02-09 00:00:00,CUST1038,Smartwatch Strap,2,10.99,India
INV500396,2025-02-09 00:00:00,CUST1038,HDMI Cable,3,7.06,Singapore
INV500396,2025-02-09 00:00:00,CUST1038,Phone Case,1,8.56,India
INV501123,2025-02-09 00:00:00,CUST1111,Mechanical Keyboard,1,52.04,UAE
INV501123,2025-02-09 00:00:00,CUST1111,Bluetooth Speaker,4,35.0,United Kingdom
INV502316,2025-02-09 00:00:00,CUST1233,Notebook Set,2,7.19,UAE
INV502316,2025-02-09 00:00:00,CUST1233,Notebook Set,2,7.25,India
INV502922,2025-02-09 00:00:00,CUST1297,Portable SSD,3,113.74,India
INV502922,2025-02-09 00:00:00,CUST1297,HDMI Cable,3,10.87,United Kingdom
INV502922,2025-02-09 00:00:00,CUST1297,Charging Cable,4,7.74,India
INV503003,2025-02-09 00:00:00,CUST1303,Fitness Band,2,35.52,UAE
INV503184,2025-02-09 00:00:00,CUST1322,Portable SSD,3,100.87,India
INV500729,2025-02-10 00:00:00,CUST1072,Water Bottle,1,14.14,UAE
INV500729,2025-02-10 00:00:00,CUST1072,Charging Cable,2,6.08,Singapore
INV501331,2025-02-10 00:00:00,CUST1134,Notebook Set,3,8.65,India
INV501916,2025-02-10 00:00:00,CUST1190,Mechanical Keyboard,1,54.21,United Kingdom
INV501916,2025-02-10 00:00:00,CUST1190,Smartwatch Strap,2,11.79,UAE
INV501916,2025-02-10 00:00:00,CUST1190,USB-C Hub,2,32.6,India
INV502300,2025-02-10 00:00:00,CUST1232,Bluetooth Speaker,2,41.78,UAE
INV502300,2025-02-10 00:00:00,CUST1232,USB-C Hub,3,27.45,Singapore
INV502917,2025-02-10 00:00:00,CUST1297,Desk Lamp,3,28.31,India
INV502917,2025-02-10 00:00:00,CUST1297,Fitness Band,3,38.15,Singapore
INV502917,2025-02-10 00:00:00,CUST1297,Laptop Stand,1,41.77,India
INV503259,2025-02-10 00:00:00,CUST1328,Bluetooth Speaker,4,39.57,India
INV503532,2025-02-10 00:00:00,CUST1358,Wireless Mouse,3,17.25,India
INV503532,2025-02-10 00:00:00,CUST1358,HDMI Cable,2,9.08,UAE
INV503532,2025-02-10 00:00:00,CUST1358,Water Bottle,1,13.82,India
INV501971,2025-02-11 00:00:00,CUST1197,Webcam,3,41.85,India
INV501971,2025-02-11 00:00:00,CUST1197,Backpack,3,37.12,India
INV502313,2025-02-11 00:00:00,CUST1232,HDMI Cable,4,9.15,United Kingdom
INV502313,2025-02-11 00:00:00,CUST1232,Fitness Band,1,32.0,India
INV502313,2025-02-11 00:00:00,CUST1232,Mechanical Keyboard,4,55.6,India
INV503092,2025-02-11 00:00:00,CUST1312,Webcam,4,47.25,India
INV503309,2025-02-11 00:00:00,CUST1334,Mini Tripod,5,14.29,UAE
INV503820,2025-02-11 00:00:00,CUST1391,Webcam,2,42.47,India
INV503820,2025-02-11 00:00:00,CUST1391,Portable SSD,4,87.48,India
INV503820,2025-02-11 00:00:00,CUST1391,Fitness Band,4,31.42,India
INV503892,2025-02-11 00:00:00,CUST1398,Gaming Mouse Pad,1,14.34,UAE
INV503892,2025-02-11 00:00:00,CUST1398,Mini Tripod,1,10.89,India
INV503892,2025-02-11 00:00:00,CUST1398,Portable SSD,1,85.04,India
INV500792,2025-02-12 00:00:00,CUST1078,Notebook Set,3,6.43,United Kingdom
INV500792,2025-02-12 00:00:00,CUST1078,Mechanical Keyboard,2,52.68,UAE
INV500792,2025-02-12 00:00:00,CUST1078,Smartwatch Strap,4,11.34,India
INV501509,2025-02-12 00:00:00,CUST1150,Gaming Mouse Pad,1,14.84,India
INV501509,2025-02-12 00:00:00,CUST1150,Mini Tripod,2,9.72,India
INV501509,2025-02-12 00:00:00,CUST1150,Gaming Mouse Pad,2,15.54,India
INV501856,2025-02-12 00:00:00,CUST1185,Portable SSD,3,103.74,India
INV501856,2025-02-12 00:00:00,CUST1185,Phone Case,4,10.83,India
INV501856,2025-02-12 00:00:00,CUST1185,Phone Case,1,12.63,UAE
INV502896,2025-02-12 00:00:00,CUST1294,Water Bottle,3,13.3,India
INV502896,2025-02-12 00:00:00,CUST1294,Bluetooth Speaker,1,36.78,India
INV500869,2025-02-13 00:00:00,CUST1086,Headphones,4,42.48,India
INV500869,2025-02-13 00:00:00,CUST1086,Mechanical Keyboard,3,47.31,India
INV501053,2025-02-13 00:00:00,CUST1104,Smartwatch Strap,3,13.31,India
INV501053,2025-02-13 00:00:00,CUST1104,Gaming Mouse Pad,1,17.08,India
INV501719,2025-02-13 00:00:00,CUST1172,Phone Case,2,8.47,India
INV501719,2025-02-13 00:00:00,CUST1172,Mechanical Keyboard,1,45.58,India
INV502195,2025-02-13 00:00:00,CUST1220,Backpack,4,40.76,United Kingdom
INV502358,2025-02-13 00:00:00,CUST1237,Webcam,2,48.56,India
INV502358,2025-02-13 00:00:00,CUST1237,Water Bottle,4,13.84,India
INV502358,2025-02-13 00:00:00,CUST1237,Laptop Stand,1,35.85,India
INV500643,2025-02-14 00:00:00,CUST1061,Bluetooth Speaker,4,36.0,Singapore
INV503327,2025-02-14 00:00:00,CUST1336,Charging Cable,4,6.82,India
INV503327,2025-02-14 00:00:00,CUST1336,Water Bottle,2,15.01,Singapore
INV500524,2025-02-15 00:00:00,CUST1047,Phone Case,5,15.04,United Kingdom
INV500524,2025-02-15 00:00:00,CUST1047,Water Bottle,2,21.66,United Kingdom
INV500524,2025-02-15 00:00:00,CUST1047,Portable SSD,4,113.9,India
INV501414,2025-02-15 00:00:00,CUST1140,Charging Cable,2,7.72,India
INV502083,2025-02-15 00:00:00,CUST1207,Laptop Stand,3,40.14,India
INV500977,2025-02-16 00:00:00,CUST1096,Bluetooth Speaker,3,33.73,UAE
INV500977,2025-02-16 00:00:00,CUST1096,HDMI Cable,4,7.91,India
INV501454,2025-02-16 00:00:00,CUST1145,Portable SSD,3,90.9,UAE
INV501454,2025-02-16 00:00:00,CUST1145,Bluetooth Speaker,4,34.28,India
INV501454,2025-02-16 00:00:00,CUST1145,Water Bottle,3,14.27,India
INV501758,2025-02-16 00:00:00,CUST1176,Headphones,1,45.77,United Kingdom
INV503215,2025-02-16 00:00:00,CUST1325,Phone Case,4,15.24,UAE
INV503215,2025-02-16 00:00:00,CUST1325,Webcam,4,60.2,India
INV503470,2025-02-16 00:00:00,CUST1353,Mechanical Keyboard,1,51.13,UAE
INV503470,2025-02-16 00:00:00,CUST1353,Mini Tripod,1,10.86,UAE
INV503593,2025-02-16 00:00:00,CUST1365,Gaming Mouse Pad,4,16.81,India
INV503593,2025-02-16 00:00:00,CUST1365,Power Bank,1,29.05,UAE
INV501768,2025-02-17 00:00:00,CUST1177,Headphones,6,69.29,Singapore
INV501787,2025-02-17 00:00:00,CUST1178,Mini Tripod,3,11.05,India
INV501787,2025-02-17 00:00:00,CUST1178,Backpack,1,35.09,India
INV501789,2025-02-17 00:00:00,CUST1178,HDMI Cable,3,9.16,India
INV501789,2025-02-17 00:00:00,CUST1178,Power Bank,2,28.36,India
INV502976,2025-02-17 00:00:00,CUST1300,Fitness Band,1,30.23,India
INV502978,2025-02-17 00:00:00,CUST1300,Headphones,1,49.27,India
INV502978,2025-02-17 00:00:00,CUST1300,Mechanical Keyboard,4,56.72,India
INV502978,2025-02-17 00:00:00,CUST1300,Phone Case,1,10.61,India
INV500833,2025-02-18 00:00:00,CUST1082,Smartwatch Strap,4,12.28,UAE
INV502142,2025-02-18 00:00:00,CUST1213,USB-C Hub,3,28.8,India
INV502142,2025-02-18 00:00:00,CUST1213,Charging Cable,1,6.62,United Kingdom
INV502168,2025-02-18 00:00:00,CUST1216,Backpack,4,44.0,UAE
INV502279,2025-02-18 00:00:00,CUST1231,Fitness Band,3,41.47,Singapore
INV502279,2025-02-18 00:00:00,CUST1231,Laptop Stand,2,45.26,India
INV502279,2025-02-18 00:00:00,CUST1231,Mini Tripod,3,15.37,India
INV503879,2025-02-18 00:00:00,CUST1396,Headphones,3,47.59,India
INV501352,2025-02-19 00:00:00,CUST1135,Laptop Stand,2,40.51,United Kingdom
INV501352,2025-02-19 00:00:00,CUST1135,Mechanical Keyboard,2,70.83,India
INV501352,2025-02-19 00:00:00,CUST1135,Desk Lamp,5,27.71,United Kingdom
INV502363,2025-02-19 00:00:00,CUST1238,Portable SSD,2,100.89,United Kingdom
INV502363,2025-02-19 00:00:00,CUST1238,Gaming Mouse Pad,3,17.98,India
INV500410,2025-02-20 00:00:00,CUST1040,Mechanical Keyboard,2,50.14,India
INV500410,2025-02-20 00:00:00,CUST1040,Mechanical Keyboard,1,57.93,India
INV500410,2025-02-20 00:00:00,CUST1040,Laptop Stand,2,33.27,India
INV500737,2025-02-20 00:00:00,CUST1073,Portable SSD,2,100.85,Singapore
INV501451,2025-02-20 00:00:00,CUST1144,Portable SSD,4,82.73,India
INV502989,2025-02-20 00:00:00,CUST1301,Notebook Set,2,5.97,India
INV503379,2025-02-20 00:00:00,CUST1342,Smartwatch Strap,4,12.62,India
INV503379,2025-02-20 00:00:00,CUST1342,Webcam,2,40.08,India
INV500387,2025-02-21 00:00:00,CUST1036,Mini Tripod,2,12.53,India
INV500387,2025-02-21 00:00:00,CUST1036,Webcam,3,41.75,India
INV500449,2025-02-21 00:00:00,CUST1043,Fitness Band,4,33.71,India
INV500449,2025-02-21 00:00:00,CUST1043,Desk Lamp,1,27.09,India
INV500804,2025-02-21 00:00:00,CUST1079,HDMI Cable,4,8.42,UAE
INV500804,2025-02-21 00:00:00,CUST1079,Headphones,1,43.54,United Kingdom
INV501396,2025-02-21 00:00:00,CUST1140,Fitness Band,6,44.01,India
INV501396,2025-02-21 00:00:00,CUST1140,HDMI Cable,6,11.19,India
INV502456,2025-02-21 00:00:00,CUST1251,Headphones,2,48.83,India
INV502456,2025-02-21 00:00:00,CUST1251,Headphones,3,54.71,Singapore
INV502515,2025-02-21 00:00:00,CUST1256,Smartwatch Strap,3,11.57,India
INV502515,2025-02-21 00:00:00,CUST1256,Phone Case,4,9.87,United Kingdom
INV503428,2025-02-21 00:00:00,CUST1347,Bluetooth Speaker,3,33.75,India
INV503428,2025-02-21 00:00:00,CUST1347,Power Bank,4,22.39,Singapore
INV503538,2025-02-21 00:00:00,CUST1359,Smartwatch Strap,6,16.47,United Kingdom
INV503571,2025-02-21 00:00:00,CUST1361,Fitness Band,3,35.0,India
INV503863,2025-02-21 00:00:00,CUST1395,USB-C Hub,6,34.46,United Kingdom
INV503863,2025-02-21 00:00:00,CUST1395,Gaming Mouse Pad,5,19.59,Singapore
INV501146,2025-02-22 00:00:00,CUST1114,USB-C Hub,4,31.46,Singapore
INV501146,2025-02-22 00:00:00,CUST1114,Power Bank,3,29.76,United Kingdom
INV501146,2025-02-22 00:00:00,CUST1114,HDMI Cable,2,8.87,India
INV501212,2025-02-22 00:00:00,CUST1125,Gaming Mouse Pad,4,23.3,UAE
INV501212,2025-02-22 00:00:00,CUST1125,Laptop Stand,5,42.11,Singapore
INV502359,2025-02-22 00:00:00,CUST1237,Power Bank,2,29.49,India
INV502359,2025-02-22 00:00:00,CUST1237,Smartwatch Strap,2,12.73,United Kingdom
INV502738,2025-02-22 00:00:00,CUST1277,Fitness Band,3,48.61,India
INV502738,2025-02-22 00:00:00,CUST1277,USB-C Hub,5,38.47,India
INV503152,2025-02-22 00:00:00,CUST1317,Smartwatch Strap,3,12.35,India
INV503152,2025-02-22 00:00:00,CUST1317,Phone Case,3,10.15,India
INV503152,2025-02-22 00:00:00,CUST1317,Wireless Mouse,4,17.19,UAE
INV501120,2025-02-23 00:00:00,CUST1111,Phone Case,1,9.4,United Kingdom
INV501120,2025-02-23 00:00:00,CUST1111,Water Bottle,3,14.17,United Kingdom
INV502618,2025-02-23 00:00:00,CUST1267,Charging Cable,2,6.83,UAE
INV502618,2025-02-23 00:00:00,CUST1267,Smartwatch Strap,1,11.54,India
INV502618,2025-02-23 00:00:00,CUST1267,Webcam,1,42.49,India
INV503766,2025-02-23 00:00:00,CUST1385,Portable SSD,2,111.2,India
INV503766,2025-02-23 00:00:00,CUST1385,Laptop Stand,4,38.45,Singapore
INV503766,2025-02-23 00:00:00,CUST1385,Headphones,4,59.28,India
INV500210,2025-02-24 00:00:00,CUST1018,HDMI Cable,3,7.32,India
INV500210,2025-02-24 00:00:00,CUST1018,Charging Cable,2,5.74,India
INV501136,2025-02-24 00:00:00,CUST1113,Bluetooth Speaker,1,37.32,United Kingdom
INV501136,2025-02-24 00:00:00,CUST1113,Laptop Stand,2,32.35,India
INV501631,2025-02-24 00:00:00,CUST1165,Mini Tripod,4,12.9,UAE
INV501631,2025-02-24 00:00:00,CUST1165,Laptop Stand,2,36.93,United Kingdom
INV500031,2025-02-25 00:00:00,CUST1003,Bluetooth Speaker,2,42.34,India
INV500288,2025-02-25 00:00:00,CUST1026,Portable SSD,4,84.54,India
INV500288,2025-02-25 00:00:00,CUST1026,Backpack,2,41.14,UAE
INV500288,2025-02-25 00:00:00,CUST1026,Backpack,1,39.36,India
INV502238,2025-02-25 00:00:00,CUST1226,Charging Cable,3,5.13,India
INV503186,2025-02-25 00:00:00,CUST1322,Fitness Band,1,35.56,India
INV503285,2025-02-25 00:00:00,CUST1332,Smartwatch Strap,2,14.25,India
INV503285,2025-02-25 00:00:00,CUST1332,Headphones,1,54.47,India
INV503461,2025-02-25 00:00:00,CUST1351,Charging Cable,2,6.95,India
INV503461,2025-02-25 00:00:00,CUST1351,Smartwatch Strap,4,12.43,India
INV503461,2025-02-25 00:00:00,CUST1351,Fitness Band,1,31.44,India
INV500193,2025-02-26 00:00:00,CUST1016,Fitness Band,2,30.45,India
INV500193,2025-02-26 00:00:00,CUST1016,Webcam,1,36.58,India
INV501148,2025-02-26 00:00:00,CUST1114,Wireless Mouse,4,19.11,India
INV502575,2025-02-26 00:00:00,CUST1262,Mechanical Keyboard,3,55.54,Singapore
INV502654,2025-02-26 00:00:00,CUST1271,Mechanical Keyboard,4,51.3,India
INV502797,2025-02-26 00:00:00,CUST1285,Smartwatch Strap,2,11.93,India
INV502797,2025-02-26 00:00:00,CUST1285,Mini Tripod,4,11.93,India
INV502797,2025-02-26 00:00:00,CUST1285,Notebook Set,2,7.81,UAE
INV500897,2025-02-27 00:00:00,CUST1089,Water Bottle,4,17.46,UAE
INV500897,2025-02-27 00:00:00,CUST1089,USB-C Hub,2,36.49,India
INV500971,2025-02-27 00:00:00,CUST1095,Webcam,6,63.85,India
INV501403,2025-02-27 00:00:00,CUST1140,Laptop Stand,2,39.49,India
INV501403,2025-02-27 00:00:00,CUST1140,Smartwatch Strap,3,16.12,India
INV502124,2025-02-27 00:00:00,CUST1211,USB-C Hub,2,30.72,India
INV502124,2025-02-27 00:00:00,CUST1211,Fitness Band,3,33.85,India
INV503282,2025-02-27 00:00:00,CUST1331,USB-C Hub,2,28.08,India
INV503282,2025-02-27 00:00:00,CUST1331,Desk Lamp,3,22.76,India
INV503682,2025-02-27 00:00:00,CUST1376,Gaming Mouse Pad,6,23.89,India
INV503682,2025-02-27 00:00:00,CUST1376,Mechanical Keyboard,4,81.44,United Kingdom
INV500375,2025-02-28 00:00:00,CUST1034,Phone Case,2,9.47,India
INV500375,2025-02-28 00:00:00,CUST1034,Water Bottle,1,13.89,India
INV500375,2025-02-28 00:00:00,CUST1034,Smartwatch Strap,4,11.79,Singapore
INV500662,2025-02-28 00:00:00,CUST1065,Mini Tripod,2,12.85,India
INV500662,2025-02-28 00:00:00,CUST1065,HDMI Cable,2,9.22,India
INV500662,2025-02-28 00:00:00,CUST1065,Smartwatch Strap,4,13.86,India
INV500722,2025-02-28 00:00:00,CUST1071,Backpack,3,37.67,India
INV500722,2025-02-28 00:00:00,CUST1071,Mini Tripod,3,9.85,UAE
INV502864,2025-02-28 00:00:00,CUST1290,Webcam,2,54.31,Singapore
INV502864,2025-02-28 00:00:00,CUST1290,Gaming Mouse Pad,3,19.79,India
INV503273,2025-02-28 00:00:00,CUST1330,Wireless Mouse,2,18.33,UAE
INV503603,2025-02-28 00:00:00,CUST1367,Portable SSD,4,94.32,Singapore
INV503603,2025-02-28 00:00:00,CUST1367,Portable SSD,2,101.92,India
INV503776,2025-02-28 00:00:00,CUST1386,Webcam,3,47.3,Singapore
INV503776,2025-02-28 00:00:00,CUST1386,Desk Lamp,4,27.28,United Kingdom
INV500215,2025-03-01 00:00:00,CUST1019,Desk Lamp,2,24.46,United Kingdom
INV500215,2025-03-01 00:00:00,CUST1019,Portable SSD,1,87.14,India
INV500215,2025-03-01 00:00:00,CUST1019,Gaming Mouse Pad,3,15.77,Singapore
INV500992,2025-03-01 00:00:00,CUST1097,Mechanical Keyboard,3,62.68,India
INV501189,2025-03-01 00:00:00,CUST1120,Fitness Band,3,34.82,India
INV501189,2025-03-01 00:00:00,CUST1120,USB-C Hub,3,36.64,UAE
INV502446,2025-03-01 00:00:00,CUST1249,Mini Tripod,1,13.04,India
INV502446,2025-03-01 00:00:00,CUST1249,Notebook Set,2,7.62,India
INV503519,2025-03-01 00:00:00,CUST1357,Power Bank,2,27.2,India
INV503519,2025-03-01 00:00:00,CUST1357,Backpack,3,41.37,Singapore
INV500012,2025-03-02 00:00:00,CUST1002,Phone Case,2,12.52,UAE
INV500012,2025-03-02 00:00:00,CUST1002,Gaming Mouse Pad,2,22.47,India
INV500793,2025-03-02 00:00:00,CUST1078,USB-C Hub,2,24.27,India
INV500793,2025-03-02 00:00:00,CUST1078,Power Bank,2,23.03,United Kingdom
INV501483,2025-03-02 00:00:00,CUST1149,Mini Tripod,1,13.1,UAE
INV503780,2025-03-02 00:00:00,CUST1386,Laptop Stand,4,37.54,India
INV503780,2025-03-02 00:00:00,CUST1386,Smartwatch Strap,3,12.65,India
INV503780,2025-03-02 00:00:00,CUST1386,HDMI Cable,4,10.14,India
INV500957,2025-03-03 00:00:00,CUST1095,Laptop Stand,6,48.55,United Kingdom
INV500957,2025-03-03 00:00:00,CUST1095,Desk Lamp,3,36.42,UAE
INV501060,2025-03-03 00:00:00,CUST1105,Smartwatch Strap,3,13.5,India
INV501759,2025-03-03 00:00:00,CUST1177,Mechanical Keyboard,4,91.14,UAE
INV502299,2025-03-03 00:00:00,CUST1232,Headphones,4,48.45,United Kingdom
INV502299,2025-03-03 00:00:00,CUST1232,Power Bank,1,30.08,India
INV502623,2025-03-03 00:00:00,CUST1268,Webcam,1,46.27,India
INV502623,2025-03-03 00:00:00,CUST1268,Headphones,4,45.73,India
INV503808,2025-03-03 00:00:00,CUST1388,Portable SSD,3,87.75,United Kingdom
INV502820,2025-03-04 00:00:00,CUST1287,Power Bank,4,28.79,India
INV502820,2025-03-04 00:00:00,CUST1287,Phone Case,4,10.41,United Kingdom
INV502820,2025-03-04 00:00:00,CUST1287,Mechanical Keyboard,4,56.11,United Kingdom
INV502841,2025-03-04 00:00:00,CUST1288,Wireless Mouse,4,24.78,Singapore
INV503822,2025-03-04 00:00:00,,Headphones,1,46.83,India
INV503822,2025-03-04 00:00:00,CUST1391,Power Bank,2,28.0,India
INV500121,2025-03-05 00:00:00,CUST1010,Power Bank,2,34.73,India
INV500121,2025-03-05 00:00:00,CUST1010,Fitness Band,3,48.54,India
INV500412,2025-03-05 00:00:00,CUST1041,HDMI Cable,2,8.41,India
INV500412,2025-03-05 00:00:00,CUST1041,USB-C Hub,2,27.5,India
INV500622,2025-03-05 00:00:00,CUST1059,Wireless Mouse,1,18.24,India
INV502796,2025-03-05 00:00:00,CUST1285,Smartwatch Strap,1,12.17,India
INV502796,2025-03-05 00:00:00,CUST1285,Charging Cable,2,6.75,UAE
INV502796,2025-03-05 00:00:00,CUST1285,Mechanical Keyboard,4,53.99,India
INV500150,2025-03-06 00:00:00,CUST1012,Mechanical Keyboard,1,53.56,India
INV500150,2025-03-06 00:00:00,CUST1012,Gaming Mouse Pad,3,15.99,India
INV501119,2025-03-06 00:00:00,CUST1111,Webcam,3,41.62,Singapore
INV501119,2025-03-06 00:00:00,CUST1111,Power Bank,3,28.18,India
INV503412,2025-03-06 00:00:00,CUST1345,Smartwatch Strap,1,13.8,India
INV500199,2025-03-07 00:00:00,CUST1017,Portable SSD,2,88.16,India
INV500199,2025-03-07 00:00:00,CUST1017,Backpack,3,36.37,United Kingdom
INV500199,2025-03-07 00:00:00,CUST1017,Power Bank,2,29.52,United Kingdom
INV502210,2025-03-07 00:00:00,CUST1222,Desk Lamp,1,26.09,India
INV502811,2025-03-07 00:00:00,CUST1286,Notebook Set,4,6.58,India
INV503459,2025-03-07 00:00:00,CUST1350,HDMI Cable,4,9.7,UAE
INV501163,2025-03-08 00:00:00,CUST1116,Mechanical Keyboard,3,47.95,United Kingdom
INV501163,2025-03-08 00:00:00,CUST1116,Fitness Band,4,31.33,India
INV501472,2025-03-08 00:00:00,CUST1146,Mechanical Keyboard,3,64.51,India
INV502280,2025-03-08 00:00:00,CUST1231,Notebook Set,4,10.73,UAE
INV502280,2025-03-08 00:00:00,CUST1231,Fitness Band,6,43.28,India
INV500059,2025-03-09 00:00:00,CUST1005,Laptop Stand,2,28.85,India
INV500059,2025-03-09 00:00:00,CUST1005,Smartwatch Strap,3,10.78,India
INV500349,2025-03-09 00:00:00,CUST1029,USB-C Hub,2,34.9,UAE
INV500759,2025-03-09 00:00:00,CUST1074,Water Bottle,2,16.77,India
INV500759,2025-03-09 00:00:00,CUST1074,HDMI Cable,3,9.98,India
INV500759,2025-03-09 00:00:00,CUST1074,Headphones,4,56.23,India
INV501066,2025-03-09 00:00:00,CUST1106,Laptop Stand,2,35.58,India
INV501333,2025-03-09 00:00:00,CUST1134,Power Bank,3,28.55,India
INV501558,2025-03-09 00:00:00,CUST1157,Headphones,4,57.66,India
INV503600,2025-03-09 00:00:00,CUST1367,Mechanical Keyboard,4,63.29,Singapore
INV503600,2025-03-09 00:00:00,CUST1367,Backpack,4,43.22,India
INV500836,2025-03-10 00:00:00,CUST1082,Laptop Stand,3,28.76,Singapore
INV502206,2025-03-10 00:00:00,CUST1221,Webcam,3,51.99,India
INV502206,2025-03-10 00:00:00,CUST1221,Charging Cable,2,6.34,India
INV502206,2025-03-10 00:00:00,CUST1221,Smartwatch Strap,3,14.27,India
INV502342,2025-03-10 00:00:00,CUST1236,Wireless Mouse,3,31.7,Singapore
INV502504,2025-03-10 00:00:00,CUST1255,Power Bank,3,34.83,United Kingdom
INV502504,2025-03-10 00:00:00,CUST1255,Wireless Mouse,3,19.77,India
INV502504,2025-03-10 00:00:00,CUST1255,Desk Lamp,1,29.09,India
INV500633,2025-03-11 00:00:00,CUST1059,Headphones,3,55.52,India
INV500633,2025-03-11 00:00:00,CUST1059,Power Bank,4,27.46,India
INV501744,2025-03-11 00:00:00,CUST1175,USB-C Hub,2,30.59,India
INV502151,2025-03-11 00:00:00,CUST1214,Laptop Stand,4,31.6,Singapore
INV502275,2025-03-11 00:00:00,CUST1231,Bluetooth Speaker,4,51.89,India
INV502275,2025-03-11 00:00:00,CUST1231,HDMI Cable,5,10.58,United Kingdom
INV502275,2025-03-11 00:00:00,CUST1231,HDMI Cable,6,10.76,India
INV503587,2025-03-11 00:00:00,CUST1365,HDMI Cable,1,9.01,India
INV500070,2025-03-12 00:00:00,CUST1007,Wireless Mouse,1,21.89,Singapore
INV500070,2025-03-12 00:00:00,CUST1007,Backpack,4,41.75,India
INV500070,2025-03-12 00:00:00,CUST1007,Fitness Band,1,37.7,India
INV501130,2025-03-12 00:00:00,CUST1112,Bluetooth Speaker,2,43.35,India
INV502387,2025-03-12 00:00:00,CUST1241,Webcam,1,40.94,India
INV502387,2025-03-12 00:00:00,CUST1241,USB-C Hub,4,26.05,India
INV501197,2025-03-13 00:00:00,CUST1121,Headphones,1,44.51,India
INV501197,2025-03-13 00:00:00,CUST1121,Mini Tripod,3,11.65,United Kingdom
INV502904,2025-03-13 00:00:00,CUST1294,Power Bank,1,24.41,India
INV501296,2025-03-14 00:00:00,CUST1131,Water Bottle,3,15.12,Singapore
INV501383,2025-03-14 00:00:00,CUST1137,Notebook Set,3,10.22,Singapore
INV501447,2025-03-14 00:00:00,CUST1144,Backpack,4,36.72,India
INV501447,2025-03-14 00:00:00,CUST1144,Desk Lamp,3,20.37,India
INV501447,2025-03-14 00:00:00,CUST1144,Webcam,2,36.71,India
INV501830,2025-03-14 00:00:00,CUST1183,Notebook Set,2,8.42,United Kingdom
INV503493,2025-03-14 00:00:00,CUST1354,Headphones,3,72.59,India
INV503493,2025-03-14 00:00:00,CUST1354,Gaming Mouse Pad,4,21.46,United Kingdom
INV503723,2025-03-14 00:00:00,CUST1379,Wireless Mouse,3,18.86,Singapore
INV503723,2025-03-14 00:00:00,CUST1379,Backpack,2,35.9,United Kingdom
INV501093,2025-03-15 00:00:00,CUST1108,Headphones,3,52.77,UAE
INV502008,2025-03-15 00:00:00,CUST1200,Webcam,2,52.38,United Kingdom
INV502008,2025-03-15 00:00:00,CUST1200,Fitness Band,1,37.64,UAE
INV502008,2025-03-15 00:00:00,CUST1200,Gaming Mouse Pad,4,16.74,India
INV502588,2025-03-15 00:00:00,CUST1263,Bluetooth Speaker,3,48.37,United Kingdom
INV502588,2025-03-15 00:00:00,CUST1263,Phone Case,2,11.87,UAE
INV502713,2025-03-15 00:00:00,CUST1276,Desk Lamp,6,29.42,India
INV502713,2025-03-15 00:00:00,CUST1276,Smartwatch Strap,4,16.14,Singapore
INV503471,2025-03-15 00:00:00,CUST1353,Power Bank,4,24.71,India
INV503471,2025-03-15 00:00:00,CUST1353,Backpack,2,33.81,UAE
INV502028,2025-03-16 00:00:00,CUST1202,Wireless Mouse,2,17.21,UAE
INV502028,2025-03-16 00:00:00,CUST1202,Gaming Mouse Pad,1,16.28,India
INV503278,2025-03-16 00:00:00,CUST1331,Power Bank,3,23.76,India
INV503419,2025-03-16 00:00:00,CUST1346,Mini Tripod,3,10.71,India
INV503419,2025-03-16 00:00:00,CUST1346,Headphones,1,47.78,Singapore
INV503419,2025-03-16 00:00:00,CUST1346,Notebook Set,3,6.72,Singapore
INV503824,2025-03-16 00:00:00,CUST1391,Mechanical Keyboard,4,55.42,UAE
INV503824,2025-03-16 00:00:00,CUST1391,Smartwatch Strap,2,12.47,India
INV500188,2025-03-17 00:00:00,CUST1015,Mini Tripod,1,11.69,UAE
INV500231,2025-03-17 00:00:00,CUST1020,Smartwatch Strap,4,17.31,India
INV501062,2025-03-17 00:00:00,CUST1105,Desk Lamp,2,23.98,India
INV501062,2025-03-17 00:00:00,CUST1105,Portable SSD,4,90.95,India
INV501336,2025-03-17 00:00:00,CUST1134,Fitness Band,3,33.89,United Kingdom
INV501336,2025-03-17 00:00:00,CUST1134,Fitness Band,3,33.64,India
INV501400,2025-03-17 00:00:00,CUST1140,Charging Cable,4,8.09,India
INV501400,2025-03-17 00:00:00,CUST1140,Smartwatch Strap,3,16.63,United Kingdom
INV501707,2025-03-17 00:00:00,CUST1170,Portable SSD,5,123.87,India
INV501707,2025-03-17 00:00:00,CUST1170,Mini Tripod,5,17.93,India
INV502014,2025-03-17 00:00:00,CUST1200,Laptop Stand,4,33.73,India
INV502172,2025-03-17 00:00:00,CUST1217,Notebook Set,1,7.56,UAE
INV502172,2025-03-17 00:00:00,CUST1217,Desk Lamp,3,20.99,Singapore
INV502172,2025-03-17 00:00:00,CUST1217,Laptop Stand,3,29.9,India
INV502271,2025-03-17 00:00:00,CUST1230,Wireless Mouse,3,16.48,Singapore
INV502271,2025-03-17 00:00:00,CUST1230,Power Bank,2,25.14,Singapore
INV503636,2025-03-17 00:00:00,CUST1370,Desk Lamp,3,22.45,Singapore
INV503636,2025-03-17 00:00:00,CUST1370,Notebook Set,2,6.74,United Kingdom
INV500360,2025-03-18 00:00:00,CUST1031,Laptop Stand,1,34.59,United Kingdom
INV500360,2025-03-18 00:00:00,CUST1031,USB-C Hub,1,32.25,India
INV500824,2025-03-18 00:00:00,CUST1081,Smartwatch Strap,2,13.37,India
INV500824,2025-03-18 00:00:00,CUST1081,Charging Cable,2,6.24,UAE
INV501619,2025-03-18 00:00:00,CUST1164,Wireless Mouse,3,16.26,India
INV502130,2025-03-18 00:00:00,CUST1212,Phone Case,1,9.0,UAE
INV502810,2025-03-18 00:00:00,CUST1286,Wireless Mouse,4,16.44,India
INV503237,2025-03-18 00:00:00,CUST1325,Fitness Band,6,52.99,United Kingdom
INV503460,2025-03-18 00:00:00,CUST1351,Portable SSD,1,80.17,India
INV503460,2025-03-18 00:00:00,CUST1351,Phone Case,2,10.59,India
INV500968,2025-03-19 00:00:00,CUST1095,Notebook Set,5,10.16,India
INV502737,2025-03-19 00:00:00,CUST1277,Smartwatch Strap,3,17.86,India
INV502737,2025-03-19 00:00:00,CUST1277,Gaming Mouse Pad,3,23.08,Singapore
INV502737,2025-03-19 00:00:00,CUST1277,Desk Lamp,3,33.71,United Kingdom
INV500291,2025-03-20 00:00:00,CUST1026,Headphones,1,48.97,India
INV500291,2025-03-20 00:00:00,CUST1026,Headphones,4,54.94,Singapore
INV500291,2025-03-20 00:00:00,CUST1026,Water Bottle,1,14.96,India
INV501284,2025-03-20 00:00:00,CUST1130,Webcam,1,51.74,India
INV501822,2025-03-20 00:00:00,CUST1181,Webcam,1,48.35,Singapore
INV501822,2025-03-20 00:00:00,CUST1181,HDMI Cable,3,9.8,India
INV501822,2025-03-20 00:00:00,CUST1181,Gaming Mouse Pad,3,16.82,United Kingdom
INV502794,2025-03-20 00:00:00,CUST1285,Power Bank,2,28.14,India
INV502794,2025-03-20 00:00:00,CUST1285,Mini Tripod,1,12.2,UAE
INV502794,2025-03-20 00:00:00,CUST1285,Mechanical Keyboard,4,52.44,India
INV500448,2025-03-21 00:00:00,CUST1043,Mini Tripod,2,12.94,United Kingdom
INV501103,2025-03-21 00:00:00,CUST1109,Webcam,4,50.7,India
INV502677,2025-03-21 00:00:00,CUST1275,Notebook Set,6,9.46,United Kingdom
INV502677,2025-03-21 00:00:00,CUST1275,Charging Cable,5,7.64,UAE
INV502759,2025-03-21 00:00:00,CUST1279,Charging Cable,3,6.11,United Kingdom
INV502803,2025-03-21 00:00:00,CUST1286,Mechanical Keyboard,3,49.52,UAE
INV502803,2025-03-21 00:00:00,CUST1286,Mechanical Keyboard,3,44.87,UAE
INV503768,2025-03-21 00:00:00,CUST1385,Webcam,3,53.51,United Kingdom
INV503768,2025-03-21 00:00:00,CUST1385,Mechanical Keyboard,4,66.12,India
INV503768,2025-03-21 00:00:00,CUST1385,Fitness Band,1,39.0,India
INV500239,2025-03-22 00:00:00,CUST1020,Water Bottle,6,19.24,Singapore
INV500239,2025-03-22 00:00:00,CUST1020,Phone Case,3,13.1,UAE
INV500563,2025-03-22 00:00:00,CUST1051,Notebook Set,2,7.44,UAE
INV502030,2025-03-22 00:00:00,CUST1203,Phone Case,3,8.89,India
INV501178,2025-03-23 00:00:00,CUST1119,HDMI Cable,2,7.93,India
INV501178,2025-03-23 00:00:00,CUST1119,Phone Case,3,7.89,India
INV501609,2025-03-23 00:00:00,CUST1162,Power Bank,1,22.19,India
INV501609,2025-03-23 00:00:00,CUST1162,Water Bottle,3,13.01,Singapore
INV503747,2025-03-23 00:00:00,CUST1383,Water Bottle,2,16.04,India
INV503747,2025-03-23 00:00:00,CUST1383,Headphones,3,58.94,India
INV500320,2025-03-24 00:00:00,CUST1027,Wireless Mouse,2,25.74,Singapore
INV500353,2025-03-24 00:00:00,CUST1029,Power Bank,4,33.03,Singapore
INV500353,2025-03-24 00:00:00,CUST1029,Wireless Mouse,1,21.26,India
INV502984,2025-03-24 00:00:00,CUST1301,Fitness Band,3,31.46,India
INV502984,2025-03-24 00:00:00,CUST1301,Phone Case,1,7.97,United Kingdom
INV503443,2025-03-24 00:00:00,CUST1348,Wireless Mouse,4,17.4,India
INV503443,2025-03-24 00:00:00,CUST1348,USB-C Hub,3,25.68,UAE
INV500198,2025-03-25 00:00:00,CUST1017,Backpack,3,38.94,India
INV500198,2025-03-25 00:00:00,CUST1017,Charging Cable,2,6.4,United Kingdom
INV500198,2025-03-25 00:00:00,CUST1017,Power Bank,4,27.42,India
INV500260,2025-03-25 00:00:00,CUST1023,Fitness Band,1,36.94,United Kingdom
INV501295,2025-03-25 00:00:00,CUST1131,Notebook Set,3,7.36,India
INV501449,2025-03-25 00:00:00,CUST1144,Mini Tripod,2,11.1,India
INV501449,2025-03-25 00:00:00,CUST1144,Headphones,1,48.82,UAE
INV502577,2025-03-25 00:00:00,CUST1262,Notebook Set,4,7.89,Singapore
INV502672,2025-03-25 00:00:00,CUST1273,Webcam,3,47.3,India
INV503781,2025-03-25 00:00:00,CUST1386,USB-C Hub,2,34.6,United Kingdom
INV503781,2025-03-25 00:00:00,CUST1386,Mechanical Keyboard,3,58.33,India
INV503781,2025-03-25 00:00:00,CUST1386,Laptop Stand,2,33.43,Singapore
INV501157,2025-03-26 00:00:00,CUST1115,Bluetooth Speaker,1,38.07,UAE
INV501157,2025-03-26 00:00:00,CUST1115,Headphones,4,47.76,UAE
INV501753,2025-03-26 00:00:00,CUST1176,USB-C Hub,4,25.2,UAE
INV501753,2025-03-26 00:00:00,CUST1176,Phone Case,3,8.93,India
INV501753,2025-03-26 00:00:00,CUST1176,Laptop Stand,3,31.1,India
INV502157,2025-03-26 00:00:00,CUST1215,HDMI Cable,4,8.13,India
INV502354,2025-03-26 00:00:00,CUST1237,Notebook Set,1,8.13,Singapore
INV502354,2025-03-26 00:00:00,CUST1237,Webcam,2,45.02,India
INV502354,2025-03-26 00:00:00,CUST1237,Laptop Stand,3,35.43,India
INV502567,2025-03-26 00:00:00,CUST1261,HDMI Cable,3,10.55,India
INV502567,2025-03-26 00:00:00,CUST1261,Desk Lamp,4,27.81,India
INV502622,2025-03-26 00:00:00,CUST1268,Water Bottle,2,13.31,India
INV502622,2025-03-26 00:00:00,CUST1268,Phone Case,1,10.3,Singapore
INV502622,2025-03-26 00:00:00,CUST1268,Smartwatch Strap,4,11.54,India
INV502816,2025-03-26 00:00:00,CUST1287,Gaming Mouse Pad,2,16.53,India
INV502816,2025-03-26 00:00:00,CUST1287,HDMI Cable,1,8.26,India
INV503202,2025-03-26 00:00:00,CUST1323,Wireless Mouse,3,19.4,UAE
INV503202,2025-03-26 00:00:00,CUST1323,Power Bank,4,32.44,India
INV503202,2025-03-26 00:00:00,CUST1323,Charging Cable,2,7.3,India
INV500344,2025-03-27 00:00:00,CUST1028,Wireless Mouse,5,25.07,UAE
INV500799,2025-03-27 00:00:00,CUST1079,Water Bottle,4,13.23,India
INV500799,2025-03-27 00:00:00,CUST1079,Backpack,3,35.5,India
INV500799,2025-03-27 00:00:00,CUST1079,Mini Tripod,1,10.96,India
INV502664,2025-03-27 00:00:00,CUST1272,Desk Lamp,4,25.12,Singapore
INV502664,2025-03-27 00:00:00,CUST1272,Backpack,3,38.32,United Kingdom
INV501513,2025-03-28 00:00:00,CUST1151,Wireless Mouse,1,20.09,UAE
INV501781,2025-03-28 00:00:00,CUST1177,Desk Lamp,2,39.87,India
INV501781,2025-03-28 00:00:00,CUST1177,Laptop Stand,5,50.71,Singapore
INV502995,2025-03-28 00:00:00,CUST1302,Bluetooth Speaker,3,32.08,United Kingdom
INV503005,2025-03-28 00:00:00,CUST1303,HDMI Cable,2,9.75,Singapore
INV503005,2025-03-28 00:00:00,CUST1303,Fitness Band,4,34.86,India
INV500495,2025-03-29 00:00:00,CUST1046,Mini Tripod,1,15.05,India
INV500495,2025-03-29 00:00:00,CUST1046,Notebook Set,3,9.73,India
INV500495,2025-03-29 00:00:00,CUST1046,Portable SSD,1,109.56,India
INV500725,2025-03-29 00:00:00,CUST1071,Charging Cable,3,5.39,UAE
INV500725,2025-03-29 00:00:00,CUST1071,Webcam,1,42.12,India
INV501054,2025-03-29 00:00:00,CUST1105,USB-C Hub,4,31.41,India
INV501693,2025-03-29 00:00:00,CUST1170,Mechanical Keyboard,4,76.24,United Kingdom
INV502509,2025-03-29 00:00:00,CUST1256,USB-C Hub,4,30.17,India
INV502943,2025-03-29 00:00:00,CUST1298,Mechanical Keyboard,3,78.58,India
INV502943,2025-03-29 00:00:00,CUST1298,Notebook Set,5,8.83,India
INV503210,2025-03-29 00:00:00,CUST1324,Gaming Mouse Pad,4,17.55,India
INV503210,2025-03-29 00:00:00,CUST1324,HDMI Cable,3,9.34,India
INV503210,2025-03-29 00:00:00,CUST1324,Power Bank,3,28.62,India
INV501391,2025-03-30 00:00:00,CUST1139,Charging Cable,3,5.36,UAE
INV501391,2025-03-30 00:00:00,CUST1139,Phone Case,2,9.7,United Kingdom
INV501391,2025-03-30 00:00:00,CUST1139,HDMI Cable,1,7.61,India
INV502106,2025-03-30 00:00:00,CUST1208,Bluetooth Speaker,5,45.36,Singapore
INV502106,2025-03-30 00:00:00,CUST1208,USB-C Hub,2,34.54,India
INV502626,2025-03-30 00:00:00,CUST1268,Notebook Set,4,6.89,India
INV502626,2025-03-30 00:00:00,CUST1268,Bluetooth Speaker,2,40.5,India
INV502626,2025-03-30 00:00:00,CUST1268,Headphones,4,51.66,UAE
INV503241,2025-03-30 00:00:00,CUST1327,Charging Cable,1,5.42,India
INV503241,2025-03-30 00:00:00,CUST1327,Bluetooth Speaker,2,38.46,UAE
INV500805,2025-03-31 00:00:00,CUST1079,Phone Case,2,10.27,India
INV502219,2025-03-31 00:00:00,CUST1224,USB-C Hub,3,23.88,India
INV502219,2025-03-31 00:00:00,CUST1224,Notebook Set,2,5.52,UAE
INV502219,2025-03-31 00:00:00,CUST1224,Charging Cable,2,5.19,India
INV502824,2025-03-31 00:00:00,CUST1288,Power Bank,3,38.53,UAE
INV502824,2025-03-31 00:00:00,CUST1288,Portable SSD,5,124.13,India
INV503819,2025-03-31 00:00:00,CUST1391,Power Bank,3,25.58,India
INV500568,2025-04-01 00:00:00,CUST1052,Smartwatch Strap,2,11.39,United Kingdom
INV500568,2025-04-01 00:00:00,CUST1052,Smartwatch Strap,2,12.77,India
INV501236,2025-04-01 00:00:00,CUST1126,Fitness Band,1,39.87,Singapore
INV501236,2025-04-01 00:00:00,CUST1126,Headphones,1,51.79,India
INV501893,2025-04-01 00:00:00,CUST1189,Smartwatch Strap,1,12.06,UAE
INV501893,2025-04-01 00:00:00,CUST1189,Water Bottle,2,13.4,India
INV503695,2025-04-01 00:00:00,CUST1377,Gaming Mouse Pad,1,15.54,India
INV503695,2025-04-01 00:00:00,CUST1377,Smartwatch Strap,1,12.64,India
INV500068,2025-04-02 00:00:00,CUST1007,Mini Tripod,3,11.17,India
INV501910,2025-04-02 00:00:00,CUST1190,,2,41.99,India
INV502879,2025-04-02 00:00:00,CUST1291,Webcam,3,54.65,UAE
INV500116,2025-04-03 00:00:00,CUST1010,Phone Case,2,12.34,UAE
INV500116,2025-04-03 00:00:00,CUST1010,Backpack,4,51.97,UAE
INV501010,2025-04-03 00:00:00,CUST1100,Mini Tripod,3,12.97,Singapore
INV501010,2025-04-03 00:00:00,CUST1100,Webcam,3,52.57,UAE
INV501010,2025-04-03 00:00:00,CUST1100,Desk Lamp,4,24.29,Singapore
INV502624,2025-04-03 00:00:00,CUST1268,USB-C Hub,1,26.83,India
INV502624,2025-04-03 00:00:00,CUST1268,Power Bank,2,23.89,United Kingdom
INV501289,2025-04-04 00:00:00,CUST1131,Headphones,4,51.67,India
INV501289,2025-04-04 00:00:00,CUST1131,Fitness Band,4,34.5,India
INV501105,2025-04-05 00:00:00,CUST1109,Notebook Set,1,9.26,Singapore
INV501105,2025-04-05 00:00:00,CUST1109,Power Bank,2,34.64,Singapore
INV501105,2025-04-05 00:00:00,CUST1109,Phone Case,2,12.23,United Kingdom
INV502114,2025-04-05 00:00:00,CUST1209,Mini Tripod,4,10.98,UAE
INV502364,2025-04-05 00:00:00,CUST1238,Notebook Set,2,9.78,India
INV502658,2025-04-05 00:00:00,CUST1271,Backpack,2,38.39,India
INV502658,2025-04-05 00:00:00,CUST1271,Charging Cable,4,6.88,India
INV502658,2025-04-05 00:00:00,CUST1271,HDMI Cable,2,8.71,India
INV502773,2025-04-05 00:00:00,CUST1282,Mini Tripod,4,10.28,India
INV502773,2025-04-05 00:00:00,CUST1282,Mechanical Keyboard,2,54.11,India
INV503902,2025-04-05 00:00:00,CUST1400,Mechanical Keyboard,3,48.08,India
INV503719,2025-04-06 00:00:00,CUST1379,Desk Lamp,4,21.86,India
INV503719,2025-04-06 00:00:00,CUST1379,Bluetooth Speaker,4,43.84,India
INV503719,2025-04-06 00:00:00,CUST1379,HDMI Cable,1,8.31,India
INV500548,2025-04-07 00:00:00,CUST1048,Fitness Band,2,31.35,India
INV501047,2025-04-07 00:00:00,CUST1103,Water Bottle,2,13.26,India
INV501047,2025-04-07 00:00:00,CUST1103,Charging Cable,1,5.18,India
INV501203,2025-04-07 00:00:00,CUST1123,HDMI Cable,1,9.59,India
INV501203,2025-04-07 00:00:00,CUST1123,Wireless Mouse,2,20.27,India
INV502409,2025-04-07 00:00:00,CUST1244,Gaming Mouse Pad,1,16.07,India
INV502409,2025-04-07 00:00:00,CUST1244,HDMI Cable,2,7.71,United Kingdom
INV500374,2025-04-08 00:00:00,CUST1034,Fitness Band,1,29.38,UAE
INV500374,2025-04-08 00:00:00,CUST1034,Notebook Set,1,7.58,United Kingdom
INV501470,2025-04-08 00:00:00,CUST1146,Water Bottle,3,15.91,Singapore
INV501470,2025-04-08 00:00:00,CUST1146,Wireless Mouse,3,23.13,India
INV501470,2025-04-08 00:00:00,CUST1146,Webcam,1,51.96,United Kingdom
INV501561,2025-04-08 00:00:00,CUST1157,HDMI Cable,2,10.3,United Kingdom
INV502556,2025-04-08 00:00:00,CUST1259,Headphones,4,52.01,India
INV502556,2025-04-08 00:00:00,CUST1259,Water Bottle,3,15.65,India
INV503180,2025-04-08 00:00:00,CUST1321,Smartwatch Strap,3,14.31,India
INV503446,2025-04-08 00:00:00,CUST1349,Charging Cable,1,6.59,India
INV503446,2025-04-08 00:00:00,CUST1349,Fitness Band,1,29.13,India
INV503634,2025-04-08 00:00:00,CUST1370,Power Bank,4,26.11,India
INV503634,2025-04-08 00:00:00,CUST1370,Bluetooth Speaker,3,38.27,United Kingdom
INV503634,2025-04-08 00:00:00,CUST1370,Phone Case,1,9.65,Singapore
INV500333,2025-04-09 00:00:00,CUST1028,Headphones,2,71.7,India
INV500333,2025-04-09 00:00:00,CUST1028,USB-C Hub,6,45.79,UAE
INV501474,2025-04-09 00:00:00,CUST1146,Desk Lamp,3,26.75,India
INV501474,2025-04-09 00:00:00,CUST1146,Desk Lamp,3,25.54,India
INV501626,2025-04-09 00:00:00,CUST1164,Phone Case,4,8.19,India
INV501626,2025-04-09 00:00:00,CUST1164,Mini Tripod,1,10.08,United Kingdom
INV501626,2025-04-09 00:00:00,CUST1164,USB-C Hub,4,25.49,UAE
INV502513,2025-04-09 00:00:00,CUST1256,Desk Lamp,1,23.91,India
INV502513,2025-04-09 00:00:00,CUST1256,Portable SSD,1,90.52,Singapore
INV503257,2025-04-09 00:00:00,CUST1328,Gaming Mouse Pad,3,16.48,UAE
INV503257,2025-04-09 00:00:00,CUST1328,Headphones,4,54.03,UAE
INV500609,2025-04-10 00:00:00,CUST1057,Bluetooth Speaker,4,37.6,India
INV500609,2025-04-10 00:00:00,CUST1057,Bluetooth Speaker,3,39.84,India
INV500609,2025-04-10 00:00:00,CUST1057,Power Bank,2,24.75,Singapore
INV500675,2025-04-10 00:00:00,CUST1067,Laptop Stand,1,32.42,India
INV500675,2025-04-10 00:00:00,CUST1067,Fitness Band,4,38.77,UAE
INV500965,2025-04-10 00:00:00,CUST1095,Wireless Mouse,5,26.04,Singapore
INV500965,2025-04-10 00:00:00,CUST1095,Backpack,2,59.39,United Kingdom
INV500965,2025-04-10 00:00:00,CUST1095,Mechanical Keyboard,4,81.1,India
INV501027,2025-04-10 00:00:00,CUST1101,Mechanical Keyboard,5,85.33,UAE
INV501027,2025-04-10 00:00:00,CUST1101,Webcam,5,68.82,United Kingdom
INV503405,2025-04-10 00:00:00,CUST1344,Gaming Mouse Pad,1,18.08,India
INV503405,2025-04-10 00:00:00,CUST1344,Laptop Stand,1,36.12,India
INV500065,2025-04-11 00:00:00,CUST1006,Water Bottle,1,11.57,India
INV500065,2025-04-11 00:00:00,CUST1006,Laptop Stand,2,24.35,India
INV500065,2025-04-11 00:00:00,CUST1006,Charging Cable,1,4.9,India
INV501527,2025-04-11 00:00:00,CUST1153,HDMI Cable,4,8.36,India
INV501527,2025-04-11 00:00:00,CUST1153,Phone Case,1,10.05,India
INV501527,2025-04-11 00:00:00,CUST1153,Backpack,3,42.39,UAE
INV501857,2025-04-11 00:00:00,CUST1185,Phone Case,1,10.91,Singapore
INV501857,2025-04-11 00:00:00,CUST1185,Notebook Set,3,8.82,India
INV503315,2025-04-11 00:00:00,CUST1335,Portable SSD,4,97.53,India
INV502007,2025-04-12 00:00:00,CUST1200,Gaming Mouse Pad,1,16.41,India
INV502061,2025-04-12 00:00:00,CUST1205,Phone Case,1,12.16,India
INV502366,2025-04-12 00:00:00,CUST1238,HDMI Cable,1,10.63,India
INV500590,2025-04-13 00:00:00,CUST1054,Water Bottle,3,12.45,India
INV500590,2025-04-13 00:00:00,CUST1054,Gaming Mouse Pad,1,13.88,India
INV501423,2025-04-13 00:00:00,CUST1141,Fitness Band,2,34.51,India
INV503896,2025-04-13 00:00:00,CUST1398,Mini Tripod,2,11.21,India
INV503896,2025-04-13 00:00:00,CUST1398,Notebook Set,2,6.62,India
INV501338,2025-04-14 00:00:00,CUST1134,Headphones,3,52.93,India
INV501528,2025-04-14 00:00:00,CUST1154,Mechanical Keyboard,1,42.98,India
INV501528,2025-04-14 00:00:00,CUST1154,Water Bottle,2,11.46,India
INV502115,2025-04-14 00:00:00,CUST1209,Wireless Mouse,4,17.8,India
INV502115,2025-04-14 00:00:00,CUST1209,Headphones,4,53.52,Singapore
INV502133,2025-04-14 00:00:00,CUST1213,Phone Case,2,8.95,India
INV502133,2025-04-14 00:00:00,CUST1213,HDMI Cable,2,8.78,India
INV502133,2025-04-14 00:00:00,CUST1213,Notebook Set,1,7.35,UAE
INV503486,2025-04-14 00:00:00,CUST1354,Laptop Stand,2,48.46,United Kingdom
INV503853,2025-04-14 00:00:00,CUST1395,Smartwatch Strap,5,16.29,Singapore
INV500045,2025-04-15 00:00:00,CUST1004,Power Bank,2,28.82,India
INV500045,2025-04-15 00:00:00,CUST1004,Headphones,1,49.24,India
INV500350,2025-04-15 00:00:00,CUST1029,Phone Case,3,10.02,United Kingdom
INV500350,2025-04-15 00:00:00,CUST1029,Phone Case,1,10.45,UAE
INV500811,2025-04-15 00:00:00,CUST1080,Phone Case,4,9.31,India
INV500811,2025-04-15 00:00:00,CUST1080,Charging Cable,4,5.89,UAE
INV500811,2025-04-15 00:00:00,CUST1080,Notebook Set,3,7.48,India
INV501011,2025-04-15 00:00:00,CUST1100,Charging Cable,2,7.31,United Kingdom
INV501011,2025-04-15 00:00:00,CUST1100,HDMI Cable,3,8.97,India
INV501083,2025-04-15 00:00:00,CUST1107,Gaming Mouse Pad,6,20.8,India
INV501083,2025-04-15 00:00:00,CUST1107,Mini Tripod,5,13.13,United Kingdom
INV501083,2025-04-15 00:00:00,CUST1107,Desk Lamp,4,28.01,UAE
INV501274,2025-04-15 00:00:00,CUST1128,Portable SSD,3,91.95,UAE
INV502286,2025-04-15 00:00:00,CUST1231,Headphones,3,60.09,United Kingdom
INV502986,2025-04-15 00:00:00,CUST1301,HDMI Cable,1,6.97,Singapore
INV503157,2025-04-15 00:00:00,CUST1318,Notebook Set,3,6.56,India
INV503157,2025-04-15 00:00:00,CUST1318,Backpack,1,31.72,India
INV503157,2025-04-15 00:00:00,CUST1318,Backpack,1,28.7,India
INV503789,2025-04-15 00:00:00,CUST1387,Charging Cable,5,9.55,India
INV500812,2025-04-16 00:00:00,CUST1080,Water Bottle,3,14.18,India
INV500846,2025-04-16 00:00:00,CUST1084,Smartwatch Strap,1,11.27,United Kingdom
INV500846,2025-04-16 00:00:00,CUST1084,Laptop Stand,4,27.61,UAE
INV500846,2025-04-16 00:00:00,CUST1084,USB-C Hub,3,30.16,Singapore
INV501082,2025-04-16 00:00:00,CUST1107,Webcam,4,57.05,India
INV501082,2025-04-16 00:00:00,CUST1107,USB-C Hub,6,36.5,Singapore
INV501485,2025-04-16 00:00:00,CUST1149,Phone Case,4,11.11,Singapore
INV501485,2025-04-16 00:00:00,CUST1149,Webcam,2,47.3,India
INV501485,2025-04-16 00:00:00,CUST1149,Smartwatch Strap,4,13.44,India
INV501519,2025-04-16 00:00:00,CUST1153,Notebook Set,1,7.39,United Kingdom
INV501519,2025-04-16 00:00:00,CUST1153,Phone Case,2,9.93,United Kingdom
INV501519,2025-04-16 00:00:00,CUST1153,Laptop Stand,2,31.87,Singapore
INV502159,2025-04-16 00:00:00,CUST1215,Headphones,1,43.69,India
INV502417,2025-04-16 00:00:00,CUST1246,Power Bank,2,22.96,United Kingdom
INV502417,2025-04-16 00:00:00,CUST1246,Charging Cable,1,5.29,Singapore
INV503388,2025-04-16 00:00:00,CUST1343,Desk Lamp,5,28.17,UAE
INV501288,2025-04-17 00:00:00,CUST1131,Webcam,1,46.49,UAE
INV501288,2025-04-17 00:00:00,CUST1131,Gaming Mouse Pad,2,18.56,India
INV501924,2025-04-17 00:00:00,CUST1191,Bluetooth Speaker,1,41.4,India
INV501924,2025-04-17 00:00:00,CUST1191,Power Bank,2,31.73,India
INV501924,2025-04-17 00:00:00,CUST1191,Gaming Mouse Pad,4,17.24,India
INV503390,2025-04-17 00:00:00,CUST1343,Wireless Mouse,2,21.14,India
INV503390,2025-04-17 00:00:00,CUST1343,Laptop Stand,3,36.5,India
INV501235,2025-04-18 00:00:00,CUST1126,Laptop Stand,1,35.75,India
INV501235,2025-04-18 00:00:00,CUST1126,Smartwatch Strap,3,13.98,UAE
INV501235,2025-04-18 00:00:00,CUST1126,Charging Cable,4,7.6,UAE
INV503487,2025-04-18 00:00:00,CUST1354,Phone Case,6,14.36,India
INV503487,2025-04-18 00:00:00,CUST1354,HDMI Cable,5,12.05,India
INV502486,2025-04-19 00:00:00,CUST1253,HDMI Cable,5,12.74,India
INV502486,2025-04-19 00:00:00,CUST1253,Desk Lamp,3,33.84,India
INV502486,2025-04-19 00:00:00,CUST1253,Power Bank,2,40.08,India
INV503188,2025-04-19 00:00:00,CUST1322,Backpack,1,38.56,India
INV503188,2025-04-19 00:00:00,CUST1322,Backpack,2,39.91,United Kingdom
INV503267,2025-04-19 00:00:00,CUST1329,Charging Cable,2,6.36,UAE
INV501621,2025-04-20 00:00:00,CUST1164,Portable SSD,2,78.73,Singapore
INV501621,2025-04-20 00:00:00,CUST1164,Smartwatch Strap,4,10.95,UAE
INV501621,2025-04-20 00:00:00,CUST1164,Fitness Band,3,30.3,India
INV503596,2025-04-20 00:00:00,CUST1365,Headphones,1,50.93,India
INV500711,2025-04-21 00:00:00,CUST1069,Notebook Set,1,8.64,India
INV500711,2025-04-21 00:00:00,CUST1069,Phone Case,1,11.31,UAE
INV502415,2025-04-21 00:00:00,CUST1245,Fitness Band,2,36.43,Singapore
INV502415,2025-04-21 00:00:00,CUST1245,Phone Case,3,11.41,India
INV502013,2025-04-22 00:00:00,CUST1200,Webcam,1,50.59,India
INV502013,2025-04-22 00:00:00,CUST1200,Headphones,1,50.0,India
INV502161,2025-04-22 00:00:00,CUST1215,Smartwatch Strap,3,12.09,United Kingdom
INV502161,2025-04-22 00:00:00,CUST1215,Wireless Mouse,1,17.67,India
INV502244,2025-04-22 00:00:00,CUST1226,Water Bottle,3,10.42,Singapore
INV502244,2025-04-22 00:00:00,CUST1226,Desk Lamp,2,18.25,India
INV502244,2025-04-22 00:00:00,CUST1226,Bluetooth Speaker,1,31.65,UAE
INV502514,2025-04-22 00:00:00,CUST1256,Charging Cable,3,6.73,UAE
INV502514,2025-04-22 00:00:00,CUST1256,Portable SSD,3,77.61,India
INV502514,2025-04-22 00:00:00,CUST1256,Gaming Mouse Pad,4,16.42,India
INV502560,2025-04-22 00:00:00,CUST1260,Bluetooth Speaker,4,37.77,UAE
INV502560,2025-04-22 00:00:00,CUST1260,Power Bank,1,25.53,UAE
INV502871,2025-04-22 00:00:00,CUST1291,Wireless Mouse,2,22.61,Singapore
INV503039,2025-04-22 00:00:00,CUST1306,Phone Case,4,12.88,India
INV500253,2025-04-23 00:00:00,CUST1023,Notebook Set,3,8.83,India
INV500253,2025-04-23 00:00:00,CUST1023,USB-C Hub,2,32.51,Singapore
INV500253,2025-04-23 00:00:00,CUST1023,Mini Tripod,1,13.06,India
INV502424,2025-04-23 00:00:00,CUST1247,Charging Cable,1,7.22,India
INV502424,2025-04-23 00:00:00,CUST1247,Portable SSD,3,108.99,United Kingdom
INV502424,2025-04-23 00:00:00,CUST1247,Webcam,2,45.65,India
INV502808,2025-04-23 00:00:00,CUST1286,Bluetooth Speaker,2,38.44,India
INV503316,2025-04-23 00:00:00,CUST1335,Portable SSD,3,89.54,UAE
INV503436,2025-04-23 00:00:00,CUST1348,Charging Cable,2,5.9,UAE
INV501343,2025-04-24 00:00:00,CUST1135,Smartwatch Strap,5,13.43,India
INV501343,2025-04-24 00:00:00,CUST1135,Smartwatch Strap,3,16.12,India
INV501343,2025-04-24 00:00:00,CUST1135,HDMI Cable,4,9.98,Singapore
INV502495,2025-04-24 00:00:00,CUST1254,Wireless Mouse,1,18.82,India
INV502495,2025-04-24 00:00:00,CUST1254,Headphones,1,51.67,Singapore
INV502495,2025-04-24 00:00:00,CUST1254,Mini Tripod,3,13.31,UAE
INV502539,2025-04-24 00:00:00,CUST1258,Phone Case,2,10.5,United Kingdom
INV502539,2025-04-24 00:00:00,CUST1258,Power Bank,3,25.67,United Kingdom
INV502726,2025-04-24 00:00:00,CUST1277,Fitness Band,5,41.03,United Kingdom
INV502726,2025-04-24 00:00:00,CUST1277,Wireless Mouse,5,26.57,India
INV500002,2025-04-25 00:00:00,CUST1001,Portable SSD,3,90.72,India
INV500372,2025-04-25 00:00:00,CUST1034,Wireless Mouse,2,19.73,Singapore
INV500372,2025-04-25 00:00:00,CUST1034,Charging Cable,2,6.64,India
INV500372,2025-04-25 00:00:00,CUST1034,Fitness Band,2,30.28,United Kingdom
INV500779,2025-04-25 00:00:00,CUST1076,Phone Case,1,9.46,India
INV501080,2025-04-25 00:00:00,CUST1107,Smartwatch Strap,4,15.7,India
INV501080,2025-04-25 00:00:00,CUST1107,Notebook Set,5,8.38,UAE
INV501080,2025-04-25 00:00:00,CUST1107,Smartwatch Strap,2,13.44,India
INV503090,2025-04-25 00:00:00,CUST1311,Webcam,4,48.25,India
INV503090,2025-04-25 00:00:00,CUST1311,Phone Case,1,11.39,United Kingdom
INV503177,2025-04-25 00:00:00,CUST1321,Mechanical Keyboard,4,63.63,UAE
INV503525,2025-04-25 00:00:00,CUST1357,Phone Case,1,10.0,India
INV500236,2025-04-26 00:00:00,CUST1020,HDMI Cable,5,11.6,India
INV500236,2025-04-26 00:00:00,CUST1020,USB-C Hub,6,40.0,India
INV501171,2025-04-26 00:00:00,CUST1117,Notebook Set,1,6.76,United Kingdom
INV503044,2025-04-26 00:00:00,CUST1306,Charging Cable,3,8.82,India
INV503044,2025-04-26 00:00:00,CUST1306,Smartwatch Strap,3,16.43,India
INV503044,2025-04-26 00:00:00,CUST1306,Wireless Mouse,5,22.16,UAE
INV503058,2025-04-26 00:00:00,CUST1308,Backpack,3,37.89,Singapore
INV500666,2025-04-27 00:00:00,CUST1066,Power Bank,1,22.3,India
INV500844,2025-04-27 00:00:00,CUST1083,Phone Case,3,8.14,UAE
INV501133,2025-04-27 00:00:00,CUST1112,Desk Lamp,4,24.75,United Kingdom
INV501133,2025-04-27 00:00:00,CUST1112,USB-C Hub,3,29.77,UAE
INV502200,2025-04-27 00:00:00,CUST1221,Fitness Band,4,35.3,India
INV502200,2025-04-27 00:00:00,CUST1221,Water Bottle,4,13.77,India
INV502200,2025-04-27 00:00:00,CUST1221,Smartwatch Strap,3,13.45,India
INV503007,2025-04-27 00:00:00,CUST1304,Fitness Band,1,26.16,Singapore
INV503007,2025-04-27 00:00:00,CUST1304,Notebook Set,2,5.99,India
INV503007,2025-04-27 00:00:00,CUST1304,Phone Case,3,8.07,India
INV500138,2025-04-28 00:00:00,CUST1011,Mechanical Keyboard,1,52.89,India
INV502413,2025-04-28 00:00:00,CUST1245,Wireless Mouse,3,23.32,United Kingdom
INV502413,2025-04-28 00:00:00,CUST1245,Notebook Set,3,9.39,Singapore
INV502413,2025-04-28 00:00:00,CUST1245,Water Bottle,3,17.12,India
INV500301,2025-04-29 00:00:00,CUST1027,Webcam,2,58.03,India
INV500301,2025-04-29 00:00:00,CUST1027,Phone Case,5,12.28,UAE
INV500767,2025-04-29 00:00:00,CUST1076,Gaming Mouse Pad,3,14.21,India
INV500767,2025-04-29 00:00:00,CUST1076,Mini Tripod,1,11.63,India
INV500767,2025-04-29 00:00:00,CUST1076,Notebook Set,4,7.47,India
INV501842,2025-04-29 00:00:00,CUST1184,Smartwatch Strap,6,19.77,India
INV501842,2025-04-29 00:00:00,CUST1184,Power Bank,5,42.52,UAE
INV502353,2025-04-29 00:00:00,CUST1237,Bluetooth Speaker,2,38.14,United Kingdom
INV500634,2025-04-30 00:00:00,CUST1060,Webcam,2,39.72,Singapore
INV500644,2025-04-30 00:00:00,CUST1061,Phone Case,1,9.33,India
INV500982,2025-04-30 00:00:00,CUST1096,Laptop Stand,2,31.2,UAE
INV500982,2025-04-30 00:00:00,CUST1096,Phone Case,4,8.76,Singapore
INV502268,2025-04-30 00:00:00,CUST1230,Water Bottle,4,13.06,Singapore
INV502268,2025-04-30 00:00:00,CUST1230,Phone Case,4,8.89,India
INV502268,2025-04-30 00:00:00,CUST1230,Mini Tripod,4,9.57,United Kingdom
INV502772,2025-04-30 00:00:00,CUST1282,Fitness Band,3,31.44,India
INV503084,2025-04-30 00:00:00,CUST1311,Mini Tripod,1,13.05,UAE
INV503084,2025-04-30 00:00:00,CUST1311,Backpack,4,43.4,India
INV503084,2025-04-30 00:00:00,CUST1311,,4,17.02,UAE
INV503108,2025-04-30 00:00:00,CUST1313,Mechanical Keyboard,4,61.71,India
INV503108,2025-04-30 00:00:00,CUST1313,Desk Lamp,4,25.74,India
INV503108,2025-04-30 00:00:00,CUST1313,Desk Lamp,4,24.84,United Kingdom
INV503720,2025-04-30 00:00:00,CUST1379,Mechanical Keyboard,3,58.25,UAE
INV503720,2025-04-30 00:00:00,CUST1379,Portable SSD,3,90.49,UAE
INV503720,2025-04-30 00:00:00,CUST1379,USB-C Hub,4,31.39,India
INV503883,2025-04-30 00:00:00,CUST1397,Mini Tripod,4,13.73,India
INV503883,2025-04-30 00:00:00,CUST1397,Notebook Set,1,9.23,Singapore
INV500064,2025-05-01 00:00:00,CUST1006,Mechanical Keyboard,3,44.39,India
INV500064,2025-05-01 00:00:00,CUST1006,Fitness Band,1,29.56,India
INV501689,2025-05-01 00:00:00,CUST1169,Gaming Mouse Pad,2,15.73,United Kingdom
INV501689,2025-05-01 00:00:00,CUST1169,Smartwatch Strap,3,13.58,United Kingdom
INV501689,2025-05-01 00:00:00,CUST1169,HDMI Cable,2,9.65,India
INV502753,2025-05-01 00:00:00,CUST1279,HDMI Cable,2,9.73,Singapore
INV502757,2025-05-01 00:00:00,CUST1279,Bluetooth Speaker,3,38.51,India
INV502757,2025-05-01 00:00:00,CUST1279,Power Bank,2,25.87,India
INV502757,2025-05-01 00:00:00,CUST1279,Power Bank,2,27.01,India
INV503151,2025-05-01 00:00:00,CUST1317,Gaming Mouse Pad,1,16.87,India
INV501043,2025-05-02 00:00:00,CUST1102,USB-C Hub,2,26.63,United Kingdom
INV501043,2025-05-02 00:00:00,CUST1102,Notebook Set,1,6.2,India
INV501043,2025-05-02 00:00:00,CUST1102,Phone Case,2,8.97,India
INV501116,2025-05-02 00:00:00,CUST1110,Wireless Mouse,3,16.79,India
INV501116,2025-05-02 00:00:00,CUST1110,Laptop Stand,3,29.43,Singapore
INV501116,2025-05-02 00:00:00,CUST1110,USB-C Hub,4,25.06,India
INV502569,2025-05-02 00:00:00,CUST1261,Headphones,3,56.6,India
INV502569,2025-05-02 00:00:00,CUST1261,Gaming Mouse Pad,1,20.13,India
INV502988,2025-05-02 00:00:00,CUST1301,Webcam,2,40.37,India
INV502988,2025-05-02 00:00:00,CUST1301,Mechanical Keyboard,4,43.04,India
INV503671,2025-05-02 00:00:00,CUST1376,USB-C Hub,3,47.18,United Kingdom
INV503671,2025-05-02 00:00:00,CUST1376,Headphones,4,75.49,India
INV501043,2025-05-02 00:00:00,CUST1102,USB-C Hub,2,26.63,United Kingdom
INV500624,2025-05-03 00:00:00,CUST1059,Smartwatch Strap,2,12.29,India
INV500941,2025-05-03 00:00:00,CUST1092,Charging Cable,3,5.65,India
INV500941,2025-05-03 00:00:00,CUST1092,HDMI Cable,3,8.77,UAE
INV500041,2025-05-04 00:00:00,CUST1004,Charging Cable,2,6.94,India
INV500041,2025-05-04 00:00:00,CUST1004,Gaming Mouse Pad,1,16.76,India
INV500041,2025-05-04 00:00:00,CUST1004,Smartwatch Strap,1,12.7,India
INV500645,2025-05-04 00:00:00,CUST1061,Headphones,1,46.61,UAE
INV500645,2025-05-04 00:00:00,CUST1061,Phone Case,1,8.5,United Kingdom
INV500952,2025-05-04 00:00:00,CUST1094,USB-C Hub,2,28.4,India
INV500952,2025-05-04 00:00:00,CUST1094,Notebook Set,4,7.39,India
INV502526,2025-05-04 00:00:00,CUST1257,Backpack,4,50.91,India
INV502907,2025-05-04 00:00:00,CUST1295,Bluetooth Speaker,3,32.03,India
INV502907,2025-05-04 00:00:00,CUST1295,Desk Lamp,1,19.72,India
INV502907,2025-05-04 00:00:00,CUST1295,Notebook Set,1,6.88,Singapore
INV500591,2025-05-05 00:00:00,CUST1054,Desk Lamp,2,23.14,India
INV500591,2025-05-05 00:00:00,CUST1054,Headphones,2,48.39,United Kingdom
INV500593,2025-05-05 00:00:00,CUST1054,Fitness Band,2,28.44,Singapore
INV500593,2025-05-05 00:00:00,CUST1054,Backpack,3,35.27,India
INV500593,2025-05-05 00:00:00,CUST1054,Desk Lamp,3,21.78,UAE
INV500809,2025-05-05 00:00:00,CUST1080,Portable SSD,4,86.31,India
INV500893,2025-05-05 00:00:00,CUST1089,Smartwatch Strap,2,13.63,India
INV502164,2025-05-05 00:00:00,CUST1216,Webcam,4,52.55,India
INV502164,2025-05-05 00:00:00,CUST1216,Gaming Mouse Pad,1,17.56,India
INV500907,2025-05-06 00:00:00,CUST1090,Portable SSD,3,135.34,UAE
INV501734,2025-05-06 00:00:00,CUST1173,Mini Tripod,2,12.91,United Kingdom
INV501050,2025-05-07 00:00:00,CUST1104,Laptop Stand,3,33.88,United Kingdom
INV501050,2025-05-07 00:00:00,CUST1104,Portable SSD,3,89.37,India
INV501050,2025-05-07 00:00:00,CUST1104,Notebook Set,2,7.04,United Kingdom
INV501160,2025-05-07 00:00:00,CUST1116,Fitness Band,4,28.12,United Kingdom
INV501160,2025-05-07 00:00:00,CUST1116,Fitness Band,2,31.39,India
INV501160,2025-05-07 00:00:00,CUST1116,HDMI Cable,1,8.26,Singapore
INV500235,2025-05-08 00:00:00,CUST1020,Bluetooth Speaker,5,58.71,Singapore
INV500235,2025-05-08 00:00:00,,USB-C Hub,2,40.39,India
INV500235,2025-05-08 00:00:00,CUST1020,Phone Case,3,12.21,India
INV501000,2025-05-08 00:00:00,CUST1099,Fitness Band,1,35.71,India
INV501000,2025-05-08 00:00:00,CUST1099,Headphones,1,51.96,United Kingdom
INV501816,2025-05-08 00:00:00,CUST1180,HDMI Cable,1,8.22,United Kingdom
INV500997,2025-05-09 00:00:00,CUST1098,Phone Case,2,10.12,India
INV501653,2025-05-09 00:00:00,CUST1166,Charging Cable,3,9.78,United Kingdom
INV501653,2025-05-09 00:00:00,CUST1166,Portable SSD,4,122.61,United Kingdom
INV501795,2025-05-09 00:00:00,CUST1178,Mechanical Keyboard,3,52.58,UAE
INV501795,2025-05-09 00:00:00,CUST1178,Gaming Mouse Pad,4,16.36,India
INV501795,2025-05-09 00:00:00,CUST1178,Wireless Mouse,2,20.62,India
INV500735,2025-05-10 00:00:00,CUST1072,Smartwatch Strap,2,12.1,India
INV500854,2025-05-10 00:00:00,CUST1085,Webcam,4,41.1,UAE
INV500854,2025-05-10 00:00:00,CUST1085,Gaming Mouse Pad,1,14.56,United Kingdom
INV500854,2025-05-10 00:00:00,CUST1085,Power Bank,1,26.5,UAE
INV501022,2025-05-10 00:00:00,CUST1101,Phone Case,3,14.23,Singapore
INV501022,2025-05-10 00:00:00,CUST1101,Mechanical Keyboard,3,76.23,Singapore
INV501162,2025-05-10 00:00:00,CUST1116,Headphones,4,47.62,India
INV501162,2025-05-10 00:00:00,CUST1116,Headphones,3,47.81,United Kingdom
INV501162,2025-05-10 00:00:00,CUST1116,Laptop Stand,1,28.12,Singapore
INV502625,2025-05-10 00:00:00,CUST1268,Mechanical Keyboard,3,54.38,Singapore
INV502625,2025-05-10 00:00:00,CUST1268,Headphones,3,46.15,UAE
INV502625,2025-05-10 00:00:00,CUST1268,HDMI Cable,2,7.83,India
INV503642,2025-05-10 00:00:00,CUST1371,Smartwatch Strap,1,12.54,India
INV503642,2025-05-10 00:00:00,CUST1371,Desk Lamp,1,25.71,United Kingdom
INV503642,2025-05-10 00:00:00,CUST1371,Charging Cable,1,7.04,UAE
INV501162,2025-05-10 00:00:00,CUST1116,Laptop Stand,1,28.12,Singapore
INV501442,2025-05-11 00:00:00,CUST1143,Water Bottle,3,16.78,India
INV501442,2025-05-11 00:00:00,CUST1143,Mechanical Keyboard,2,67.61,India
INV502129,2025-05-11 00:00:00,CUST1212,Smartwatch Strap,1,10.81,United Kingdom
INV502129,2025-05-11 00:00:00,CUST1212,Bluetooth Speaker,3,40.26,United Kingdom
INV502193,2025-05-11 00:00:00,CUST1220,USB-C Hub,4,31.22,Singapore
INV502193,2025-05-11 00:00:00,CUST1220,Phone Case,1,10.93,Singapore
INV502193,2025-05-11 00:00:00,CUST1220,Backpack,3,41.02,United Kingdom
INV503893,2025-05-11 00:00:00,CUST1398,Mini Tripod,1,12.07,United Kingdom
INV501431,2025-05-12 00:00:00,CUST1143,Phone Case,2,10.25,India
INV501431,2025-05-12 00:00:00,CUST1143,Bluetooth Speaker,1,43.44,India
INV501431,2025-05-12 00:00:00,CUST1143,USB-C Hub,2,33.41,India
INV502267,2025-05-12 00:00:00,CUST1230,Webcam,3,38.74,India
INV502267,2025-05-12 00:00:00,CUST1230,Headphones,2,38.34,India
INV503116,2025-05-12 00:00:00,CUST1314,Desk Lamp,6,35.48,India
INV503901,2025-05-12 00:00:00,CUST1400,Laptop Stand,1,28.03,India
INV503901,2025-05-12 00:00:00,CUST1400,Backpack,4,31.87,UAE
INV503901,2025-05-12 00:00:00,CUST1400,Desk Lamp,1,22.59,India
INV501773,2025-05-13 00:00:00,CUST1177,Notebook Set,2,10.37,UAE
INV501773,2025-05-13 00:00:00,CUST1177,Desk Lamp,2,37.75,United Kingdom
INV502754,2025-05-13 00:00:00,CUST1279,Fitness Band,4,33.69,India
INV502754,2025-05-13 00:00:00,CUST1279,Fitness Band,1,35.85,India
INV500383,2025-05-14 00:00:00,CUST1035,Water Bottle,1,17.24,India
INV500383,2025-05-14 00:00:00,CUST1035,Smartwatch Strap,4,15.39,India
INV502892,2025-05-14 00:00:00,CUST1293,Bluetooth Speaker,2,35.24,India
INV503791,2025-05-14 00:00:00,CUST1387,Smartwatch Strap,3,19.83,India
INV503791,2025-05-14 00:00:00,CUST1387,Phone Case,5,13.54,UAE
INV501006,2025-05-15 00:00:00,CUST1100,Wireless Mouse,2,19.53,UAE
INV501006,2025-05-15 00:00:00,CUST1100,Smartwatch Strap,2,13.88,UAE
INV501006,2025-05-15 00:00:00,CUST1100,Gaming Mouse Pad,2,17.86,India
INV501468,2025-05-15 00:00:00,CUST1146,Backpack,2,40.71,United Kingdom
INV501468,2025-05-15 00:00:00,CUST1146,Portable SSD,1,110.7,UAE
INV501468,2025-05-15 00:00:00,CUST1146,Smartwatch Strap,4,14.36,India
INV501879,2025-05-15 00:00:00,CUST1187,Backpack,1,37.51,United Kingdom
INV501879,2025-05-15 00:00:00,CUST1187,Smartwatch Strap,1,13.98,India
INV502653,2025-05-15 00:00:00,CUST1271,Desk Lamp,3,25.56,India
INV502653,2025-05-15 00:00:00,CUST1271,Laptop Stand,2,31.66,India
INV502653,2025-05-15 00:00:00,CUST1271,Webcam,4,47.4,Singapore
INV503181,2025-05-15 00:00:00,CUST1321,Fitness Band,1,33.13,Singapore
INV503181,2025-05-15 00:00:00,CUST1321,Mechanical Keyboard,2,63.04,India
INV503181,2025-05-15 00:00:00,CUST1321,Smartwatch Strap,3,13.0,United Kingdom
INV502305,2025-05-16 00:00:00,CUST1232,Notebook Set,3,8.16,UAE
INV502305,2025-05-16 00:00:00,CUST1232,Gaming Mouse Pad,4,14.95,United Kingdom
INV503234,2025-05-16 00:00:00,CUST1325,HDMI Cable,3,13.65,UAE
INV503234,2025-05-16 00:00:00,CUST1325,Desk Lamp,5,35.79,India
CINV503366,2025-05-16 00:00:00,CUST1340,USB-C Hub,-1,36.37,Singapore
INV503366,2025-05-16 00:00:00,CUST1340,Charging Cable,4,8.44,India
INV503810,2025-05-16 00:00:00,CUST1389,Webcam,2,48.24,India
INV500038,2025-05-17 00:00:00,CUST1003,USB-C Hub,4,32.4,India
INV500038,2025-05-17 00:00:00,CUST1003,Notebook Set,1,9.1,India
INV502731,2025-05-18 00:00:00,CUST1277,Smartwatch Strap,6,17.56,India
INV502731,2025-05-18 00:00:00,CUST1277,Phone Case,6,12.27,United Kingdom
INV502731,2025-05-18 00:00:00,CUST1277,Portable SSD,2,114.09,India
INV503454,2025-05-18 00:00:00,CUST1350,Backpack,4,42.56,UAE
INV500328,2025-05-19 00:00:00,CUST1028,Phone Case,4,12.81,Singapore
INV500626,2025-05-19 00:00:00,CUST1059,Headphones,4,49.37,UAE
INV500626,2025-05-19 00:00:00,CUST1059,Portable SSD,1,101.35,India
INV500626,2025-05-19 00:00:00,CUST1059,Mini Tripod,4,11.81,India
INV501666,2025-05-19 00:00:00,CUST1167,Headphones,4,52.69,India
INV501666,2025-05-19 00:00:00,CUST1167,USB-C Hub,3,32.08,United Kingdom
INV502492,2025-05-19 00:00:00,CUST1254,HDMI Cable,2,8.53,India
INV502599,2025-05-19 00:00:00,CUST1264,Water Bottle,3,15.95,India
INV502599,2025-05-19 00:00:00,CUST1264,Gaming Mouse Pad,2,18.94,United Kingdom
INV500587,2025-05-20 00:00:00,CUST1053,Laptop Stand,4,41.04,India
INV500587,2025-05-20 00:00:00,CUST1053,Gaming Mouse Pad,1,18.5,India
INV500587,2025-05-20 00:00:00,CUST1053,Charging Cable,2,7.64,India
INV502261,2025-05-20 00:00:00,CUST1229,Mini Tripod,1,12.7,India
INV502261,2025-05-20 00:00:00,CUST1229,Laptop Stand,1,32.99,Singapore
INV502376,2025-05-20 00:00:00,CUST1240,Notebook Set,3,7.03,India
INV502544,2025-05-20 00:00:00,CUST1258,Fitness Band,4,34.23,India
INV502544,2025-05-20 00:00:00,CUST1258,Wireless Mouse,3,17.15,United Kingdom
INV502544,2025-05-20 00:00:00,CUST1258,Fitness Band,4,29.19,UAE
INV500348,2025-05-21 00:00:00,CUST1028,Water Bottle,6,20.43,United Kingdom
INV501263,2025-05-21 00:00:00,CUST1127,Laptop Stand,4,50.05,India
INV501263,2025-05-21 00:00:00,CUST1127,Water Bottle,3,20.87,India
INV501263,2025-05-21 00:00:00,CUST1127,Laptop Stand,5,43.22,India
INV501628,2025-05-21 00:00:00,CUST1164,Power Bank,2,26.79,India
INV501628,2025-05-21 00:00:00,CUST1164,Notebook Set,2,6.2,United Kingdom
INV501628,2025-05-21 00:00:00,CUST1164,Mini Tripod,2,10.94,India
INV502143,2025-05-21 00:00:00,CUST1214,Headphones,4,45.74,Singapore
INV502756,2025-05-21 00:00:00,CUST1279,USB-C Hub,1,32.91,Singapore
INV502756,2025-05-21 00:00:00,CUST1279,Smartwatch Strap,3,11.84,United Kingdom
INV502756,2025-05-21 00:00:00,CUST1279,Charging Cable,4,6.22,UAE
INV500727,2025-05-22 00:00:00,CUST1071,Water Bottle,4,13.94,India
INV501192,2025-05-22 00:00:00,CUST1120,Bluetooth Speaker,3,45.06,India
INV502707,2025-05-22 00:00:00,CUST1276,Fitness Band,2,46.98,India
INV502856,2025-05-22 00:00:00,CUST1289,Portable SSD,3,102.76,India
INV502971,2025-05-22 00:00:00,CUST1299,Water Bottle,2,22.31,India
INV502971,2025-05-22 00:00:00,CUST1299,Smartwatch Strap,5,19.7,United Kingdom
INV502971,2025-05-22 00:00:00,CUST1299,Smartwatch Strap,5,19.17,Singapore
INV503516,2025-05-22 00:00:00,CUST1356,Mini Tripod,1,13.02,UAE
INV503767,2025-05-22 00:00:00,CUST1385,HDMI Cable,4,10.81,UAE
INV503767,2025-05-22 00:00:00,CUST1385,Smartwatch Strap,4,15.66,India
INV503228,2025-05-23 00:00:00,CUST1325,Water Bottle,4,21.99,India
INV503228,2025-05-23 00:00:00,CUST1325,HDMI Cable,6,12.22,India
INV503228,2025-05-23 00:00:00,CUST1325,Wireless Mouse,4,29.09,Singapore
INV500707,2025-05-24 00:00:00,CUST1069,Laptop Stand,3,32.44,India
INV501342,2025-05-24 00:00:00,CUST1135,Phone Case,3,11.2,UAE
INV502399,2025-05-24 00:00:00,CUST1243,USB-C Hub,2,22.88,India
INV502399,2025-05-24 00:00:00,CUST1243,Webcam,3,36.36,India
INV502399,2025-05-24 00:00:00,CUST1243,Wireless Mouse,2,15.44,India
INV502571,2025-05-24 00:00:00,,Headphones,1,55.49,India
INV503322,2025-05-24 00:00:00,CUST1336,Notebook Set,3,7.33,Singapore
INV503322,2025-05-24 00:00:00,CUST1336,Mini Tripod,1,12.94,Singapore
INV503322,2025-05-24 00:00:00,CUST1336,Bluetooth Speaker,2,36.24,Singapore
INV500674,2025-05-25 00:00:00,CUST1067,Notebook Set,2,7.66,India
INV500674,2025-05-25 00:00:00,CUST1067,Charging Cable,3,7.57,India
INV502107,2025-05-25 00:00:00,CUST1208,Power Bank,2,32.35,India
INV502770,2025-05-25 00:00:00,CUST1281,Portable SSD,2,65.09,India
INV502770,2025-05-25 00:00:00,CUST1281,Webcam,1,31.54,India
INV502770,2025-05-25 00:00:00,CUST1281,Wireless Mouse,1,14.99,India
INV503272,2025-05-25 00:00:00,CUST1330,Headphones,4,49.5,India
INV503574,2025-05-25 00:00:00,CUST1362,Notebook Set,1,8.72,India
INV503574,2025-05-25 00:00:00,CUST1362,Fitness Band,1,33.0,India
INV500341,2025-05-26 00:00:00,CUST1028,Webcam,5,65.1,UAE
INV501657,2025-05-26 00:00:00,CUST1167,Desk Lamp,1,25.0,United Kingdom
INV501657,2025-05-26 00:00:00,CUST1167,Water Bottle,3,14.58,Singapore
INV503676,2025-05-26 00:00:00,CUST1376,Webcam,2,68.5,India
INV503676,2025-05-26 00:00:00,CUST1376,,3,18.63,United Kingdom
INV500651,2025-05-27 00:00:00,CUST1063,Portable SSD,1,74.05,India
INV500651,2025-05-27 00:00:00,CUST1063,Power Bank,2,23.4,India
INV500651,2025-05-27 00:00:00,CUST1063,Backpack,1,33.35,India
INV500743,2025-05-27 00:00:00,CUST1073,Mini Tripod,2,11.29,India
INV500743,2025-05-27 00:00:00,CUST1073,Charging Cable,1,6.87,Singapore
INV501287,2025-05-27 00:00:00,CUST1131,Smartwatch Strap,2,12.49,UAE
INV501287,2025-05-27 00:00:00,CUST1131,Bluetooth Speaker,4,45.91,India
INV502557,2025-05-27 00:00:00,CUST1259,USB-C Hub,2,32.72,UAE
INV502557,2025-05-27 00:00:00,CUST1259,Laptop Stand,4,37.72,Singapore
INV503632,2025-05-27 00:00:00,CUST1369,Bluetooth Speaker,6,55.6,India
INV503788,2025-05-27 00:00:00,CUST1387,Phone Case,4,15.83,India
INV500378,2025-05-28 00:00:00,CUST1034,,2,10.63,United Kingdom
INV500378,2025-05-28 00:00:00,CUST1034,Mechanical Keyboard,2,48.68,India
INV500378,2025-05-28 00:00:00,CUST1034,Bluetooth Speaker,4,39.62,United Kingdom
INV500565,2025-05-28 00:00:00,CUST1052,Water Bottle,2,13.33,India
INV500565,2025-05-28 00:00:00,CUST1052,Water Bottle,3,12.64,India
INV500993,2025-05-28 00:00:00,CUST1097,Desk Lamp,1,28.05,India
INV500993,2025-05-28 00:00:00,CUST1097,Webcam,4,49.71,United Kingdom
INV501456,2025-05-28 00:00:00,CUST1145,Mini Tripod,3,11.23,Singapore
INV501456,2025-05-28 00:00:00,CUST1145,Fitness Band,1,30.09,India
INV501456,2025-05-28 00:00:00,CUST1145,Headphones,1,46.89,India
INV502188,2025-05-28 00:00:00,CUST1219,Bluetooth Speaker,4,39.04,India
INV502188,2025-05-28 00:00:00,CUST1219,Phone Case,3,9.8,Singapore
INV502188,2025-05-28 00:00:00,CUST1219,Charging Cable,4,6.93,India
INV503403,2025-05-28 00:00:00,CUST1344,Wireless Mouse,3,17.78,Singapore
INV500404,2025-05-29 00:00:00,CUST1039,HDMI Cable,4,8.72,India
INV501357,2025-05-29 00:00:00,CUST1135,Phone Case,4,12.33,India
INV501762,2025-05-29 00:00:00,CUST1177,Smartwatch Strap,5,17.33,United Kingdom
INV501762,2025-05-29 00:00:00,CUST1177,Webcam,3,62.12,India
INV503206,2025-05-29 00:00:00,CUST1324,Desk Lamp,2,25.61,India
INV503206,2025-05-29 00:00:00,CUST1324,Water Bottle,4,14.89,India
INV503426,2025-05-29 00:00:00,CUST1347,Power Bank,4,24.45,India
INV503426,2025-05-29 00:00:00,CUST1347,Gaming Mouse Pad,3,15.54,Singapore
INV500569,2025-05-30 00:00:00,CUST1052,HDMI Cable,1,8.13,India
INV500569,2025-05-30 00:00:00,CUST1052,Portable SSD,1,83.17,India
INV501135,2025-05-30 00:00:00,CUST1112,Headphones,1,48.86,UAE
INV501135,2025-05-30 00:00:00,CUST1112,Bluetooth Speaker,4,37.63,India
INV502812,2025-05-31 00:00:00,CUST1287,Desk Lamp,2,26.03,UAE
INV500026,2025-06-01 00:00:00,CUST1002,Gaming Mouse Pad,4,21.23,India
INV502734,2025-06-01 00:00:00,CUST1277,Laptop Stand,4,47.03,India
INV503734,2025-06-01 00:00:00,CUST1382,Mechanical Keyboard,4,57.99,UAE
INV503734,2025-06-01 00:00:00,CUST1382,Webcam,3,47.47,United Kingdom
INV500635,2025-06-02 00:00:00,CUST1060,Headphones,4,50.18,India
INV500635,2025-06-02 00:00:00,CUST1060,Power Bank,2,25.88,India
INV500635,2025-06-02 00:00:00,CUST1060,Phone Case,3,10.07,India
INV500687,2025-06-02 00:00:00,CUST1068,Phone Case,3,12.38,Singapore
INV500687,2025-06-02 00:00:00,CUST1068,HDMI Cable,6,10.47,UAE
INV500687,2025-06-02 00:00:00,CUST1068,Mechanical Keyboard,5,67.46,Singapore
INV501508,2025-06-02 00:00:00,CUST1150,Mini Tripod,1,11.31,India
INV501840,2025-06-02 00:00:00,CUST1184,Water Bottle,3,23.07,United Kingdom
CINV501840,2025-06-02 00:00:00,CUST1184,USB-C Hub,-2,48.78,India
INV501840,2025-06-02 00:00:00,CUST1184,Notebook Set,6,11.79,India
INV502553,2025-06-02 00:00:00,CUST1259,Water Bottle,2,14.66,UAE
INV500967,2025-06-03 00:00:00,CUST1095,Fitness Band,5,51.05,India
INV500967,2025-06-03 00:00:00,CUST1095,Water Bottle,6,18.8,India
INV501682,2025-06-03 00:00:00,CUST1169,Notebook Set,4,8.36,Singapore
INV501682,2025-06-03 00:00:00,CUST1169,Bluetooth Speaker,2,42.1,India
INV503209,2025-06-03 00:00:00,CUST1324,Power Bank,2,29.93,Singapore
INV503209,2025-06-03 00:00:00,CUST1324,Headphones,1,54.72,United Kingdom
INV500419,2025-06-04 00:00:00,CUST1042,Phone Case,6,14.98,UAE
INV500419,2025-06-04 00:00:00,CUST1042,Gaming Mouse Pad,3,25.01,India
INV500419,2025-06-04 00:00:00,CUST1042,Mini Tripod,5,17.97,UAE
INV501225,2025-06-04 00:00:00,CUST1125,Desk Lamp,2,28.94,UAE
INV502113,2025-06-04 00:00:00,CUST1209,Headphones,1,45.06,India
INV502113,2025-06-04 00:00:00,CUST1209,Headphones,4,47.69,India
INV502113,2025-06-04 00:00:00,CUST1209,Bluetooth Speaker,4,41.87,United Kingdom
INV502186,2025-06-04 00:00:00,CUST1219,USB-C Hub,1,30.18,India
INV502186,2025-06-04 00:00:00,CUST1219,Headphones,1,54.16,India
INV502394,2025-06-04 00:00:00,CUST1242,Smartwatch Strap,1,10.92,India
INV502394,2025-06-04 00:00:00,CUST1242,Notebook Set,1,5.94,UAE
INV502394,2025-06-04 00:00:00,CUST1242,Headphones,3,37.7,India
INV502687,2025-06-04 00:00:00,CUST1275,Power Bank,5,37.04,singapore
INV502687,2025-06-04 00:00:00,CUST1275,Desk Lamp,6,29.96,India
INV503530,2025-06-04 00:00:00,CUST1358,Desk Lamp,4,22.69,UAE
INV501329,2025-06-05 00:00:00,CUST1133,Notebook Set,1,7.18,India
INV501643,2025-06-05 00:00:00,CUST1166,Webcam,2,63.85,India
INV503046,2025-06-05 00:00:00,CUST1306,Power Bank,3,32.9,India
INV503046,2025-06-05 00:00:00,CUST1306,Power Bank,2,37.23,India
INV503816,2025-06-05 00:00:00,CUST1389,Mechanical Keyboard,4,59.17,India
INV503816,2025-06-05 00:00:00,CUST1389,Phone Case,4,10.88,UAE
INV503816,2025-06-05 00:00:00,CUST1389,Webcam,1,51.16,India
INV500136,2025-06-06 00:00:00,CUST1011,Wireless Mouse,1,19.42,India
INV500136,2025-06-06 00:00:00,CUST1011,Water Bottle,4,14.38,India
INV500136,2025-06-06 00:00:00,CUST1011,Mechanical Keyboard,2,55.47,India
INV500679,2025-06-06 00:00:00,CUST1067,Mini Tripod,2,12.03,United Kingdom
INV500679,2025-06-06 00:00:00,CUST1067,Backpack,1,40.25,India
INV500908,2025-06-06 00:00:00,CUST1090,Notebook Set,5,11.48,UAE
INV500908,2025-06-06 00:00:00,CUST1090,Wireless Mouse,4,25.37,India
INV500908,2025-06-06 00:00:00,CUST1090,Mechanical Keyboard,6,83.67,United Kingdom
INV500979,2025-06-06 00:00:00,CUST1096,Headphones,2,44.56,India
INV500979,2025-06-06 00:00:00,CUST1096,Bluetooth Speaker,3,37.47,India
INV501079,2025-06-06 00:00:00,CUST1107,Water Bottle,6,15.86,India
INV501201,2025-06-06 00:00:00,CUST1123,Backpack,1,36.37,India
INV501201,2025-06-06 00:00:00,CUST1123,Mini Tripod,1,10.91,India
INV501229,2025-06-06 00:00:00,CUST1126,Fitness Band,3,39.01,United Kingdom
INV501229,2025-06-06 00:00:00,CUST1126,Charging Cable,4,6.66,Singapore
INV501229,2025-06-06 00:00:00,CUST1126,Notebook Set,3,9.0,India
INV501902,2025-06-06 00:00:00,CUST1189,Desk Lamp,1,26.25,India
INV501902,2025-06-06 00:00:00,CUST1189,Charging Cable,2,6.51,United Kingdom
INV503142,2025-06-06 00:00:00,CUST1315,HDMI Cable,3,6.39,India
INV503142,2025-06-06 00:00:00,CUST1315,Fitness Band,2,25.29,India
INV503230,2025-06-06 00:00:00,CUST1325,Portable SSD,2,131.39,UAE
INV503230,2025-06-06 00:00:00,CUST1325,Gaming Mouse Pad,2,26.13,United Kingdom
INV503727,2025-06-06 00:00:00,CUST1380,Webcam,1,38.64,India
INV500104,2025-06-07 00:00:00,CUST1009,Portable SSD,4,99.6,India
INV503174,2025-06-07 00:00:00,CUST1320,Backpack,1,42.9,United Kingdom
INV503174,2025-06-07 00:00:00,CUST1320,Gaming Mouse Pad,4,17.26,UAE
INV503348,2025-06-07 00:00:00,CUST1339,Mechanical Keyboard,4,50.17,Singapore
INV503348,2025-06-07 00:00:00,CUST1339,Smartwatch Strap,1,11.41,United Kingdom
INV503348,2025-06-07 00:00:00,CUST1339,Water Bottle,1,13.97,India
INV500133,2025-06-08 00:00:00,CUST1010,Charging Cable,5,8.33,Singapore
INV500133,2025-06-08 00:00:00,CUST1010,Bluetooth Speaker,4,58.67,UAE
INV500455,2025-06-08 00:00:00,CUST1043,Backpack,4,45.37,United Kingdom
INV500455,2025-06-08 00:00:00,CUST1043,HDMI Cable,1,9.29,India
INV500455,2025-06-08 00:00:00,CUST1043,Backpack,2,40.01,India
INV500772,2025-06-08 00:00:00,CUST1076,Mini Tripod,3,10.91,United Kingdom
INV500772,2025-06-08 00:00:00,CUST1076,Fitness Band,3,28.46,India
INV500772,2025-06-08 00:00:00,CUST1076,Fitness Band,1,32.24,United Kingdom
INV501005,2025-06-08 00:00:00,CUST1099,Fitness Band,4,30.05,India
INV501005,2025-06-08 00:00:00,CUST1099,Desk Lamp,4,23.69,India
INV501005,2025-06-08 00:00:00,CUST1099,Smartwatch Strap,3,13.18,UAE
INV501428,2025-06-08 00:00:00,CUST1142,Mini Tripod,1,9.76,Singapore
INV501428,2025-06-08 00:00:00,CUST1142,Portable SSD,2,71.95,India
INV501428,2025-06-08 00:00:00,CUST1142,Gaming Mouse Pad,3,13.06,United Kingdom
INV502011,2025-06-08 00:00:00,CUST1200,Gaming Mouse Pad,4,17.81,UAE
INV503342,2025-06-08 00:00:00,CUST1338,Power Bank,3,25.12,United Kingdom
INV503342,2025-06-08 00:00:00,CUST1338,Webcam,1,46.12,India
INV503342,2025-06-08 00:00:00,CUST1338,Laptop Stand,1,30.35,UAE
INV500704,2025-06-09 00:00:00,CUST1069,USB-C Hub,3,32.22,India
INV500704,2025-06-09 00:00:00,CUST1069,Mini Tripod,4,13.37,United Kingdom
INV500814,2025-06-09 00:00:00,CUST1080,Power Bank,1,28.54,Singapore
INV500814,2025-06-09 00:00:00,CUST1080,Notebook Set,1,7.22,Singapore
INV503437,2025-06-09 00:00:00,CUST1348,Fitness Band,4,33.46,India
INV502858,2025-06-10 00:00:00,CUST1290,Phone Case,1,10.66,India
INV503330,2025-06-10 00:00:00,CUST1336,Mechanical Keyboard,3,56.47,United Kingdom
INV503685,2025-06-10 00:00:00,CUST1376,USB-C Hub,4,42.55,Singapore
INV502640,2025-06-11 00:00:00,CUST1270,Power Bank,2,37.98,India
INV502676,2025-06-11 00:00:00,CUST1274,Phone Case,3,11.63,India
INV502676,2025-06-11 00:00:00,CUST1274,Notebook Set,2,7.5,India
INV502045,2025-06-12 00:00:00,CUST1204,Gaming Mouse Pad,2,16.0,India
INV502355,2025-06-12 00:00:00,CUST1237,Notebook Set,1,7.47,UAE
INV502503,2025-06-12 00:00:00,CUST1255,Headphones,3,62.8,Singapore
INV503500,2025-06-12 00:00:00,CUST1354,Notebook Set,4,11.67,United Kingdom
INV503500,2025-06-12 00:00:00,CUST1354,HDMI Cable,4,11.41,India
INV503599,2025-06-12 00:00:00,CUST1366,Charging Cable,3,5.06,Singapore
INV503599,2025-06-12 00:00:00,CUST1366,HDMI Cable,1,7.12,India
INV503599,2025-06-12 00:00:00,CUST1366,Bluetooth Speaker,1,32.0,India
INV503848,2025-06-12 00:00:00,CUST1395,USB-C Hub,5,34.81,India
INV503848,2025-06-12 00:00:00,CUST1395,HDMI Cable,5,11.65,Singapore
INV503848,2025-06-12 00:00:00,CUST1395,Mechanical Keyboard,4,72.79,United Kingdom
INV500546,2025-06-13 00:00:00,CUST1048,Gaming Mouse Pad,3,15.89,India
INV500546,2025-06-13 00:00:00,CUST1048,Backpack,1,39.99,UAE
INV500546,2025-06-13 00:00:00,CUST1048,USB-C Hub,3,30.14,India
INV502260,2025-06-13 00:00:00,CUST1229,USB-C Hub,3,36.08,UAE
INV502260,2025-06-13 00:00:00,CUST1229,Notebook Set,2,9.27,India
INV503424,2025-06-13 00:00:00,CUST1346,Phone Case,4,9.05,United Kingdom
INV503424,2025-06-13 00:00:00,CUST1346,Smartwatch Strap,1,11.43,India
INV503737,2025-06-13 00:00:00,CUST1382,Water Bottle,3,13.52,United Kingdom
INV503737,2025-06-13 00:00:00,CUST1382,Mini Tripod,3,11.06,UAE
INV502207,2025-06-14 00:00:00,CUST1221,Headphones,1,54.72,India
INV502207,2025-06-14 00:00:00,CUST1221,Gaming Mouse Pad,4,16.04,United Kingdom
INV503401,2025-06-14 00:00:00,CUST1343,Water Bottle,4,18.35,Singapore
INV503401,2025-06-14 00:00:00,CUST1343,Smartwatch Strap,4,14.7,Singapore
INV501026,2025-06-15 00:00:00,CUST1101,Gaming Mouse Pad,6,25.59,UAE
INV501748,2025-06-15 00:00:00,CUST1175,USB-C Hub,3,25.26,Singapore
INV501748,2025-06-15 00:00:00,CUST1175,Mini Tripod,4,10.44,India
INV501748,2025-06-15 00:00:00,CUST1175,USB-C Hub,4,30.09,India
INV501853,2025-06-15 00:00:00,CUST1185,Portable SSD,3,97.77,India
INV501853,2025-06-15 00:00:00,CUST1185,Wireless Mouse,4,23.42,India
INV502225,2025-06-15 00:00:00,CUST1225,Charging Cable,5,9.4,Singapore
INV502499,2025-06-15 00:00:00,CUST1255,Laptop Stand,4,36.62,Singapore
INV502499,2025-06-15 00:00:00,CUST1255,Webcam,2,50.67,India
INV500369,2025-06-16 00:00:00,CUST1033,Bluetooth Speaker,3,36.59,Singapore
INV500676,2025-06-16 00:00:00,CUST1067,Charging Cable,3,7.32,UAE
INV500676,2025-06-16 00:00:00,CUST1067,Backpack,3,38.2,India
INV500676,2025-06-16 00:00:00,CUST1067,Wireless Mouse,2,18.99,India
INV501311,2025-06-16 00:00:00,CUST1132,Power Bank,2,31.8,UAE
INV501324,2025-06-16 00:00:00,CUST1133,Mechanical Keyboard,3,58.9,India
INV501324,2025-06-16 00:00:00,CUST1133,Notebook Set,4,7.51,India
INV501324,2025-06-16 00:00:00,CUST1133,Smartwatch Strap,4,13.0,India
INV503199,2025-06-16 00:00:00,CUST1323,Power Bank,3,31.35,India
INV503199,2025-06-16 00:00:00,CUST1323,USB-C Hub,2,33.61,India
INV503199,2025-06-16 00:00:00,CUST1323,USB-C Hub,4,29.98,United Kingdom
INV503380,2025-06-16 00:00:00,CUST1342,Fitness Band,1,34.3,India
INV503380,2025-06-16 00:00:00,CUST1342,Bluetooth Speaker,2,38.49,United Kingdom
INV503380,2025-06-16 00:00:00,CUST1342,Laptop Stand,2,30.1,India
INV500549,2025-06-17 00:00:00,CUST1049,Gaming Mouse Pad,3,15.05,United Kingdom
INV502254,2025-06-17 00:00:00,CUST1228,Power Bank,2,29.43,United Kingdom
INV502444,2025-06-17 00:00:00,CUST1249,Backpack,2,42.11,India
INV502444,2025-06-17 00:00:00,CUST1249,Charging Cable,2,7.19,India
INV502491,2025-06-17 00:00:00,CUST1254,Power Bank,2,28.57,India
INV502491,2025-06-17 00:00:00,CUST1254,Power Bank,4,30.22,Singapore
INV502491,2025-06-17 00:00:00,CUST1254,Power Bank,1,27.2,India
INV503312,2025-06-17 00:00:00,CUST1334,Water Bottle,6,17.22,India
INV503312,2025-06-17 00:00:00,CUST1334,Charging Cable,6,8.04,UAE
INV500309,2025-06-18 00:00:00,CUST1027,Phone Case,3,13.18,India
INV500309,2025-06-18 00:00:00,CUST1027,Mini Tripod,3,14.76,Singapore
INV500476,2025-06-18 00:00:00,CUST1045,Fitness Band,3,41.72,Singapore
INV500476,2025-06-18 00:00:00,CUST1045,Mechanical Keyboard,6,73.2,India
INV502029,2025-06-18 00:00:00,CUST1202,Mini Tripod,2,9.93,India
INV502029,2025-06-18 00:00:00,CUST1202,Mechanical Keyboard,1,49.49,UAE
INV502029,2025-06-18 00:00:00,CUST1202,HDMI Cable,2,7.86,UAE
INV502429,2025-06-18 00:00:00,CUST1248,Bluetooth Speaker,3,36.49,India
INV500275,2025-06-19 00:00:00,CUST1025,Water Bottle,4,14.88,India
INV500275,2025-06-19 00:00:00,CUST1025,Mini Tripod,2,12.49,India
INV500655,2025-06-19 00:00:00,CUST1063,Smartwatch Strap,2,11.91,United Kingdom
INV500655,2025-06-19 00:00:00,CUST1063,Charging Cable,3,6.01,India
INV500820,2025-06-19 00:00:00,CUST1080,Notebook Set,2,7.64,Singapore
INV500820,2025-06-19 00:00:00,CUST1080,Charging Cable,1,6.27,India
INV500820,2025-06-19 00:00:00,CUST1080,Backpack,4,38.22,India
INV502570,2025-06-19 00:00:00,CUST1261,Notebook Set,4,9.09,India
INV502570,2025-06-19 00:00:00,CUST1261,Headphones,2,60.13,India
INV502570,2025-06-19 00:00:00,CUST1261,Charging Cable,4,8.06,India
INV500153,2025-06-20 00:00:00,CUST1012,HDMI Cable,2,7.89,Singapore
INV500435,2025-06-20 00:00:00,CUST1042,Webcam,6,72.04,India
INV500435,2025-06-20 00:00:00,CUST1042,Portable SSD,3,129.99,United Kingdom
INV500435,2025-06-20 00:00:00,CUST1042,Water Bottle,5,22.61,India
INV501432,2025-06-20 00:00:00,CUST1143,Fitness Band,3,38.84,India
INV502259,2025-06-20 00:00:00,CUST1229,Charging Cable,2,8.02,India
INV503404,2025-06-20 00:00:00,CUST1344,Laptop Stand,2,31.76,India
INV503638,2025-06-20 00:00:00,CUST1370,USB-C Hub,4,29.44,United Kingdom
INV501366,2025-06-21 00:00:00,CUST1136,Desk Lamp,2,25.53,India
INV502245,2025-06-21 00:00:00,CUST1227,Headphones,2,35.79,Singapore
INV502245,2025-06-21 00:00:00,CUST1227,Headphones,1,42.13,Singapore
INV501793,2025-06-22 00:00:00,CUST1178,Mini Tripod,2,11.22,India
INV502042,2025-06-22 00:00:00,CUST1204,Notebook Set,2,7.33,Singapore
INV502042,2025-06-22 00:00:00,CUST1204,Water Bottle,2,13.76,India
INV502042,2025-06-22 00:00:00,CUST1204,Smartwatch Strap,3,13.51,India
INV502412,2025-06-22 00:00:00,CUST1245,Wireless Mouse,2,21.79,United Kingdom
INV502412,2025-06-22 00:00:00,CUST1245,Laptop Stand,2,34.0,Singapore
INV502412,2025-06-22 00:00:00,CUST1245,Charging Cable,4,7.14,India
INV500282,2025-06-23 00:00:00,CUST1026,Laptop Stand,1,34.62,Singapore
INV500282,2025-06-23 00:00:00,CUST1026,Gaming Mouse Pad,4,18.55,United Kingdom
INV500282,2025-06-23 00:00:00,CUST1026,Smartwatch Strap,1,13.98,Singapore
INV500406,2025-06-23 00:00:00,CUST1039,Headphones,3,50.21,India
INV500693,2025-06-23 00:00:00,CUST1068,Webcam,6,47.38,UAE
INV500936,2025-06-23 00:00:00,CUST1091,Laptop Stand,5,41.35,UAE
INV500936,2025-06-23 00:00:00,CUST1091,Wireless Mouse,5,28.04,Singapore
INV500931,2025-06-24 00:00:00,CUST1091,Headphones,5,63.81,India
INV500931,2025-06-24 00:00:00,CUST1091,Wireless Mouse,5,24.57,UAE
INV501531,2025-06-24 00:00:00,CUST1154,Phone Case,2,8.32,India
INV502073,2025-06-24 00:00:00,CUST1207,Bluetooth Speaker,3,47.92,India
INV503175,2025-06-24 00:00:00,CUST1320,Webcam,1,51.1,India
INV503320,2025-06-24 00:00:00,CUST1335,Bluetooth Speaker,1,39.57,Singapore
INV503320,2025-06-24 00:00:00,CUST1335,HDMI Cable,4,8.87,India
INV503573,2025-06-24 00:00:00,CUST1361,Backpack,2,38.62,India
INV503573,2025-06-24 00:00:00,CUST1361,Mini Tripod,2,11.12,United Kingdom
INV503573,2025-06-24 00:00:00,CUST1361,Backpack,3,35.42,India
INV500062,2025-06-25 00:00:00,CUST1006,Desk Lamp,3,19.52,India
INV500062,2025-06-25 00:00:00,CUST1006,Mechanical Keyboard,1,43.78,India
INV500223,2025-06-25 00:00:00,CUST1020,Backpack,3,56.52,Singapore
INV500223,2025-06-25 00:00:00,CUST1020,Power Bank,5,35.62,Singapore
INV500223,2025-06-25 00:00:00,CUST1020,Desk Lamp,4,32.6,India
INV500996,2025-06-25 00:00:00,CUST1097,Webcam,1,50.02,India
INV500996,2025-06-25 00:00:00,CUST1097,Power Bank,4,30.16,India
INV500996,2025-06-25 00:00:00,CUST1097,Desk Lamp,2,23.24,India
INV501356,2025-06-25 00:00:00,CUST1135,Webcam,3,48.48,UAE
CINV501356,2025-06-25 00:00:00,CUST1135,Backpack,-2,41.2,India
INV501356,2025-06-25 00:00:00,CUST1135,Fitness Band,5,36.82,India
INV501504,2025-06-25 00:00:00,CUST1150,Portable SSD,4,0.0,India
INV502329,2025-06-25 00:00:00,CUST1235,Notebook Set,1,8.17,India
INV503847,2025-06-25 00:00:00,CUST1395,Notebook Set,5,10.02,India
INV503847,2025-06-25 00:00:00,CUST1395,Power Bank,2,31.38,India
INV503847,2025-06-25 00:00:00,CUST1395,Power Bank,5,31.96,India
INV500100,2025-06-26 00:00:00,CUST1009,Bluetooth Speaker,2,46.38,India
INV500100,2025-06-26 00:00:00,CUST1009,Phone Case,1,11.24,Singapore
INV500361,2025-06-26 00:00:00,CUST1031,Desk Lamp,1,24.12,India
INV500361,2025-06-26 00:00:00,CUST1031,Backpack,4,42.96,India
INV500789,2025-06-26 00:00:00,CUST1078,Wireless Mouse,2,15.52,Singapore
INV500789,2025-06-26 00:00:00,CUST1078,Laptop Stand,3,27.39,India
INV500789,2025-06-26 00:00:00,CUST1078,Smartwatch Strap,1,10.3,India
INV501179,2025-06-26 00:00:00,CUST1119,Fitness Band,1,30.32,India
INV501179,2025-06-26 00:00:00,CUST1119,Portable SSD,1,71.3,United Kingdom
INV501179,2025-06-26 00:00:00,CUST1119,Portable SSD,2,68.99,India
INV500619,2025-06-27 00:00:00,CUST1058,Notebook Set,3,6.81,Singapore
INV500619,2025-06-27 00:00:00,CUST1058,Mechanical Keyboard,2,53.22,India
INV500619,2025-06-27 00:00:00,CUST1058,Backpack,2,33.26,India
INV502063,2025-06-27 00:00:00,CUST1206,Mechanical Keyboard,2,59.44,UAE
INV502596,2025-06-27 00:00:00,CUST1264,Power Bank,1,35.44,Singapore
INV502596,2025-06-27 00:00:00,CUST1264,Smartwatch Strap,3,13.84,UAE
INV502596,2025-06-27 00:00:00,CUST1264,Webcam,3,48.39,India
INV502607,2025-06-27 00:00:00,CUST1265,Laptop Stand,4,31.27,India
INV503305,2025-06-27 00:00:00,CUST1334,Desk Lamp,6,31.67,Singapore
INV503305,2025-06-27 00:00:00,CUST1334,Notebook Set,2,9.0,India
INV503305,2025-06-27 00:00:00,CUST1334,Power Bank,4,35.79,India
INV503368,2025-06-27 00:00:00,CUST1340,Gaming Mouse Pad,2,19.61,India
INV503368,2025-06-27 00:00:00,CUST1340,Headphones,2,60.25,India
INV503368,2025-06-27 00:00:00,CUST1340,Bluetooth Speaker,2,48.04,India
INV503778,2025-06-27 00:00:00,CUST1386,Wireless Mouse,4,19.22,Singapore
INV503778,2025-06-27 00:00:00,CUST1386,Webcam,2,50.9,UAE
INV500394,2025-06-28 00:00:00,CUST1037,USB-C Hub,3,27.45,India
INV500394,2025-06-28 00:00:00,CUST1037,HDMI Cable,3,9.04,Singapore
INV500394,2025-06-28 00:00:00,CUST1037,Mini Tripod,3,11.78,India
INV501526,2025-06-28 00:00:00,CUST1153,Backpack,3,40.69,United Kingdom
INV501526,2025-06-28 00:00:00,CUST1153,Mini Tripod,3,11.74,India
INV501526,2025-06-28 00:00:00,CUST1153,Wireless Mouse,2,20.71,Singapore
INV501966,2025-06-28 00:00:00,CUST1196,Gaming Mouse Pad,1,14.91,India
INV502290,2025-06-28 00:00:00,CUST1231,Portable SSD,6,117.53,Singapore
INV502290,2025-06-28 00:00:00,CUST1231,Mini Tripod,5,14.49,India
INV502290,2025-06-28 00:00:00,CUST1231,Notebook Set,3,10.04,India
INV501096,2025-06-29 00:00:00,CUST1108,Desk Lamp,2,22.85,India
INV503254,2025-06-29 00:00:00,CUST1328,Webcam,2,44.56,Singapore
INV503254,2025-06-29 00:00:00,CUST1328,Notebook Set,3,7.44,Singapore
INV503254,2025-06-29 00:00:00,CUST1328,Fitness Band,4,36.31,India
INV503416,2025-06-29 00:00:00,CUST1346,Wireless Mouse,2,16.35,India
INV503416,2025-06-29 00:00:00,CUST1346,Portable SSD,1,80.37,India
INV503416,2025-06-29 00:00:00,CUST1346,Mini Tripod,2,10.22,India
INV503545,2025-06-29 00:00:00,CUST1359,Mini Tripod,6,14.96,India
INV503677,2025-06-29 00:00:00,CUST1376,Mini Tripod,6,17.16,Singapore
INV502563,2025-06-30 00:00:00,CUST1260,Wireless Mouse,2,17.77,United Kingdom
INV502563,2025-06-30 00:00:00,CUST1260,Smartwatch Strap,1,10.86,United Kingdom
INV502673,2025-06-30 00:00:00,CUST1274,Backpack,4,44.75,India
INV502673,2025-06-30 00:00:00,CUST1274,Backpack,2,42.73,India
INV502673,2025-06-30 00:00:00,CUST1274,Water Bottle,2,16.73,India
INV503753,2025-06-30 00:00:00,CUST1384,Water Bottle,4,17.17,India
INV503753,2025-06-30 00:00:00,CUST1384,Mini Tripod,4,14.14,India
INV500013,2025-07-01 00:00:00,CUST1002,Mechanical Keyboard,2,75.57,India
INV500013,2025-07-01 00:00:00,CUST1002,Wireless Mouse,6,22.28,India
INV500013,2025-07-01 00:00:00,CUST1002,Portable SSD,2,113.66,India
INV501464,2025-07-01 00:00:00,CUST1145,Laptop Stand,1,32.96,India
INV501641,2025-07-01 00:00:00,CUST1166,Charging Cable,3,10.63,United Kingdom
INV502311,2025-07-01 00:00:00,CUST1232,Wireless Mouse,4,17.34,India
INV502445,2025-07-01 00:00:00,CUST1249,Headphones,1,47.01,Singapore
INV502445,2025-07-01 00:00:00,CUST1249,Mini Tripod,2,12.41,Singapore
INV502445,2025-07-01 00:00:00,CUST1249,Laptop Stand,1,31.06,UAE
INV502717,2025-07-01 00:00:00,CUST1276,HDMI Cable,5,11.19,United Kingdom
INV502717,2025-07-01 00:00:00,CUST1276,Laptop Stand,2,44.07,UAE
INV502717,2025-07-01 00:00:00,CUST1276,Webcam,3,61.68,India
INV503143,2025-07-01 00:00:00,CUST1315,Headphones,3,34.82,India
INV500017,2025-07-02 00:00:00,CUST1002,Notebook Set,2,10.12,Singapore
INV500017,2025-07-02 00:00:00,CUST1002,Portable SSD,2,110.73,India
INV500017,2025-07-02 00:00:00,CUST1002,Fitness Band,3,41.45,UAE
INV500194,2025-07-02 00:00:00,CUST1016,Wireless Mouse,1,16.02,India
INV500668,2025-07-02 00:00:00,CUST1066,Fitness Band,2,27.24,United Kingdom
INV500668,2025-07-02 00:00:00,CUST1066,Charging Cable,2,4.91,India
INV500880,2025-07-02 00:00:00,CUST1089,HDMI Cable,4,9.7,India
INV500880,2025-07-02 00:00:00,CUST1089,Desk Lamp,4,27.97,India
INV500880,2025-07-02 00:00:00,CUST1089,Smartwatch Strap,2,14.52,India
INV501341,2025-07-02 00:00:00,CUST1135,Gaming Mouse Pad,2,19.25,UAE
INV501341,2025-07-02 00:00:00,CUST1135,Backpack,3,45.84,India
INV502597,2025-07-02 00:00:00,CUST1264,Phone Case,4,11.22,Singapore
INV502716,2025-07-02 00:00:00,CUST1276,Bluetooth Speaker,5,49.13,UAE
INV502716,2025-07-02 00:00:00,CUST1276,Portable SSD,6,125.7,UAE
INV500723,2025-07-03 00:00:00,CUST1071,Backpack,1,37.58,UAE
INV502472,2025-07-03 00:00:00,CUST1252,Mechanical Keyboard,1,47.47,Singapore
INV502472,2025-07-03 00:00:00,CUST1252,HDMI Cable,2,8.53,India
INV502501,2025-07-03 00:00:00,CUST1255,HDMI Cable,1,10.2,UAE
INV502501,2025-07-03 00:00:00,CUST1255,Power Bank,4,32.81,India
INV502501,2025-07-03 00:00:00,CUST1255,Backpack,3,41.21,United Kingdom
INV500234,2025-07-04 00:00:00,CUST1020,Water Bottle,4,17.77,Singapore
INV500562,2025-07-04 00:00:00,CUST1051,Fitness Band,3,35.35,UAE
INV502160,2025-07-04 00:00:00,CUST1215,Phone Case,1,9.43,India
INV502160,2025-07-04 00:00:00,CUST1215,Charging Cable,3,5.63,Singapore
INV502160,2025-07-04 00:00:00,CUST1215,Notebook Set,3,6.84,India
INV502974,2025-07-04 00:00:00,CUST1300,Notebook Set,4,6.92,UAE
INV503402,2025-07-04 00:00:00,CUST1344,Headphones,4,51.32,United Kingdom
INV503402,2025-07-04 00:00:00,CUST1344,HDMI Cable,2,9.32,UAE
INV503402,2025-07-04 00:00:00,CUST1344,Webcam,1,48.91,India
INV500126,2025-07-05 00:00:00,CUST1010,Bluetooth Speaker,3,52.07,UAE
INV500126,2025-07-05 00:00:00,CUST1010,Smartwatch Strap,4,18.38,United Kingdom
INV500139,2025-07-06 00:00:00,CUST1011,Charging Cable,2,6.51,United Kingdom
INV501634,2025-07-06 00:00:00,CUST1166,Webcam,2,72.05,Singapore
INV502336,2025-07-06 00:00:00,CUST1236,Fitness Band,5,51.76,India
INV502357,2025-07-06 00:00:00,CUST1237,Webcam,2,44.92,India
INV502784,2025-07-06 00:00:00,CUST1284,Charging Cable,4,6.67,India
INV503050,2025-07-06 00:00:00,CUST1307,Smartwatch Strap,4,12.15,United Kingdom
INV503489,2025-07-06 00:00:00,CUST1354,Mini Tripod,6,15.84,United Kingdom
INV503489,2025-07-06 00:00:00,CUST1354,Fitness Band,2,49.06,India
INV501434,2025-07-07 00:00:00,CUST1143,Charging Cable,2,7.0,India
INV501434,2025-07-07 00:00:00,CUST1143,Headphones,4,54.29,United Kingdom
INV501691,2025-07-07 00:00:00,CUST1169,Mini Tripod,2,12.37,Singapore
INV502476,2025-07-07 00:00:00,CUST1253,Phone Case,3,12.44,UAE
INV502938,2025-07-07 00:00:00,CUST1298,Desk Lamp,4,34.09,Singapore
INV502938,2025-07-07 00:00:00,CUST1298,Water Bottle,6,17.78,India
INV503544,2025-07-07 00:00:00,CUST1359,Smartwatch Strap,5,17.41,UAE
INV500029,2025-07-08 00:00:00,CUST1002,Mechanical Keyboard,3,64.47,United Kingdom
INV500029,2025-07-08 00:00:00,CUST1002,Desk Lamp,2,33.25,India
INV500029,2025-07-08 00:00:00,CUST1002,Gaming Mouse Pad,5,20.86,Singapore
INV501752,2025-07-08 00:00:00,CUST1176,Gaming Mouse Pad,2,14.53,United Kingdom
INV501752,2025-07-08 00:00:00,CUST1176,Mini Tripod,4,12.04,India
INV501752,2025-07-08 00:00:00,CUST1176,Phone Case,2,8.74,United Kingdom
INV501310,2025-07-09 00:00:00,CUST1132,Wireless Mouse,4,24.94,United Kingdom
INV501310,2025-07-09 00:00:00,CUST1132,USB-C Hub,3,36.67,Singapore
INV501310,2025-07-09 00:00:00,CUST1132,Fitness Band,4,43.05,India
INV502153,2025-07-09 00:00:00,CUST1214,Headphones,1,50.02,UAE
INV502153,2025-07-09 00:00:00,CUST1214,Power Bank,3,28.85,India
INV502814,2025-07-09 00:00:00,CUST1287,Laptop Stand,2,30.37,Singapore
INV502814,2025-07-09 00:00:00,CUST1287,Backpack,1,39.24,India
INV502814,2025-07-09 00:00:00,CUST1287,Gaming Mouse Pad,1,16.63,United Kingdom
INV503802,2025-07-09 00:00:00,CUST1387,Backpack,2,61.48,India
INV500025,2025-07-10 00:00:00,CUST1002,Laptop Stand,3,38.71,India
INV500025,2025-07-10 00:00:00,CUST1002,Bluetooth Speaker,4,45.52,United Kingdom
INV500773,2025-07-10 00:00:00,CUST1076,Portable SSD,4,80.3,India
INV500773,2025-07-10 00:00:00,CUST1076,USB-C Hub,3,27.6,India
INV500773,2025-07-10 00:00:00,CUST1076,Water Bottle,3,12.67,Singapore
INV500807,2025-07-10 00:00:00,CUST1079,Desk Lamp,4,21.22,India
INV500807,2025-07-10 00:00:00,CUST1079,Bluetooth Speaker,2,35.56,India
INV500807,2025-07-10 00:00:00,CUST1079,HDMI Cable,1,8.2,Singapore
INV502500,2025-07-10 00:00:00,CUST1255,Water Bottle,1,15.03,UAE
INV502500,2025-07-10 00:00:00,CUST1255,Backpack,2,43.78,India
INV502500,2025-07-10 00:00:00,CUST1255,Bluetooth Speaker,2,43.06,India
INV502644,2025-07-10 00:00:00,CUST1270,Gaming Mouse Pad,5,19.58,Singapore
INV503854,2025-07-10 00:00:00,CUST1395,Portable SSD,2,114.59,UAE
INV503854,2025-07-10 00:00:00,CUST1395,Charging Cable,2,8.1,India
INV500197,2025-07-11 00:00:00,CUST1017,Smartwatch Strap,4,13.07,India
INV500197,2025-07-11 00:00:00,CUST1017,Fitness Band,1,31.69,India
INV503859,2025-07-11 00:00:00,CUST1395,Laptop Stand,4,41.46,India
INV503859,2025-07-11 00:00:00,CUST1395,Water Bottle,6,18.19,India
INV500160,2025-07-12 00:00:00,CUST1013,Laptop Stand,2,41.61,United Kingdom
INV500160,2025-07-12 00:00:00,CUST1013,Power Bank,6,34.11,India
INV500160,2025-07-12 00:00:00,CUST1013,Notebook Set,6,9.05,UAE
INV500849,2025-07-12 00:00:00,CUST1084,Mini Tripod,3,11.26,United Kingdom
INV500849,2025-07-12 00:00:00,CUST1084,Laptop Stand,1,28.25,Singapore
INV500849,2025-07-12 00:00:00,CUST1084,Backpack,2,35.16,UAE
INV501800,2025-07-12 00:00:00,CUST1178,Fitness Band,1,34.87,India
INV501800,2025-07-12 00:00:00,CUST1178,Wireless Mouse,4,17.66,Singapore
INV502091,2025-07-13 00:00:00,CUST1208,Fitness Band,4,42.15,Singapore
INV502459,2025-07-13 00:00:00,CUST1251,Mechanical Keyboard,1,56.11,United Kingdom
INV502459,2025-07-13 00:00:00,CUST1251,HDMI Cable,1,9.06,UAE
INV502459,2025-07-13 00:00:00,CUST1251,USB-C Hub,1,30.51,India
INV502629,2025-07-13 00:00:00,CUST1269,Charging Cable,3,5.66,UAE
INV502629,2025-07-13 00:00:00,CUST1269,Backpack,2,36.22,India
INV502629,2025-07-13 00:00:00,CUST1269,Gaming Mouse Pad,1,14.42,India
INV503245,2025-07-13 00:00:00,CUST1327,Webcam,1,42.57,UAE
INV503245,2025-07-13 00:00:00,CUST1327,Backpack,2,36.75,India
INV503245,2025-07-13 00:00:00,CUST1327,Desk Lamp,1,22.86,India
INV503501,2025-07-13 00:00:00,CUST1355,Water Bottle,1,12.34,India
INV503662,2025-07-13 00:00:00,CUST1375,Charging Cable,1,8.0,India
INV503662,2025-07-13 00:00:00,CUST1375,Backpack,4,43.5,India
INV501948,2025-07-14 00:00:00,CUST1194,Headphones,1,45.95,UAE
INV502614,2025-07-14 00:00:00,CUST1267,Fitness Band,3,33.89,United Kingdom
INV503577,2025-07-14 00:00:00,CUST1362,Mini Tripod,4,13.35,India
INV503577,2025-07-14 00:00:00,CUST1362,HDMI Cable,4,8.76,India
INV503577,2025-07-14 00:00:00,CUST1362,Bluetooth Speaker,2,40.37,UAE
INV502914,2025-07-15 00:00:00,CUST1296,Wireless Mouse,3,17.76,India
INV502914,2025-07-15 00:00:00,CUST1296,Laptop Stand,3,28.06,Singapore
INV502914,2025-07-15 00:00:00,CUST1296,Desk Lamp,1,19.96,India
INV501039,2025-07-16 00:00:00,CUST1102,Mini Tripod,3,10.0,United Kingdom
INV501039,2025-07-16 00:00:00,CUST1102,Phone Case,1,9.12,India
INV502506,2025-07-16 00:00:00,CUST1255,USB-C Hub,1,36.22,India
INV502506,2025-07-16 00:00:00,CUST1255,HDMI Cable,4,9.13,Singapore
INV503362,2025-07-16 00:00:00,CUST1340,Bluetooth Speaker,1,52.22,India
INV503567,2025-07-16 00:00:00,CUST1360,Charging Cable,1,6.34,India
INV503760,2025-07-16 00:00:00,CUST1385,Bluetooth Speaker,3,47.01,UAE
INV503760,2025-07-16 00:00:00,CUST1385,Mini Tripod,1,14.0,India
INV503823,2025-07-16 00:00:00,CUST1391,HDMI Cable,3,8.12,Singapore
INV503823,2025-07-16 00:00:00,CUST1391,Wireless Mouse,3,18.71,UAE
INV503823,2025-07-16 00:00:00,CUST1391,Mini Tripod,2,11.41,United Kingdom
INV500114,2025-07-17 00:00:00,CUST1010,USB-C Hub,5,40.64,Singapore
INV500114,2025-07-17 00:00:00,CUST1010,Bluetooth Speaker,6,51.76,India
INV500761,2025-07-17 00:00:00,CUST1074,HDMI Cable,1,10.71,India
INV500761,2025-07-17 00:00:00,CUST1074,Laptop Stand,1,33.87,India
INV500761,2025-07-17 00:00:00,CUST1074,Gaming Mouse Pad,2,18.13,UAE
INV501214,2025-07-17 00:00:00,CUST1125,Backpack,4,54.53,India
INV502405,2025-07-17 00:00:00,CUST1244,Notebook Set,2,7.33,India
INV502405,2025-07-17 00:00:00,CUST1244,Charging Cable,3,5.73,India
INV502815,2025-07-17 00:00:00,CUST1287,USB-C Hub,3,33.52,United Kingdom
INV502815,2025-07-17 00:00:00,CUST1287,Mechanical Keyboard,3,58.97,UAE
INV503890,2025-07-17 00:00:00,CUST1398,Mechanical Keyboard,2,53.88,India
INV500363,2025-07-18 00:00:00,CUST1032,Desk Lamp,1,20.08,UAE
INV500721,2025-07-18 00:00:00,CUST1070,Gaming Mouse Pad,4,17.04,Singapore
INV500721,2025-07-18 00:00:00,CUST1070,Fitness Band,3,39.74,India
INV501172,2025-07-18 00:00:00,CUST1117,Mechanical Keyboard,4,52.63,India
INV501176,2025-07-18 00:00:00,CUST1118,Laptop Stand,3,26.65,United Kingdom
INV501308,2025-07-18 00:00:00,CUST1132,USB-C Hub,4,38.68,India
INV501308,2025-07-18 00:00:00,CUST1132,Wireless Mouse,3,24.64,India
INV502318,2025-07-18 00:00:00,CUST1233,USB-C Hub,2,25.16,India
INV502533,2025-07-18 00:00:00,CUST1257,Smartwatch Strap,2,18.71,India
INV502533,2025-07-18 00:00:00,CUST1257,Charging Cable,6,8.9,India
INV503280,2025-07-18 00:00:00,CUST1331,Mini Tripod,2,10.62,Singapore
INV503559,2025-07-18 00:00:00,CUST1359,Notebook Set,3,10.45,India
INV503559,2025-07-18 00:00:00,CUST1359,Desk Lamp,2,31.62,India
INV503559,2025-07-18 00:00:00,CUST1359,USB-C Hub,6,40.16,Singapore
INV500860,2025-07-19 00:00:00,CUST1085,Webcam,4,38.03,India
INV500860,2025-07-19 00:00:00,CUST1085,Wireless Mouse,2,18.33,India
INV500860,2025-07-19 00:00:00,CUST1085,Smartwatch Strap,4,11.21,India
INV501088,2025-07-19 00:00:00,CUST1108,Charging Cable,4,6.62,Singapore
INV501088,2025-07-19 00:00:00,CUST1108,Mini Tripod,2,10.9,India
INV503310,2025-07-19 00:00:00,CUST1334,HDMI Cable,2,11.43,United Kingdom
INV503310,2025-07-19 00:00:00,CUST1334,Fitness Band,4,39.84,United Kingdom
INV500482,2025-07-20 00:00:00,CUST1045,Backpack,6,49.91,India
INV500482,2025-07-20 00:00:00,CUST1045,Backpack,6,47.65,Singapore
INV500482,2025-07-20 00:00:00,CUST1045,Bluetooth Speaker,4,51.51,UAE
INV500999,2025-07-20 00:00:00,CUST1098,Fitness Band,3,30.99,Singapore
INV500999,2025-07-20 00:00:00,CUST1098,Headphones,1,45.99,India
INV500999,2025-07-20 00:00:00,CUST1098,Notebook Set,3,8.1,UAE
INV502981,2025-07-20 00:00:00,CUST1300,Desk Lamp,4,21.35,India
INV502981,2025-07-20 00:00:00,CUST1300,Mini Tripod,2,12.67,India
INV500401,2025-07-21 00:00:00,CUST1039,Portable SSD,3,94.26,India
INV500439,2025-07-21 00:00:00,CUST1042,Wireless Mouse,6,28.09,India
INV500439,2025-07-21 00:00:00,CUST1042,Wireless Mouse,6,30.85,Singapore
INV501367,2025-07-21 00:00:00,CUST1136,Power Bank,1,25.37,India
INV501745,2025-07-21 00:00:00,CUST1175,Backpack,3,38.26,India
INV501815,2025-07-21 00:00:00,CUST1180,USB-C Hub,4,27.87,India
INV501815,2025-07-21 00:00:00,CUST1180,Mini Tripod,1,12.08,India
INV502155,2025-07-21 00:00:00,CUST1214,Charging Cable,2,6.19,UAE
INV502155,2025-07-21 00:00:00,CUST1214,Bluetooth Speaker,1,43.84,India
INV500280,2025-07-22 00:00:00,CUST1025,Charging Cable,4,6.93,India
INV500280,2025-07-22 00:00:00,CUST1025,Power Bank,2,32.36,India
INV500280,2025-07-22 00:00:00,CUST1025,Portable SSD,1,97.11,India
INV501371,2025-07-22 00:00:00,CUST1137,Gaming Mouse Pad,2,18.88,UAE
INV501371,2025-07-22 00:00:00,CUST1137,Laptop Stand,5,39.71,India
INV502043,2025-07-22 00:00:00,CUST1204,Laptop Stand,2,31.79,India
INV502043,2025-07-22 00:00:00,CUST1204,Laptop Stand,1,32.64,India
INV502043,2025-07-22 00:00:00,CUST1204,Bluetooth Speaker,3,38.11,India
INV503623,2025-07-22 00:00:00,CUST1369,Desk Lamp,3,34.33,Singapore
INV503623,2025-07-22 00:00:00,CUST1369,Headphones,2,74.94,UAE
INV503623,2025-07-22 00:00:00,CUST1369,Wireless Mouse,6,29.92,India
INV500557,2025-07-24 00:00:00,CUST1050,Mini Tripod,3,11.85,Singapore
INV500557,2025-07-24 00:00:00,CUST1050,Portable SSD,2,85.58,UAE
INV500557,2025-07-24 00:00:00,CUST1050,Phone Case,4,10.03,India
INV503082,2025-07-24 00:00:00,CUST1311,Notebook Set,2,7.69,UAE
INV503082,2025-07-24 00:00:00,CUST1311,Portable SSD,3,97.34,Singapore
INV503082,2025-07-24 00:00:00,CUST1311,Portable SSD,4,86.67,India
INV503225,2025-07-24 00:00:00,CUST1325,Portable SSD,5,119.89,Singapore
INV503344,2025-07-24 00:00:00,CUST1338,Portable SSD,1,90.3,India
INV503344,2025-07-24 00:00:00,CUST1338,Fitness Band,3,30.89,UAE
INV503344,2025-07-24 00:00:00,CUST1338,USB-C Hub,4,26.75,UAE
INV503785,2025-07-24 00:00:00,CUST1387,Bluetooth Speaker,4,60.43,United Kingdom
INV503785,2025-07-24 00:00:00,CUST1387,Webcam,5,63.63,India
INV500646,2025-07-25 00:00:00,CUST1061,Fitness Band,1,30.74,UAE
INV500646,2025-07-25 00:00:00,CUST1061,Bluetooth Speaker,4,37.12,India
INV500716,2025-07-25 00:00:00,CUST1070,Headphones,2,52.68,India
INV500716,2025-07-25 00:00:00,CUST1070,Bluetooth Speaker,1,48.28,India
INV502046,2025-07-25 00:00:00,CUST1204,Bluetooth Speaker,2,43.13,India
INV502046,2025-07-25 00:00:00,CUST1204,Mini Tripod,4,10.6,India
INV502046,2025-07-25 00:00:00,CUST1204,Webcam,1,45.52,India
INV502343,2025-07-25 00:00:00,CUST1236,Bluetooth Speaker,4,59.57,UAE
INV502982,2025-07-25 00:00:00,CUST1300,Portable SSD,2,80.5,India
INV502982,2025-07-25 00:00:00,CUST1300,USB-C Hub,4,27.28,India
INV503051,2025-07-25 00:00:00,CUST1307,Power Bank,4,29.04,Singapore
INV503051,2025-07-25 00:00:00,CUST1307,Power Bank,2,29.45,United Kingdom
INV503645,2025-07-25 00:00:00,CUST1372,Mechanical Keyboard,2,60.64,India
INV503645,2025-07-25 00:00:00,CUST1372,HDMI Cable,3,8.16,India
INV500365,2025-07-26 00:00:00,CUST1032,USB-C Hub,2,21.62,UAE
INV500365,2025-07-26 00:00:00,CUST1032,Mini Tripod,2,10.25,India
INV500462,2025-07-26 00:00:00,CUST1044,Webcam,1,39.59,UAE
INV500462,2025-07-26 00:00:00,CUST1044,HDMI Cable,1,7.52,India
INV500462,2025-07-26 00:00:00,CUST1044,Desk Lamp,2,22.95,United Kingdom
INV501323,2025-07-26 00:00:00,CUST1132,Power Bank,5,34.66,India
INV502082,2025-07-26 00:00:00,CUST1207,Desk Lamp,4,29.0,India
INV502082,2025-07-26 00:00:00,CUST1207,Smartwatch Strap,3,13.71,United Kingdom
INV503085,2025-07-26 00:00:00,CUST1311,Mini Tripod,3,12.65,India
INV500973,2025-07-27 00:00:00,CUST1095,USB-C Hub,4,42.78,Singapore
INV500973,2025-07-27 00:00:00,CUST1095,Smartwatch Strap,3,18.61,India
INV501195,2025-07-27 00:00:00,CUST1120,Laptop Stand,2,38.45,Singapore
INV501195,2025-07-27 00:00:00,CUST1120,USB-C Hub,4,34.19,India
INV501195,2025-07-27 00:00:00,CUST1120,USB-C Hub,4,35.58,India
INV501466,2025-07-27 00:00:00,CUST1146,Backpack,2,44.0,India
INV501740,2025-07-27 00:00:00,CUST1174,Power Bank,2,27.42,Singapore
INV501884,2025-07-27 00:00:00,CUST1188,Power Bank,3,27.57,India
INV502185,2025-07-27 00:00:00,CUST1219,Desk Lamp,3,26.66,India
INV502185,2025-07-27 00:00:00,CUST1219,Wireless Mouse,1,19.58,United Kingdom
INV502185,2025-07-27 00:00:00,CUST1219,HDMI Cable,3,9.92,India
INV502764,2025-07-27 00:00:00,CUST1280,Fitness Band,3,32.87,UAE
INV502764,2025-07-27 00:00:00,CUST1280,Bluetooth Speaker,1,38.12,United Kingdom
INV502764,2025-07-27 00:00:00,CUST1280,Webcam,1,41.84,India
INV503451,2025-07-27 00:00:00,CUST1350,Mechanical Keyboard,4,63.83,United Kingdom
INV503451,2025-07-27 00:00:00,CUST1350,Desk Lamp,1,25.78,India
INV503451,2025-07-27 00:00:00,CUST1350,Bluetooth Speaker,3,39.99,India
INV500124,2025-07-28 00:00:00,CUST1010,USB-C Hub,2,38.3,UAE
INV500124,2025-07-28 00:00:00,CUST1010,Portable SSD,6,118.0,India
INV500124,2025-07-28 00:00:00,CUST1010,Mini Tripod,2,14.74,India
INV501425,2025-07-28 00:00:00,CUST1141,Portable SSD,1,91.04,India
INV501450,2025-07-28 00:00:00,CUST1144,Desk Lamp,2,23.33,UAE
INV501450,2025-07-28 00:00:00,CUST1144,Mechanical Keyboard,3,46.14,India
INV501450,2025-07-28 00:00:00,CUST1144,Water Bottle,1,11.68,Singapore
INV501883,2025-07-28 00:00:00,CUST1187,Phone Case,3,10.28,India
INV502912,2025-07-28 00:00:00,CUST1296,Backpack,1,32.23,India
INV503042,2025-07-28 00:00:00,CUST1306,Mechanical Keyboard,4,73.38,UAE
INV503042,2025-07-28 00:00:00,CUST1306,Fitness Band,2,45.99,Singapore
INV503042,2025-07-28 00:00:00,CUST1306,Mini Tripod,6,14.58,Singapore
INV503376,2025-07-28 00:00:00,CUST1342,Water Bottle,3,14.02,India
INV503376,2025-07-28 00:00:00,CUST1342,Water Bottle,3,12.92,India
INV503376,2025-07-28 00:00:00,CUST1342,Power Bank,1,27.28,United Kingdom
INV500247,2025-07-29 00:00:00,CUST1021,Water Bottle,2,11.87,Singapore
INV502442,2025-07-29 00:00:00,CUST1248,Wireless Mouse,4,18.64,India
INV502442,2025-07-29 00:00:00,CUST1248,Headphones,4,44.27,India
INV502600,2025-07-29 00:00:00,CUST1264,Wireless Mouse,4,21.68,India
INV502600,2025-07-29 00:00:00,CUST1264,Wireless Mouse,3,21.2,Singapore
INV502866,2025-07-29 00:00:00,CUST1290,USB-C Hub,3,35.07,India
INV502866,2025-07-29 00:00:00,CUST1290,Phone Case,2,12.08,Singapore
INV502866,2025-07-29 00:00:00,CUST1290,Portable SSD,4,100.48,India
INV503888,2025-07-29 00:00:00,CUST1397,Mini Tripod,4,14.19,United Kingdom
INV503888,2025-07-29 00:00:00,CUST1397,HDMI Cable,3,9.17,India
INV503888,2025-07-29 00:00:00,CUST1397,Notebook Set,2,9.06,Singapore
INV501723,2025-07-30 00:00:00,CUST1172,Bluetooth Speaker,1,34.56,India
INV501723,2025-07-30 00:00:00,CUST1172,Wireless Mouse,3,15.33,Singapore
INV502348,2025-07-30 00:00:00,CUST1236,Mechanical Keyboard,6,89.71,United Kingdom
INV503148,2025-07-30 00:00:00,CUST1316,HDMI Cable,1,8.28,United Kingdom
INV503148,2025-07-30 00:00:00,CUST1316,Backpack,1,34.48,India
INV503148,2025-07-30 00:00:00,CUST1316,Gaming Mouse Pad,1,15.68,India
INV503575,2025-07-30 00:00:00,CUST1362,Water Bottle,2,14.66,United Kingdom
INV503575,2025-07-30 00:00:00,CUST1362,Bluetooth Speaker,4,42.47,India
INV500611,2025-07-31 00:00:00,CUST1057,USB-C Hub,3,26.78,India
INV501613,2025-07-31 00:00:00,CUST1163,Headphones,1,53.63,Singapore
INV501613,2025-07-31 00:00:00,CUST1163,Mini Tripod,4,12.3,India
INV501735,2025-07-31 00:00:00,CUST1174,Bluetooth Speaker,1,37.97,Singapore
INV502602,2025-07-31 00:00:00,CUST1264,Backpack,3,41.78,India
INV502602,2025-07-31 00:00:00,CUST1264,Laptop Stand,2,34.51,Singapore
INV502963,2025-07-31 00:00:00,CUST1299,Gaming Mouse Pad,2,23.59,India
INV502963,2025-07-31 00:00:00,CUST1299,Laptop Stand,5,41.75,United Kingdom
INV500074,2025-08-01 00:00:00,CUST1008,Water Bottle,3,17.14,United Kingdom
INV500074,2025-08-01 00:00:00,CUST1008,Gaming Mouse Pad,6,18.62,India
INV500074,2025-08-01 00:00:00,CUST1008,Headphones,4,63.8,Singapore
INV501522,2025-08-01 00:00:00,CUST1153,Water Bottle,1,15.23,Singapore
INV501522,2025-08-01 00:00:00,CUST1153,HDMI Cable,2,8.21,India
INV501522,2025-08-01 00:00:00,CUST1153,Phone Case,1,10.99,Singapore
INV501951,2025-08-01 00:00:00,CUST1195,Water Bottle,2,14.07,India
INV501951,2025-08-01 00:00:00,CUST1195,Backpack,2,41.76,India
INV502227,2025-08-01 00:00:00,CUST1225,Charging Cable,3,8.9,UAE
INV502721,2025-08-01 00:00:00,CUST1276,Gaming Mouse Pad,4,19.26,India
INV502721,2025-08-01 00:00:00,CUST1276,Fitness Band,3,43.28,India
INV502721,2025-08-01 00:00:00,CUST1276,Notebook Set,3,8.87,United Kingdom
INV503006,2025-08-01 00:00:00,CUST1304,Water Bottle,3,10.96,Singapore
INV503119,2025-08-01 00:00:00,CUST1314,Desk Lamp,4,36.32,United Kingdom
INV503119,2025-08-01 00:00:00,CUST1314,Laptop Stand,2,45.1,Singapore
INV501359,2025-08-02 00:00:00,CUST1135,Portable SSD,3,109.78,UAE
INV501359,2025-08-02 00:00:00,CUST1135,Mechanical Keyboard,4,63.26,United Kingdom
INV501359,2025-08-02 00:00:00,CUST1135,Water Bottle,5,17.93,United Kingdom
INV502086,2025-08-02 00:00:00,CUST1207,Mini Tripod,3,14.4,India
INV503266,2025-08-02 00:00:00,CUST1329,USB-C Hub,4,27.31,India
INV500575,2025-08-03 00:00:00,CUST1052,Webcam,3,40.15,India
INV502173,2025-08-03 00:00:00,CUST1217,USB-C Hub,3,29.84,UAE
INV502173,2025-08-03 00:00:00,CUST1217,Fitness Band,1,30.81,India
INV502173,2025-08-03 00:00:00,CUST1217,Bluetooth Speaker,1,39.68,India
INV502572,2025-08-03 00:00:00,CUST1262,USB-C Hub,2,28.85,UAE
INV502825,2025-08-03 00:00:00,CUST1288,Gaming Mouse Pad,5,19.67,Singapore
INV502825,2025-08-03 00:00:00,CUST1288,Bluetooth Speaker,5,48.54,India
INV503033,2025-08-03 00:00:00,CUST1306,Charging Cable,6,8.97,India
INV501285,2025-08-04 00:00:00,CUST1130,Mini Tripod,1,14.05,Singapore
INV501285,2025-08-04 00:00:00,CUST1130,Mechanical Keyboard,1,55.25,Singapore
INV501713,2025-08-04 00:00:00,CUST1170,HDMI Cable,4,12.67,United Kingdom
INV501713,2025-08-04 00:00:00,CUST1170,Backpack,2,49.76,United Kingdom
INV502015,2025-08-04 00:00:00,CUST1200,Wireless Mouse,4,19.9,India
INV502349,2025-08-04 00:00:00,CUST1236,Gaming Mouse Pad,5,27.23,India
INV502349,2025-08-04 00:00:00,CUST1236,Desk Lamp,3,37.51,India
INV502349,2025-08-04 00:00:00,CUST1236,USB-C Hub,2,43.1,India
INV502550,2025-08-04 00:00:00,CUST1259,Bluetooth Speaker,2,40.43,India
INV502550,2025-08-04 00:00:00,CUST1259,Gaming Mouse Pad,2,17.68,India
INV500753,2025-08-05 00:00:00,CUST1074,Webcam,4,53.59,India
INV500753,2025-08-05 00:00:00,CUST1074,Notebook Set,2,8.34,India
INV500753,2025-08-05 00:00:00,CUST1074,Water Bottle,3,0.0,United Kingdom
INV502372,2025-08-05 00:00:00,CUST1238,Gaming Mouse Pad,2,18.44,India
INV502372,2025-08-05 00:00:00,CUST1238,Mini Tripod,2,14.33,Singapore
INV502372,2025-08-05 00:00:00,CUST1238,Gaming Mouse Pad,1,18.9,India
INV502800,2025-08-05 00:00:00,CUST1285,Webcam,3,46.9,India
INV503410,2025-08-05 00:00:00,CUST1345,Fitness Band,2,32.95,Singapore
INV503410,2025-08-05 00:00:00,CUST1345,Mini Tripod,2,11.73,India
INV503813,2025-08-05 00:00:00,CUST1389,Wireless Mouse,2,21.79,UAE
INV503813,2025-08-05 00:00:00,CUST1389,Mini Tripod,3,12.3,India
INV500312,2025-08-06 00:00:00,CUST1027,Mini Tripod,4,13.81,Singapore
INV500312,2025-08-06 00:00:00,CUST1027,Mechanical Keyboard,4,75.11,India
INV500312,2025-08-06 00:00:00,CUST1027,HDMI Cable,6,11.02,India
INV501340,2025-08-06 00:00:00,CUST1134,Smartwatch Strap,1,14.23,India
INV501392,2025-08-06 00:00:00,CUST1139,Desk Lamp,1,23.09,United Kingdom
INV501392,2025-08-06 00:00:00,CUST1139,Headphones,2,42.95,India
INV501688,2025-08-06 00:00:00,CUST1169,Bluetooth Speaker,3,43.83,India
INV501947,2025-08-06 00:00:00,CUST1194,Gaming Mouse Pad,3,16.24,United Kingdom
INV501947,2025-08-06 00:00:00,CUST1194,Mechanical Keyboard,4,60.5,India
INV502703,2025-08-06 00:00:00,CUST1276,Mini Tripod,5,15.71,India
INV502703,2025-08-06 00:00:00,CUST1276,Phone Case,5,13.39,India
INV502767,2025-08-06 00:00:00,CUST1280,Bluetooth Speaker,3,40.28,Singapore
INV502767,2025-08-06 00:00:00,CUST1280,USB-C Hub,2,31.53,Singapore
INV500078,2025-08-07 00:00:00,CUST1008,USB-C Hub,3,36.79,India
INV500078,2025-08-07 00:00:00,CUST1008,USB-C Hub,6,33.1,India
INV500187,2025-08-07 00:00:00,CUST1015,Mechanical Keyboard,1,53.8,India
INV500187,2025-08-07 00:00:00,CUST1015,Gaming Mouse Pad,3,15.77,India
INV500242,2025-08-07 00:00:00,CUST1021,Bluetooth Speaker,3,36.66,United Kingdom
INV500242,2025-08-07 00:00:00,CUST1021,Laptop Stand,2,29.15,India
INV501747,2025-08-07 00:00:00,CUST1175,Backpack,2,35.48,India
INV501747,2025-08-07 00:00:00,CUST1175,Wireless Mouse,2,18.09,United Kingdom
INV501747,2025-08-07 00:00:00,CUST1175,Gaming Mouse Pad,1,15.22,UAE
INV502017,2025-08-07 00:00:00,CUST1201,HDMI Cable,4,8.55,UAE
INV502017,2025-08-07 00:00:00,CUST1201,Backpack,4,32.33,India
INV502017,2025-08-07 00:00:00,CUST1201,Wireless Mouse,3,16.59,UAE
INV501025,2025-08-08 00:00:00,CUST1101,HDMI Cable,3,13.28,India
CINV501025,2025-08-08 00:00:00,CUST1101,Portable SSD,-4,138.52,India
INV501455,2025-08-08 00:00:00,CUST1145,Power Bank,2,24.36,UAE
INV501455,2025-08-08 00:00:00,CUST1145,HDMI Cable,3,8.31,United Kingdom
INV501455,2025-08-08 00:00:00,CUST1145,Mini Tripod,2,11.0,UAE
INV502882,2025-08-08 00:00:00,CUST1291,Bluetooth Speaker,4,43.18,United Kingdom
INV500446,2025-08-09 00:00:00,CUST1043,Mini Tripod,3,13.74,UAE
INV500446,2025-08-09 00:00:00,CUST1043,Headphones,1,52.39,India
INV500446,2025-08-09 00:00:00,CUST1043,Gaming Mouse Pad,4,18.24,UAE
INV501177,2025-08-09 00:00:00,CUST1118,Headphones,1,42.63,India
INV501177,2025-08-09 00:00:00,CUST1118,Power Bank,3,24.1,United Kingdom
INV501177,2025-08-09 00:00:00,CUST1118,Fitness Band,1,25.9,India
INV501788,2025-08-09 00:00:00,CUST1178,Wireless Mouse,1,18.75,India
INV501788,2025-08-09 00:00:00,CUST1178,Gaming Mouse Pad,1,14.93,India
INV501788,2025-08-09 00:00:00,CUST1178,Fitness Band,4,31.97,Singapore
INV502367,2025-08-09 00:00:00,CUST1238,Water Bottle,2,16.06,Singapore
INV502367,2025-08-09 00:00:00,CUST1238,Mini Tripod,3,13.05,India
INV503067,2025-08-09 00:00:00,CUST1309,Mini Tripod,2,10.17,India
INV503067,2025-08-09 00:00:00,CUST1309,Desk Lamp,1,19.61,India
INV503067,2025-08-09 00:00:00,CUST1309,Phone Case,2,8.19,India
INV503523,2025-08-09 00:00:00,CUST1357,Phone Case,3,10.74,India
INV503523,2025-08-09 00:00:00,CUST1357,Wireless Mouse,2,18.61,India
INV503536,2025-08-09 00:00:00,CUST1358,Laptop Stand,3,31.47,UAE
INV503536,2025-08-09 00:00:00,CUST1358,Backpack,1,37.37,India
INV503798,2025-08-09 00:00:00,CUST1387,USB-C Hub,2,43.26,India
INV501681,2025-08-10 00:00:00,CUST1169,HDMI Cable,3,9.32,India
INV501681,2025-08-10 00:00:00,CUST1169,Gaming Mouse Pad,2,15.94,India
INV502967,2025-08-10 00:00:00,CUST1299,Water Bottle,2,21.59,India
INV502967,2025-08-10 00:00:00,CUST1299,Water Bottle,2,19.2,UAE
INV502967,2025-08-10 00:00:00,CUST1299,Desk Lamp,6,34.6,UAE
INV503651,2025-08-10 00:00:00,CUST1372,Charging Cable,2,6.95,India
INV503651,2025-08-10 00:00:00,CUST1372,Mini Tripod,2,13.07,India
INV503651,2025-08-10 00:00:00,CUST1372,Water Bottle,1,14.52,India
INV500338,2025-08-11 00:00:00,CUST1028,Mechanical Keyboard,6,72.24,India
INV500338,2025-08-11 00:00:00,CUST1028,Fitness Band,6,51.63,India
INV500702,2025-08-11 00:00:00,CUST1068,Backpack,6,46.56,India
INV500744,2025-08-11 00:00:00,CUST1073,HDMI Cable,3,8.82,India
INV500744,2025-08-11 00:00:00,CUST1073,Charging Cable,4,6.32,India
INV500744,2025-08-11 00:00:00,CUST1073,Mechanical Keyboard,1,52.82,United Kingdom
INV501328,2025-08-11 00:00:00,CUST1133,Mini Tripod,2,12.3,India
INV502750,2025-08-11 00:00:00,CUST1279,Mini Tripod,4,11.82,India
INV502750,2025-08-11 00:00:00,CUST1279,Water Bottle,3,15.1,India
INV503631,2025-08-11 00:00:00,CUST1369,Desk Lamp,6,38.27,UAE
INV503631,2025-08-11 00:00:00,CUST1369,Phone Case,3,14.39,Singapore
INV501582,2025-08-12 00:00:00,CUST1161,Fitness Band,5,40.97,India
INV502478,2025-08-12 00:00:00,CUST1253,Charging Cable,5,8.37,India
INV502478,2025-08-12 00:00:00,CUST1253,Backpack,5,50.01,India
INV503165,2025-08-12 00:00:00,CUST1319,USB-C Hub,3,28.9,Singapore
INV503165,2025-08-12 00:00:00,CUST1319,Gaming Mouse Pad,4,14.83,India
INV503429,2025-08-12 00:00:00,CUST1347,Smartwatch Strap,2,11.86,UAE
INV503429,2025-08-12 00:00:00,CUST1347,Phone Case,4,8.04,United Kingdom
INV503429,2025-08-12 00:00:00,CUST1347,Webcam,4,43.47,India
INV500084,2025-08-13 00:00:00,CUST1008,Backpack,5,43.76,India
INV500084,2025-08-13 00:00:00,CUST1008,Wireless Mouse,4,21.11,United Kingdom
INV500084,2025-08-13 00:00:00,CUST1008,Fitness Band,4,36.35,Singapore
INV500148,2025-08-13 00:00:00,CUST1011,Mini Tripod,2,11.61,UAE
INV500148,2025-08-13 00:00:00,CUST1011,HDMI Cable,2,9.33,India
INV500148,2025-08-13 00:00:00,CUST1011,Laptop Stand,4,32.06,India
INV500980,2025-08-13 00:00:00,CUST1096,Smartwatch Strap,1,10.99,India
INV500981,2025-08-13 00:00:00,CUST1096,USB-C Hub,1,26.24,United Kingdom
INV500037,2025-08-14 00:00:00,CUST1003,Portable SSD,4,109.2,India
INV500241,2025-08-14 00:00:00,CUST1021,Portable SSD,4,77.52,India
INV500631,2025-08-14 00:00:00,CUST1059,Fitness Band,3,37.58,United Kingdom
INV500938,2025-08-14 00:00:00,CUST1091,Water Bottle,4,17.46,India
INV502369,2025-08-14 00:00:00,CUST1238,Smartwatch Strap,2,14.21,UAE
INV502369,2025-08-14 00:00:00,CUST1238,Backpack,4,49.43,India
INV502939,2025-08-14 00:00:00,CUST1298,Laptop Stand,6,42.34,UAE
INV502961,2025-08-14 00:00:00,CUST1299,USB-C Hub,3,42.47,United Kingdom
INV502961,2025-08-14 00:00:00,CUST1299,Power Bank,2,43.28,Singapore
INV503198,2025-08-14 00:00:00,CUST1323,Portable SSD,4,94.32,United Kingdom
INV503479,2025-08-14 00:00:00,CUST1354,Backpack,4,53.43,UAE
INV503588,2025-08-14 00:00:00,CUST1365,Phone Case,4,9.8,India
INV503588,2025-08-14 00:00:00,CUST1365,Phone Case,4,9.13,United Kingdom
INV501202,2025-08-15 00:00:00,CUST1123,Laptop Stand,1,33.85,India
INV501202,2025-08-15 00:00:00,CUST1123,Portable SSD,3,91.43,UAE
INV501202,2025-08-15 00:00:00,CUST1123,Notebook Set,2,7.08,India
INV502174,2025-08-15 00:00:00,CUST1217,Wireless Mouse,2,16.8,Singapore
INV502174,2025-08-15 00:00:00,CUST1217,Mini Tripod,3,10.41,Singapore
INV502174,2025-08-15 00:00:00,CUST1217,HDMI Cable,3,7.56,United Kingdom
INV503196,2025-08-16 00:00:00,CUST1323,Gaming Mouse Pad,3,17.55,India
INV503196,2025-08-16 00:00:00,CUST1323,Bluetooth Speaker,1,43.76,India
INV503522,2025-08-16 00:00:00,CUST1357,Headphones,1,47.42,UAE
INV503522,2025-08-16 00:00:00,CUST1357,Smartwatch Strap,2,12.94,India
INV501012,2025-08-17 00:00:00,CUST1100,Charging Cable,4,6.58,India
INV501012,2025-08-17 00:00:00,CUST1100,Bluetooth Speaker,2,40.73,India
INV501012,2025-08-17 00:00:00,CUST1100,Portable SSD,4,95.12,India
INV501014,2025-08-17 00:00:00,CUST1101,USB-C Hub,5,45.76,United Kingdom
INV501014,2025-08-17 00:00:00,CUST1101,Wireless Mouse,3,26.98,UAE
INV501014,2025-08-17 00:00:00,CUST1101,Fitness Band,5,45.47,UAE
INV501175,2025-08-17 00:00:00,CUST1118,Laptop Stand,3,28.18,India
INV501175,2025-08-17 00:00:00,CUST1118,Notebook Set,3,5.61,India
INV502482,2025-08-17 00:00:00,CUST1253,Mini Tripod,2,14.35,India
INV502482,2025-08-17 00:00:00,CUST1253,Mechanical Keyboard,2,66.32,India
INV503065,2025-08-17 00:00:00,CUST1308,Headphones,3,48.62,Singapore
INV500751,2025-08-18 00:00:00,CUST1074,Fitness Band,2,39.56,Singapore
INV500751,2025-08-18 00:00:00,CUST1074,Water Bottle,1,18.06,India
INV500316,2025-08-19 00:00:00,CUST1027,Backpack,2,48.59,India
INV500316,2025-08-19 00:00:00,CUST1027,Webcam,3,58.48,UAE
INV500323,2025-08-19 00:00:00,CUST1028,Wireless Mouse,3,27.86,India
INV500658,2025-08-19 00:00:00,CUST1064,Webcam,2,43.47,Singapore
INV501099,2025-08-19 00:00:00,CUST1109,Water Bottle,4,17.75,United Kingdom
INV501099,2025-08-19 00:00:00,CUST1109,Gaming Mouse Pad,2,17.0,India
INV501645,2025-08-19 00:00:00,CUST1166,Backpack,2,53.7,India
INV501645,2025-08-19 00:00:00,CUST1166,Mechanical Keyboard,2,85.01,India
INV502025,2025-08-19 00:00:00,CUST1202,Laptop Stand,4,26.65,India
INV502025,2025-08-19 00:00:00,CUST1202,Laptop Stand,1,28.31,United Kingdom
INV502293,2025-08-19 00:00:00,CUST1231,Gaming Mouse Pad,2,19.92,India
INV502293,2025-08-19 00:00:00,CUST1231,Wireless Mouse,3,26.25,India
INV502293,2025-08-19 00:00:00,CUST1231,Phone Case,3,13.63,Singapore
INV502605,2025-08-19 00:00:00,CUST1265,Phone Case,4,10.58,India
INV502878,2025-08-19 00:00:00,CUST1291,Headphones,6,54.5,United Kingdom
INV502878,2025-08-19 00:00:00,CUST1291,Power Bank,4,34.62,United Kingdom
INV502878,2025-08-19 00:00:00,CUST1291,Mini Tripod,2,13.36,India
INV500212,2025-08-20 00:00:00,CUST1018,Laptop Stand,1,27.09,India
INV500212,2025-08-20 00:00:00,CUST1018,HDMI Cable,2,7.48,India
INV500559,2025-08-20 00:00:00,CUST1051,Laptop Stand,3,37.03,United Kingdom
INV500559,2025-08-20 00:00:00,CUST1051,HDMI Cable,2,9.37,UAE
INV500559,2025-08-20 00:00:00,CUST1051,Power Bank,3,27.26,India
INV502378,2025-08-20 00:00:00,CUST1240,Desk Lamp,1,22.19,Singapore
INV502378,2025-08-20 00:00:00,CUST1240,Mini Tripod,2,11.58,UAE
INV502378,2025-08-20 00:00:00,CUST1240,USB-C Hub,3,26.67,UAE
INV502719,2025-08-20 00:00:00,CUST1276,Gaming Mouse Pad,6,22.29,India
INV502719,2025-08-20 00:00:00,CUST1276,Notebook Set,6,10.44,India
INV502719,2025-08-20 00:00:00,CUST1276,Notebook Set,5,10.63,UAE
INV501618,2025-08-21 00:00:00,CUST1163,USB-C Hub,2,26.91,Singapore
INV502194,2025-08-21 00:00:00,CUST1220,Mini Tripod,4,12.98,India
INV502194,2025-08-21 00:00:00,CUST1220,HDMI Cable,3,8.36,UAE
INV502194,2025-08-21 00:00:00,CUST1220,Backpack,4,35.74,India
INV502239,2025-08-21 00:00:00,CUST1226,Laptop Stand,1,22.65,UAE
INV502239,2025-08-21 00:00:00,CUST1226,Smartwatch Strap,3,8.79,India
INV502239,2025-08-21 00:00:00,CUST1226,Webcam,1,35.61,India
INV502269,2025-08-21 00:00:00,CUST1230,HDMI Cable,2,8.16,UAE
INV502427,2025-08-21 00:00:00,CUST1247,Mechanical Keyboard,3,62.15,Singapore
INV502427,2025-08-21 00:00:00,CUST1247,Water Bottle,1,15.0,India
INV502427,2025-08-21 00:00:00,CUST1247,Headphones,1,57.97,India
INV502541,2025-08-21 00:00:00,CUST1258,Laptop Stand,3,28.15,India
INV502541,2025-08-21 00:00:00,CUST1258,Mini Tripod,1,12.52,India
INV502541,2025-08-21 00:00:00,CUST1258,Charging Cable,2,6.19,Singapore
INV502748,2025-08-21 00:00:00,CUST1278,Fitness Band,3,30.53,Singapore
INV502748,2025-08-21 00:00:00,CUST1278,Laptop Stand,3,25.41,India
INV502748,2025-08-21 00:00:00,CUST1278,Backpack,1,35.57,Singapore
INV502806,2025-08-21 00:00:00,CUST1286,Water Bottle,1,12.12,UAE
INV503759,2025-08-21 00:00:00,CUST1385,Bluetooth Speaker,4,48.69,United Kingdom
INV502778,2025-08-22 00:00:00,CUST1282,Webcam,3,38.08,India
INV502778,2025-08-22 00:00:00,CUST1282,Webcam,4,43.97,Singapore
INV502778,2025-08-22 00:00:00,CUST1282,Phone Case,2,9.62,United Kingdom
INV500033,2025-08-23 00:00:00,CUST1003,Headphones,1,57.03,UAE
INV500873,2025-08-23 00:00:00,CUST1087,Water Bottle,2,15.42,India
INV500873,2025-08-23 00:00:00,CUST1087,Mini Tripod,4,11.37,India
INV500873,2025-08-23 00:00:00,CUST1087,Webcam,1,42.85,UAE
INV503770,2025-08-23 00:00:00,CUST1385,Headphones,4,61.78,India
INV500106,2025-08-24 00:00:00,CUST1009,Headphones,4,49.81,Singapore
INV500585,2025-08-24 00:00:00,CUST1053,Backpack,4,48.05,India
INV500954,2025-08-24 00:00:00,CUST1094,Wireless Mouse,1,17.69,Singapore
INV500954,2025-08-24 00:00:00,CUST1094,Webcam,2,44.72,India
INV500954,2025-08-24 00:00:00,CUST1094,Power Bank,1,24.86,India
INV501058,2025-08-24 00:00:00,CUST1105,Laptop Stand,1,31.66,India
INV501058,2025-08-24 00:00:00,CUST1105,Fitness Band,4,36.96,UAE
INV501058,2025-08-24 00:00:00,CUST1105,Headphones,3,56.76,UAE
INV502096,2025-08-24 00:00:00,CUST1208,Bluetooth Speaker,2,49.41,Singapore
INV502332,2025-08-24 00:00:00,CUST1235,Webcam,4,42.98,UAE
INV502332,2025-08-24 00:00:00,CUST1235,Smartwatch Strap,2,13.17,India
INV502332,2025-08-24 00:00:00,CUST1235,Webcam,4,49.02,UAE
INV502662,2025-08-24 00:00:00,CUST1272,Water Bottle,1,15.01,India
INV502662,2025-08-24 00:00:00,CUST1272,Mechanical Keyboard,3,62.55,United Kingdom
INV502662,2025-08-24 00:00:00,CUST1272,Wireless Mouse,2,22.59,United Kingdom
INV503179,2025-08-24 00:00:00,CUST1321,Backpack,3,40.37,India
INV503179,2025-08-24 00:00:00,CUST1321,Desk Lamp,3,28.24,India
INV503179,2025-08-24 00:00:00,CUST1321,USB-C Hub,4,29.38,India
INV503211,2025-08-24 00:00:00,CUST1325,Power Bank,5,39.26,India
INV503433,2025-08-24 00:00:00,CUST1348,Mini Tripod,4,11.44,India
INV503433,2025-08-24 00:00:00,CUST1348,Desk Lamp,3,23.19,India
INV503610,2025-08-24 00:00:00,CUST1367,Fitness Band,4,40.59,India
INV503725,2025-08-24 00:00:00,CUST1380,Laptop Stand,4,26.6,UAE
INV503725,2025-08-24 00:00:00,CUST1380,Notebook Set,2,6.56,UAE
INV503725,2025-08-24 00:00:00,CUST1380,Charging Cable,1,6.14,UAE
INV500577,2025-08-25 00:00:00,CUST1052,Gaming Mouse Pad,3,15.14,India
INV500577,2025-08-25 00:00:00,CUST1052,USB-C Hub,2,30.01,India
INV500577,2025-08-25 00:00:00,CUST1052,USB-C Hub,1,27.22,India
INV500843,2025-08-25 00:00:00,CUST1083,Webcam,3,38.04,India
INV500843,2025-08-25 00:00:00,CUST1083,Gaming Mouse Pad,2,12.76,UAE
INV500892,2025-08-25 00:00:00,CUST1089,Laptop Stand,6,35.41,United Kingdom
INV501471,2025-08-25 00:00:00,CUST1146,Portable SSD,3,93.39,Singapore
INV501471,2025-08-25 00:00:00,CUST1146,Mechanical Keyboard,3,59.28,United Kingdom
INV501986,2025-08-25 00:00:00,CUST1198,Notebook Set,2,10.38,India
INV501986,2025-08-25 00:00:00,CUST1198,Power Bank,5,33.61,India
INV503763,2025-08-25 00:00:00,CUST1385,Phone Case,3,11.68,Singapore
INV503763,2025-08-25 00:00:00,CUST1385,Laptop Stand,3,38.9,India
INV503763,2025-08-25 00:00:00,CUST1385,Wireless Mouse,1,23.07,India
INV503683,2025-08-26 00:00:00,CUST1376,Notebook Set,3,12.13,India
INV500066,2025-08-27 00:00:00,CUST1006,Power Bank,1,24.51,United Kingdom
INV500066,2025-08-27 00:00:00,CUST1006,Power Bank,3,21.69,Singapore
INV500066,2025-08-27 00:00:00,CUST1006,Smartwatch Strap,2,10.93,Singapore
INV500531,2025-08-27 00:00:00,CUST1047,Portable SSD,5,130.13,India
INV502138,2025-08-27 00:00:00,CUST1213,Bluetooth Speaker,3,37.01,India
INV502138,2025-08-27 00:00:00,CUST1213,Notebook Set,3,6.62,United Kingdom
INV502138,2025-08-27 00:00:00,CUST1213,Backpack,2,37.39,India
INV502802,2025-08-27 00:00:00,CUST1285,Notebook Set,1,7.92,India
INV502875,2025-08-27 00:00:00,CUST1291,Fitness Band,3,39.36,India
INV502875,2025-08-27 00:00:00,CUST1291,Water Bottle,4,17.16,India
INV502875,2025-08-27 00:00:00,CUST1291,Charging Cable,3,6.93,India
INV503095,2025-08-27 00:00:00,CUST1312,Gaming Mouse Pad,2,16.45,UAE
INV503095,2025-08-27 00:00:00,CUST1312,Mini Tripod,1,10.97,Singapore
INV503095,2025-08-27 00:00:00,CUST1312,Water Bottle,2,14.23,Singapore
INV503336,2025-08-27 00:00:00,CUST1337,Power Bank,3,30.09,India
INV503336,2025-08-27 00:00:00,CUST1337,Water Bottle,2,15.04,UAE
INV503481,2025-08-27 00:00:00,CUST1354,Notebook Set,3,10.9,India
INV503481,2025-08-27 00:00:00,CUST1354,Notebook Set,4,11.63,India
INV503481,2025-08-27 00:00:00,CUST1354,Portable SSD,4,115.99,United Kingdom
INV503689,2025-08-27 00:00:00,CUST1376,Gaming Mouse Pad,4,24.65,UAE
INV503689,2025-08-27 00:00:00,CUST1376,Bluetooth Speaker,4,60.56,India
INV503689,2025-08-27 00:00:00,CUST1376,USB-C Hub,6,44.9,India
INV501143,2025-08-28 00:00:00,CUST1114,Portable SSD,4,93.66,India
INV501385,2025-08-28 00:00:00,CUST1137,Webcam,2,56.84,India
INV501385,2025-08-28 00:00:00,CUST1137,Mini Tripod,3,14.24,Singapore
INV501385,2025-08-28 00:00:00,CUST1137,Headphones,4,69.0,Singapore
INV503833,2025-08-28 00:00:00,CUST1392,Bluetooth Speaker,2,31.12,India
INV503833,2025-08-28 00:00:00,CUST1392,Notebook Set,3,6.16,India
INV500511,2025-08-29 00:00:00,CUST1047,Backpack,2,51.41,UAE
INV501399,2025-08-29 00:00:00,CUST1140,Headphones,3,58.9,UAE
INV502565,2025-08-29 00:00:00,CUST1261,USB-C Hub,1,36.07,India
INV502565,2025-08-29 00:00:00,CUST1261,Backpack,2,44.1,India
INV503739,2025-08-29 00:00:00,CUST1382,Mechanical Keyboard,3,58.83,India
INV503739,2025-08-29 00:00:00,CUST1382,Mechanical Keyboard,3,60.22,United Kingdom
INV503739,2025-08-29 00:00:00,CUST1382,Portable SSD,1,86.65,India
INV503913,2025-08-29 00:00:00,CUST1400,Mini Tripod,4,10.44,Singapore
INV503913,2025-08-29 00:00:00,CUST1400,Bluetooth Speaker,3,39.25,Singapore
INV500310,2025-08-30 00:00:00,CUST1027,Headphones,5,61.66,India
INV500310,2025-08-30 00:00:00,CUST1027,Backpack,2,43.68,India
INV502351,2025-08-30 00:00:00,CUST1236,Mechanical Keyboard,5,86.96,UAE
INV502351,2025-08-30 00:00:00,CUST1236,Wireless Mouse,3,31.33,Singapore
INV500016,2025-08-31 00:00:00,CUST1002,Mini Tripod,2,14.42,India
INV500269,2025-08-31 00:00:00,CUST1024,Bluetooth Speaker,3,36.31,India
INV500269,2025-08-31 00:00:00,CUST1024,Mini Tripod,2,12.39,Singapore
INV500269,2025-08-31 00:00:00,CUST1024,HDMI Cable,3,9.51,India
INV501545,2025-08-31 00:00:00,CUST1155,Headphones,2,82.3,UAE
INV501545,2025-08-31 00:00:00,CUST1155,Wireless Mouse,4,27.84,India
INV501545,2025-08-31 00:00:00,CUST1155,Headphones,5,84.41,UAE
INV502080,2025-08-31 00:00:00,CUST1207,Wireless Mouse,3,23.59,India
INV502562,2025-08-31 00:00:00,CUST1260,Headphones,2,51.56,India
INV502562,2025-08-31 00:00:00,CUST1260,Phone Case,4,8.67,India
INV502562,2025-08-31 00:00:00,CUST1260,Backpack,3,35.92,United Kingdom
INV502990,2025-08-31 00:00:00,CUST1301,Desk Lamp,2,19.7,India
INV502990,2025-08-31 00:00:00,CUST1301,Fitness Band,2,30.55,UAE
INV502990,2025-08-31 00:00:00,CUST1301,Portable SSD,1,77.48,UAE
INV503242,2025-08-31 00:00:00,CUST1327,Charging Cable,4,5.72,India
INV503242,2025-08-31 00:00:00,CUST1327,Wireless Mouse,2,18.52,India
INV503242,2025-08-31 00:00:00,CUST1327,Backpack,3,32.99,India
INV502272,2025-09-01 00:00:00,CUST1231,Mini Tripod,4,16.86,India
INV502320,2025-09-01 00:00:00,CUST1234,Mechanical Keyboard,3,56.28,Singapore
INV502320,2025-09-01 00:00:00,CUST1234,Fitness Band,3,32.8,India
INV502320,2025-09-01 00:00:00,CUST1234,Webcam,1,45.95,India
INV502502,2025-09-01 00:00:00,CUST1255,Gaming Mouse Pad,1,18.48,United Kingdom
INV502502,2025-09-01 00:00:00,CUST1255,Mini Tripod,2,14.4,United Kingdom
INV502502,2025-09-01 00:00:00,CUST1255,Gaming Mouse Pad,1,17.26,India
INV500567,2025-09-02 00:00:00,CUST1052,Charging Cable,2,6.23,United Kingdom
INV500567,2025-09-02 00:00:00,CUST1052,Smartwatch Strap,1,11.59,United Kingdom
INV500567,2025-09-02 00:00:00,CUST1052,Portable SSD,2,85.51,Singapore
INV501417,2025-09-02 00:00:00,CUST1141,Water Bottle,3,14.91,India
INV501417,2025-09-02 00:00:00,CUST1141,Bluetooth Speaker,1,43.95,India
INV501417,2025-09-02 00:00:00,CUST1141,Charging Cable,1,6.26,India
INV500862,2025-09-03 00:00:00,CUST1086,Notebook Set,1,6.52,India
INV500862,2025-09-03 00:00:00,CUST1086,Portable SSD,3,76.72,India
INV500912,2025-09-03 00:00:00,CUST1090,Fitness Band,5,46.44,UAE
INV501251,2025-09-03 00:00:00,CUST1127,Water Bottle,6,21.82,India
INV501251,2025-09-03 00:00:00,CUST1127,Fitness Band,4,48.62,India
INV501251,2025-09-03 00:00:00,CUST1127,Fitness Band,6,47.32,United Kingdom
INV501254,2025-09-03 00:00:00,CUST1127,Power Bank,5,38.41,UAE
INV501254,2025-09-03 00:00:00,CUST1127,Desk Lamp,4,32.68,Singapore
INV501378,2025-09-03 00:00:00,CUST1137,Fitness Band,5,41.21,UAE
INV502056,2025-09-03 00:00:00,CUST1205,Bluetooth Speaker,3,43.66,Singapore
INV502056,2025-09-03 00:00:00,CUST1205,Bluetooth Speaker,1,50.2,UAE
INV501724,2025-09-04 00:00:00,CUST1172,Smartwatch Strap,1,9.52,UAE
INV501724,2025-09-04 00:00:00,CUST1172,Power Bank,1,21.71,Singapore
INV502027,2025-09-04 00:00:00,CUST1202,Headphones,3,45.6,India
INV502027,2025-09-04 00:00:00,CUST1202,HDMI Cable,4,7.43,India
INV502027,2025-09-04 00:00:00,CUST1202,Backpack,1,38.11,United Kingdom
INV503364,2025-09-04 00:00:00,CUST1340,Power Bank,4,33.89,India
INV503364,2025-09-04 00:00:00,CUST1340,Backpack,4,43.82,United Kingdom
INV503364,2025-09-04 00:00:00,CUST1340,Portable SSD,4,113.42,India
INV500011,2025-09-05 00:00:00,CUST1002,Bluetooth Speaker,2,48.01,India
INV500011,2025-09-05 00:00:00,CUST1002,Power Bank,5,33.78,Singapore
INV500119,2025-09-06 00:00:00,CUST1010,Backpack,4,53.39,India
INV500119,2025-09-06 00:00:00,CUST1010,Laptop Stand,2,45.23,India
INV500474,2025-09-06 00:00:00,CUST1045,Smartwatch Strap,2,15.6,India
INV503244,2025-09-06 00:00:00,CUST1327,USB-C Hub,3,23.96,India
INV501258,2025-09-07 00:00:00,CUST1127,Bluetooth Speaker,2,55.36,India
INV501258,2025-09-07 00:00:00,CUST1127,Headphones,4,71.79,India
INV501667,2025-09-07 00:00:00,CUST1167,Wireless Mouse,1,18.51,India
INV501667,2025-09-07 00:00:00,CUST1167,Backpack,4,40.45,India
INV501750,2025-09-07 00:00:00,CUST1176,Fitness Band,3,30.21,India
INV500558,2025-09-08 00:00:00,CUST1051,Desk Lamp,3,25.47,United Kingdom
INV502006,2025-09-08 00:00:00,CUST1200,Water Bottle,4,15.71,India
INV502006,2025-09-08 00:00:00,CUST1200,Phone Case,3,10.14,India
INV502006,2025-09-08 00:00:00,CUST1200,Portable SSD,3,90.96,India
INV502604,2025-09-08 00:00:00,,Fitness Band,1,32.0,India
INV502604,2025-09-08 00:00:00,CUST1265,Fitness Band,1,35.02,Singapore
INV503343,2025-09-08 00:00:00,CUST1338,Laptop Stand,2,33.1,Singapore
INV503343,2025-09-08 00:00:00,CUST1338,Mini Tripod,2,10.89,India
INV503343,2025-09-08 00:00:00,CUST1338,Power Bank,3,27.85,UAE
INV500005,2025-09-09 00:00:00,CUST1001,HDMI Cable,2,8.89,United Kingdom
INV500005,2025-09-09 00:00:00,CUST1001,Fitness Band,1,33.27,India
INV500005,2025-09-09 00:00:00,CUST1001,Fitness Band,2,33.32,Singapore
INV500556,2025-09-09 00:00:00,CUST1050,Wireless Mouse,4,17.77,India
INV500932,2025-09-09 00:00:00,CUST1091,Backpack,2,49.99,UAE
INV500932,2025-09-09 00:00:00,CUST1091,Fitness Band,5,45.4,UAE
INV502453,2025-09-09 00:00:00,CUST1250,Headphones,2,48.74,India
INV502453,2025-09-09 00:00:00,CUST1250,Webcam,2,44.07,singapore
INV502453,2025-09-09 00:00:00,CUST1250,Mechanical Keyboard,3,59.66,India
INV503149,2025-09-09 00:00:00,CUST1317,Power Bank,4,25.09,India
INV500951,2025-09-10 00:00:00,CUST1094,Bluetooth Speaker,1,33.97,Singapore
INV500951,2025-09-10 00:00:00,CUST1094,Water Bottle,2,12.93,India
INV501422,2025-09-10 00:00:00,CUST1141,Fitness Band,3,35.0,India
INV501872,2025-09-10 00:00:00,CUST1186,Charging Cable,3,7.33,India
INV501872,2025-09-10 00:00:00,CUST1186,Desk Lamp,4,27.29,India
INV501872,2025-09-10 00:00:00,CUST1186,Desk Lamp,3,27.8,Singapore
INV502170,2025-09-10 00:00:00,CUST1217,Fitness Band,3,32.32,India
INV502170,2025-09-10 00:00:00,CUST1217,Notebook Set,1,7.07,India
INV502170,2025-09-10 00:00:00,CUST1217,Charging Cable,1,5.99,Singapore
INV502469,2025-09-10 00:00:00,CUST1251,Portable SSD,3,97.41,India
INV502469,2025-09-10 00:00:00,CUST1251,Notebook Set,3,8.81,India
INV502522,2025-09-10 00:00:00,CUST1257,Notebook Set,4,10.9,India
INV502522,2025-09-10 00:00:00,CUST1257,Wireless Mouse,3,27.21,India
INV502522,2025-09-10 00:00:00,CUST1257,USB-C Hub,5,38.72,United Kingdom
INV501926,2025-09-11 00:00:00,CUST1192,Mini Tripod,1,12.67,India
INV501926,2025-09-11 00:00:00,CUST1192,Gaming Mouse Pad,4,17.79,India
INV501926,2025-09-11 00:00:00,CUST1192,Headphones,2,62.96,India
INV503629,2025-09-11 00:00:00,CUST1369,Wireless Mouse,5,25.61,Singapore
INV503629,2025-09-11 00:00:00,CUST1369,Headphones,2,70.89,India
INV503640,2025-09-11 00:00:00,CUST1370,Headphones,4,43.94,UAE
INV500487,2025-09-12 00:00:00,CUST1045,Mini Tripod,6,14.4,India
INV500742,2025-09-12 00:00:00,CUST1073,Smartwatch Strap,1,12.85,India
INV500742,2025-09-12 00:00:00,CUST1073,Headphones,1,50.13,UAE
INV501424,2025-09-12 00:00:00,CUST1141,Laptop Stand,3,32.88,India
INV501424,2025-09-12 00:00:00,CUST1141,Fitness Band,4,37.81,Singapore
INV501424,2025-09-12 00:00:00,CUST1141,Headphones,1,53.63,India
INV501903,2025-09-12 00:00:00,CUST1189,Water Bottle,2,15.0,UAE
INV501903,2025-09-12 00:00:00,CUST1189,Laptop Stand,4,30.4,India
INV501903,2025-09-12 00:00:00,CUST1189,Webcam,4,50.48,UAE
INV502066,2025-09-12 00:00:00,CUST1206,HDMI Cable,3,9.33,UAE
INV502098,2025-09-12 00:00:00,CUST1208,Mini Tripod,5,14.71,India
INV503104,2025-09-12 00:00:00,CUST1313,Power Bank,4,30.39,India
INV503104,2025-09-12 00:00:00,CUST1313,Charging Cable,2,6.75,India
INV500898,2025-09-13 00:00:00,CUST1089,Backpack,5,46.26,Singapore
INV501145,2025-09-13 00:00:00,CUST1114,Laptop Stand,4,31.3,UAE
INV501145,2025-09-13 00:00:00,CUST1114,USB-C Hub,3,31.24,UAE
INV501145,2025-09-13 00:00:00,CUST1114,Desk Lamp,4,22.95,India
INV501587,2025-09-13 00:00:00,CUST1161,Water Bottle,2,16.55,India
INV501823,2025-09-13 00:00:00,CUST1181,Charging Cable,2,6.28,India
INV501823,2025-09-13 00:00:00,CUST1181,Desk Lamp,3,22.88,United Kingdom
INV501823,2025-09-13 00:00:00,CUST1181,Mini Tripod,3,11.97,India
CINV500695,2025-09-14 00:00:00,CUST1068,Fitness Band,-3,41.54,United Kingdom
INV500695,2025-09-14 00:00:00,CUST1068,Charging Cable,5,7.82,Singapore
INV500972,2025-09-14 00:00:00,CUST1095,Headphones,5,73.92,United Kingdom
INV500972,2025-09-14 00:00:00,CUST1095,HDMI Cable,3,12.74,UAE
INV500972,2025-09-14 00:00:00,CUST1095,Portable SSD,4,123.01,UAE
INV501861,2025-09-14 00:00:00,CUST1185,Gaming Mouse Pad,4,18.96,United Kingdom
INV501861,2025-09-14 00:00:00,CUST1185,HDMI Cable,4,9.84,India
INV503836,2025-09-14 00:00:00,CUST1393,Power Bank,1,33.25,India
INV503836,2025-09-14 00:00:00,CUST1393,Laptop Stand,4,32.53,India
INV503836,2025-09-14 00:00:00,CUST1393,Webcam,3,45.05,UAE
INV500354,2025-09-15 00:00:00,CUST1030,Notebook Set,2,8.3,India
INV500881,2025-09-15 00:00:00,CUST1089,Webcam,4,55.66,India
INV500881,2025-09-15 00:00:00,CUST1089,Smartwatch Strap,3,14.52,India
INV501898,2025-09-15 00:00:00,CUST1189,USB-C Hub,2,28.35,United Kingdom
INV501898,2025-09-15 00:00:00,CUST1189,Mechanical Keyboard,3,55.46,Singapore
INV501898,2025-09-15 00:00:00,CUST1189,Gaming Mouse Pad,3,17.43,United Kingdom
INV502839,2025-09-15 00:00:00,CUST1288,Gaming Mouse Pad,5,20.02,India
INV502839,2025-09-15 00:00:00,CUST1288,Smartwatch Strap,5,15.59,India
INV502839,2025-09-15 00:00:00,CUST1288,Desk Lamp,4,28.71,India
INV503539,2025-09-15 00:00:00,CUST1359,Headphones,2,63.97,India
INV503539,2025-09-15 00:00:00,CUST1359,Phone Case,2,14.49,United Kingdom
INV500248,2025-09-16 00:00:00,CUST1021,Water Bottle,4,13.62,Singapore
INV500248,2025-09-16 00:00:00,CUST1021,Power Bank,2,22.43,India
INV501048,2025-09-16 00:00:00,CUST1103,Wireless Mouse,1,16.59,Singapore
INV501048,2025-09-16 00:00:00,CUST1103,Notebook Set,3,6.69,UAE
INV501048,2025-09-16 00:00:00,CUST1103,HDMI Cable,3,7.8,India
INV501784,2025-09-16 00:00:00,CUST1177,Wireless Mouse,3,30.01,United Kingdom
INV501784,2025-09-16 00:00:00,CUST1177,Laptop Stand,2,46.55,India
INV502338,2025-09-16 00:00:00,CUST1236,Phone Case,5,14.2,India
INV502338,2025-09-16 00:00:00,CUST1236,Wireless Mouse,6,27.24,India
INV503358,2025-09-16 00:00:00,CUST1340,Gaming Mouse Pad,1,20.76,India
INV503667,2025-09-16 00:00:00,CUST1375,Charging Cable,1,7.54,India
INV503667,2025-09-16 00:00:00,CUST1375,Charging Cable,2,7.55,India
INV503667,2025-09-16 00:00:00,CUST1375,Wireless Mouse,1,21.26,India
INV500287,2025-09-17 00:00:00,CUST1026,Headphones,1,51.34,India
INV500287,2025-09-17 00:00:00,CUST1026,Mini Tripod,1,13.4,United Kingdom
INV500287,2025-09-17 00:00:00,CUST1026,Laptop Stand,3,35.96,India
INV500918,2025-09-17 00:00:00,CUST1090,USB-C Hub,2,46.61,India
INV500918,2025-09-17 00:00:00,CUST1090,Power Bank,3,42.37,India
INV500994,2025-09-17 00:00:00,CUST1097,Bluetooth Speaker,3,42.62,India
INV500994,2025-09-17 00:00:00,CUST1097,Desk Lamp,1,25.41,India
INV500994,2025-09-17 00:00:00,CUST1097,Desk Lamp,1,23.35,India
INV501190,2025-09-17 00:00:00,CUST1120,Mini Tripod,3,13.58,United Kingdom
INV501915,2025-09-17 00:00:00,CUST1190,Gaming Mouse Pad,3,15.38,India
INV501521,2025-09-18 00:00:00,CUST1153,Headphones,2,47.96,United Kingdom
INV501711,2025-09-18 00:00:00,CUST1170,Fitness Band,5,52.33,India
INV502023,2025-09-18 00:00:00,CUST1202,Laptop Stand,2,31.85,India
INV502023,2025-09-18 00:00:00,CUST1202,Headphones,1,47.18,United Kingdom
INV502688,2025-09-18 00:00:00,CUST1275,Water Bottle,5,17.34,UAE
INV502688,2025-09-18 00:00:00,CUST1275,Webcam,6,53.74,India
INV502688,2025-09-18 00:00:00,CUST1275,Bluetooth Speaker,2,52.93,India
INV502688,2025-09-18 00:00:00,CUST1275,Water Bottle,5,17.34,UAE
INV501668,2025-09-19 00:00:00,CUST1167,USB-C Hub,1,28.71,United Kingdom
INV502787,2025-09-19 00:00:00,CUST1284,Mechanical Keyboard,3,52.33,India
INV502787,2025-09-19 00:00:00,CUST1284,Headphones,3,52.47,India
INV502787,2025-09-19 00:00:00,CUST1284,Headphones,2,50.42,India
INV503037,2025-09-19 00:00:00,CUST1306,Mechanical Keyboard,4,76.21,UAE
INV503037,2025-09-19 00:00:00,CUST1306,USB-C Hub,5,34.25,Singapore
INV501936,2025-09-20 00:00:00,CUST1193,Fitness Band,3,35.6,United Kingdom
INV502087,2025-09-20 00:00:00,CUST1208,Mechanical Keyboard,6,64.91,India
INV502087,2025-09-20 00:00:00,CUST1208,Backpack,2,42.51,Singapore
INV502087,2025-09-20 00:00:00,CUST1208,Desk Lamp,5,30.02,Singapore
INV502321,2025-09-20 00:00:00,CUST1234,Headphones,3,47.62,India
INV502321,2025-09-20 00:00:00,CUST1234,Portable SSD,3,94.12,India
INV500910,2025-09-21 00:00:00,CUST1090,HDMI Cable,5,13.89,India
INV501183,2025-09-21 00:00:00,CUST1119,Bluetooth Speaker,1,33.97,India
INV501183,2025-09-21 00:00:00,CUST1119,Notebook Set,3,6.83,UAE
INV501502,2025-09-21 00:00:00,CUST1150,Mechanical Keyboard,2,46.74,India
INV501502,2025-09-21 00:00:00,CUST1150,Power Bank,2,24.08,India
INV501502,2025-09-21 00:00:00,CUST1150,Fitness Band,2,30.85,India
INV502273,2025-09-21 00:00:00,CUST1231,Mini Tripod,6,16.59,India
INV502273,2025-09-21 00:00:00,CUST1231,Laptop Stand,4,43.37,United Kingdom
INV502273,2025-09-21 00:00:00,CUST1231,Notebook Set,3,9.44,India
INV503422,2025-09-21 00:00:00,CUST1346,Bluetooth Speaker,1,36.78,Singapore
INV503422,2025-09-21 00:00:00,CUST1346,Portable SSD,3,76.94,India
INV503422,2025-09-21 00:00:00,CUST1346,HDMI Cable,1,8.46,UAE
INV503860,2025-09-21 00:00:00,CUST1395,Desk Lamp,5,28.36,India
INV503860,2025-09-21 00:00:00,CUST1395,Water Bottle,4,16.02,UAE
INV503860,2025-09-21 00:00:00,CUST1395,Webcam,6,52.82,Singapore
INV500079,2025-09-22 00:00:00,CUST1008,Notebook Set,6,9.09,India
INV500079,2025-09-22 00:00:00,CUST1008,Webcam,3,56.13,India
INV501427,2025-09-22 00:00:00,CUST1142,Wireless Mouse,2,14.3,Singapore
INV501427,2025-09-22 00:00:00,CUST1142,Charging Cable,2,4.84,India
INV502224,2025-09-22 00:00:00,CUST1225,Notebook Set,2,12.37,India
INV502224,2025-09-22 00:00:00,CUST1225,Desk Lamp,5,37.68,India
INV502224,2025-09-22 00:00:00,CUST1225,Power Bank,3,40.5,India
INV500686,2025-09-23 00:00:00,CUST1068,Mechanical Keyboard,2,61.59,India
INV500686,2025-09-23 00:00:00,CUST1068,Charging Cable,3,6.95,India
INV500686,2025-09-23 00:00:00,CUST1068,Portable SSD,4,113.2,Singapore
INV501121,2025-09-23 00:00:00,CUST1111,Mechanical Keyboard,4,48.29,United Kingdom
INV501865,2025-09-23 00:00:00,CUST1186,USB-C Hub,3,34.75,Singapore
INV501865,2025-09-23 00:00:00,CUST1186,Water Bottle,4,16.68,India
INV501865,2025-09-23 00:00:00,CUST1186,Desk Lamp,4,28.04,India
INV503060,2025-09-23 00:00:00,CUST1308,Phone Case,3,9.72,India
INV503060,2025-09-23 00:00:00,CUST1308,Headphones,4,41.1,India
INV503801,2025-09-23 00:00:00,CUST1387,Phone Case,6,14.94,United Kingdom
INV503801,2025-09-23 00:00:00,CUST1387,Phone Case,6,16.11,UAE
INV501188,2025-09-24 00:00:00,CUST1120,Portable SSD,4,110.04,India
INV501188,2025-09-24 00:00:00,CUST1120,Backpack,4,41.36,United Kingdom
INV501188,2025-09-24 00:00:00,CUST1120,Mini Tripod,4,12.2,India
INV501620,2025-09-24 00:00:00,CUST1164,Gaming Mouse Pad,2,14.85,India
INV501620,2025-09-24 00:00:00,CUST1164,Desk Lamp,3,22.72,United Kingdom
INV501680,2025-09-24 00:00:00,CUST1169,Fitness Band,3,36.08,UAE
INV501957,2025-09-24 00:00:00,CUST1195,Portable SSD,2,90.16,India
INV501957,2025-09-24 00:00:00,CUST1195,Gaming Mouse Pad,2,17.05,United Kingdom
INV502601,2025-09-24 00:00:00,CUST1264,Charging Cable,3,7.95,India
INV502601,2025-09-24 00:00:00,CUST1264,Wireless Mouse,2,23.04,Singapore
INV502601,2025-09-24 00:00:00,CUST1264,Charging Cable,4,7.44,India
INV500154,2025-09-25 00:00:00,CUST1012,Phone Case,3,8.85,UAE
INV500154,2025-09-25 00:00:00,CUST1012,Notebook Set,2,7.18,Singapore
INV501463,2025-09-25 00:00:00,CUST1145,Power Bank,2,25.48,Singapore
INV501463,2025-09-25 00:00:00,CUST1145,Desk Lamp,3,24.92,UAE
INV501512,2025-09-25 00:00:00,CUST1151,Notebook Set,4,7.01,India
INV501726,2025-09-25 00:00:00,CUST1173,HDMI Cable,1,9.1,India
INV501801,2025-09-25 00:00:00,CUST1178,Gaming Mouse Pad,1,15.28,India
INV501801,2025-09-25 00:00:00,CUST1178,Bluetooth Speaker,1,41.49,United Kingdom
INV501801,2025-09-25 00:00:00,CUST1178,Bluetooth Speaker,1,39.11,United Kingdom
INV502480,2025-09-25 00:00:00,CUST1253,Webcam,5,61.75,India
INV502480,2025-09-25 00:00:00,CUST1253,Power Bank,5,37.74,UAE
INV502779,2025-09-25 00:00:00,CUST1282,Notebook Set,3,7.44,Singapore
INV503010,2025-09-25 00:00:00,CUST1305,Charging Cable,4,10.03,United Kingdom
INV503010,2025-09-25 00:00:00,CUST1305,Mini Tripod,4,18.27,India
INV503010,2025-09-25 00:00:00,CUST1305,Phone Case,2,14.14,India
INV503382,2025-09-25 00:00:00,CUST1342,Notebook Set,4,6.67,Singapore
INV503382,2025-09-25 00:00:00,CUST1342,Portable SSD,2,76.27,India
INV503382,2025-09-25 00:00:00,CUST1342,Charging Cable,2,5.78,India
INV503724,2025-09-25 00:00:00,CUST1380,Desk Lamp,4,19.19,India
INV503724,2025-09-25 00:00:00,CUST1380,Headphones,1,45.64,Singapore
INV503724,2025-09-25 00:00:00,CUST1380,Mechanical Keyboard,2,51.51,India
INV500213,2025-09-26 00:00:00,CUST1019,Bluetooth Speaker,2,38.51,India
INV500213,2025-09-26 00:00:00,CUST1019,Bluetooth Speaker,3,41.23,United Kingdom
INV500213,2025-09-26 00:00:00,CUST1019,Mechanical Keyboard,3,57.87,India
INV501838,2025-09-26 00:00:00,CUST1184,Wireless Mouse,6,28.41,India
INV501838,2025-09-26 00:00:00,CUST1184,Webcam,3,73.93,India
INV501838,2025-09-26 00:00:00,CUST1184,Fitness Band,3,51.51,India
INV502123,2025-09-26 00:00:00,CUST1211,Webcam,1,46.16,India
INV502123,2025-09-26 00:00:00,CUST1211,Water Bottle,2,12.75,Singapore
INV502140,2025-09-26 00:00:00,CUST1213,Desk Lamp,4,21.6,India
INV503073,2025-09-26 00:00:00,CUST1310,Fitness Band,4,32.63,UAE
INV503073,2025-09-26 00:00:00,CUST1310,Smartwatch Strap,1,12.03,Singapore
INV500010,2025-09-27 00:00:00,CUST1002,Webcam,6,57.0,India
INV500010,2025-09-27 00:00:00,CUST1002,Mini Tripod,6,15.36,India
INV500578,2025-09-27 00:00:00,CUST1053,Webcam,4,49.59,India
INV503555,2025-09-27 00:00:00,CUST1359,Laptop Stand,2,42.82,United Kingdom
INV502198,2025-09-28 00:00:00,CUST1220,Mini Tripod,2,10.65,India
INV502198,2025-09-28 00:00:00,CUST1220,Backpack,1,41.99,United Kingdom
INV500433,2025-09-29 00:00:00,CUST1042,Mini Tripod,2,17.52,India
INV500433,2025-09-29 00:00:00,CUST1042,Wireless Mouse,2,29.26,UAE
INV501692,2025-09-29 00:00:00,CUST1169,Power Bank,4,27.59,India
INV502886,2025-09-29 00:00:00,CUST1291,HDMI Cable,5,10.95,India
INV502886,2025-09-29 00:00:00,CUST1291,Bluetooth Speaker,4,46.79,UAE
INV501303,2025-09-30 00:00:00,CUST1132,Power Bank,6,32.44,United Kingdom
INV501303,2025-09-30 00:00:00,CUST1132,Wireless Mouse,5,22.38,India
INV502127,2025-09-30 00:00:00,CUST1211,Power Bank,4,26.01,Singapore
INV502127,2025-09-30 00:00:00,CUST1211,Laptop Stand,2,28.99,India
INV502127,2025-09-30 00:00:00,CUST1211,USB-C Hub,2,26.27,India
INV502786,2025-09-30 00:00:00,CUST1284,Desk Lamp,4,25.73,India
INV503730,2025-09-30 00:00:00,CUST1381,Wireless Mouse,2,18.25,UAE
INV503730,2025-09-30 00:00:00,CUST1381,Wireless Mouse,2,17.52,India
INV503730,2025-09-30 00:00:00,CUST1381,Phone Case,3,9.04,India
INV500856,2025-10-01 00:00:00,CUST1085,Notebook Set,2,7.32,Singapore
INV501300,2025-10-01 00:00:00,CUST1131,Mini Tripod,3,13.38,United Kingdom
INV501319,2025-10-01 00:00:00,CUST1132,Water Bottle,5,17.3,India
INV501319,2025-10-01 00:00:00,CUST1132,Notebook Set,5,9.1,India
INV501319,2025-10-01 00:00:00,CUST1132,Fitness Band,3,37.8,Singapore
INV503353,2025-10-01 00:00:00,CUST1339,Laptop Stand,1,33.05,India
INV503353,2025-10-01 00:00:00,CUST1339,Mini Tripod,3,11.84,India
INV503353,2025-10-01 00:00:00,CUST1339,Laptop Stand,3,28.92,India
INV500770,2025-10-02 00:00:00,CUST1076,Backpack,2,38.32,India
INV500770,2025-10-02 00:00:00,CUST1076,Gaming Mouse Pad,4,14.66,India
INV502722,2025-10-02 00:00:00,CUST1276,Mini Tripod,3,15.13,UAE
INV503504,2025-10-02 00:00:00,CUST1355,Headphones,3,41.97,India
INV503504,2025-10-02 00:00:00,CUST1355,Backpack,1,32.93,India
INV503809,2025-10-02 00:00:00,CUST1388,Charging Cable,4,6.17,United Kingdom
INV503809,2025-10-02 00:00:00,CUST1388,Power Bank,2,26.31,United Kingdom
INV500322,2025-10-03 00:00:00,CUST1027,Desk Lamp,4,29.87,India
INV500322,2025-10-03 00:00:00,CUST1027,Bluetooth Speaker,2,53.66,India
INV500834,2025-10-03 00:00:00,CUST1082,Backpack,1,39.91,Singapore
INV500834,2025-10-03 00:00:00,CUST1082,Backpack,3,38.81,India
INV500834,2025-10-03 00:00:00,CUST1082,Water Bottle,1,12.97,India
INV501261,2025-10-03 00:00:00,CUST1127,Charging Cable,5,8.76,India
INV501261,2025-10-03 00:00:00,CUST1127,Water Bottle,2,22.03,India
INV501261,2025-10-03 00:00:00,CUST1127,Charging Cable,4,9.49,India
INV502612,2025-10-03 00:00:00,CUST1266,Desk Lamp,3,22.39,India
INV502612,2025-10-03 00:00:00,CUST1266,Headphones,1,42.52,India
INV500752,2025-10-04 00:00:00,CUST1074,Bluetooth Speaker,3,49.51,India
INV500752,2025-10-04 00:00:00,CUST1074,Bluetooth Speaker,2,41.86,Singapore
INV501044,2025-10-04 00:00:00,CUST1102,Mechanical Keyboard,1,42.44,India
INV501044,2025-10-04 00:00:00,CUST1102,Bluetooth Speaker,3,33.49,India
INV501044,2025-10-04 00:00:00,CUST1102,Mini Tripod,2,8.96,UAE
INV501362,2025-10-04 00:00:00,CUST1136,Gaming Mouse Pad,2,17.67,India
INV501362,2025-10-04 00:00:00,CUST1136,HDMI Cable,2,9.03,United Kingdom
INV501388,2025-10-04 00:00:00,CUST1138,Bluetooth Speaker,1,35.56,India
INV501388,2025-10-04 00:00:00,CUST1138,Portable SSD,1,76.56,India
INV501388,2025-10-04 00:00:00,CUST1138,Headphones,1,44.05,UAE
INV501674,2025-10-04 00:00:00,CUST1168,Headphones,1,46.97,UAE
INV501674,2025-10-04 00:00:00,CUST1168,HDMI Cable,3,8.9,India
INV502783,2025-10-04 00:00:00,CUST1284,Fitness Band,4,32.83,Singapore
INV502783,2025-10-04 00:00:00,CUST1284,Phone Case,3,9.89,India
INV502783,2025-10-04 00:00:00,CUST1284,Power Bank,3,31.39,United Kingdom
INV503811,2025-10-04 00:00:00,CUST1389,Smartwatch Strap,3,12.63,India
INV503811,2025-10-04 00:00:00,CUST1389,Charging Cable,3,7.77,UAE
INV501111,2025-10-05 00:00:00,CUST1110,Laptop Stand,1,28.86,United Kingdom
INV501111,2025-10-05 00:00:00,CUST1110,Webcam,2,44.66,India
INV501111,2025-10-05 00:00:00,CUST1110,USB-C Hub,4,29.14,India
INV501505,2025-10-05 00:00:00,CUST1150,Laptop Stand,1,30.49,India
INV501505,2025-10-05 00:00:00,CUST1150,USB-C Hub,2,26.24,India
INV500940,2025-10-06 00:00:00,CUST1091,Bluetooth Speaker,6,53.55,India
INV500940,2025-10-06 00:00:00,CUST1091,Headphones,4,70.43,Singapore
INV500940,2025-10-06 00:00:00,CUST1091,Laptop Stand,2,46.06,India
INV501309,2025-10-06 00:00:00,CUST1132,Webcam,6,58.21,Singapore
INV501376,2025-10-06 00:00:00,CUST1137,Mechanical Keyboard,4,65.48,India
INV501376,2025-10-06 00:00:00,CUST1137,Mini Tripod,5,14.19,India
INV502199,2025-10-06 00:00:00,CUST1220,Backpack,2,39.08,UAE
INV502199,2025-10-06 00:00:00,CUST1220,Charging Cable,2,6.13,Singapore
INV502573,2025-10-06 00:00:00,CUST1262,Mechanical Keyboard,4,53.84,India
INV502573,2025-10-06 00:00:00,CUST1262,Mechanical Keyboard,1,56.34,UAE
INV502573,2025-10-06 00:00:00,CUST1262,Wireless Mouse,4,16.92,India
INV503127,2025-10-06 00:00:00,CUST1314,Bluetooth Speaker,2,61.08,India
INV500618,2025-10-07 00:00:00,CUST1058,Notebook Set,1,6.48,United Kingdom
INV500618,2025-10-07 00:00:00,CUST1058,Laptop Stand,1,29.71,United Kingdom
INV500618,2025-10-07 00:00:00,CUST1058,Portable SSD,2,75.28,UAE
INV502059,2025-10-07 00:00:00,CUST1205,HDMI Cable,3,10.22,India
INV502222,2025-10-07 00:00:00,CUST1225,Wireless Mouse,3,29.12,India
INV502222,2025-10-07 00:00:00,CUST1225,Bluetooth Speaker,2,57.11,India
INV502222,2025-10-07 00:00:00,CUST1225,Gaming Mouse Pad,6,23.92,India
INV503371,2025-10-07 00:00:00,CUST1341,HDMI Cable,3,9.12,United Kingdom
INV503554,2025-10-07 00:00:00,CUST1359,USB-C Hub,6,37.85,UAE
INV503554,2025-10-07 00:00:00,CUST1359,Water Bottle,3,20.13,India
INV503554,2025-10-07 00:00:00,CUST1359,Bluetooth Speaker,4,50.38,Singapore
INV501813,2025-10-08 00:00:00,CUST1180,USB-C Hub,4,29.53,Singapore
INV501813,2025-10-08 00:00:00,CUST1180,USB-C Hub,4,27.34,Singapore
INV501813,2025-10-08 00:00:00,CUST1180,Charging Cable,1,6.73,India
INV501920,2025-10-08 00:00:00,CUST1191,Webcam,4,54.09,India
INV501920,2025-10-08 00:00:00,CUST1191,USB-C Hub,2,31.35,India
INV501920,2025-10-08 00:00:00,CUST1191,USB-C Hub,1,32.03,United Kingdom
INV502319,2025-10-08 00:00:00,CUST1233,Laptop Stand,1,32.5,UAE
INV502319,2025-10-08 00:00:00,CUST1233,Notebook Set,1,6.58,United Kingdom
INV502319,2025-10-08 00:00:00,CUST1233,Fitness Band,1,30.02,Singapore
INV503276,2025-10-08 00:00:00,CUST1330,USB-C Hub,4,29.33,Singapore
INV503276,2025-10-08 00:00:00,CUST1330,Desk Lamp,3,24.66,India
INV503276,2025-10-08 00:00:00,CUST1330,Desk Lamp,4,24.26,UAE
INV503293,2025-10-08 00:00:00,CUST1332,Charging Cable,4,6.86,India
INV503293,2025-10-08 00:00:00,CUST1332,Desk Lamp,2,26.53,United Kingdom
INV503293,2025-10-08 00:00:00,CUST1332,Power Bank,1,30.65,Singapore
INV503543,2025-10-08 00:00:00,CUST1359,Webcam,3,61.83,India
INV500327,2025-10-09 00:00:00,CUST1028,Water Bottle,6,18.34,UAE
INV500327,2025-10-09 00:00:00,CUST1028,Webcam,5,69.15,India
INV500536,2025-10-09 00:00:00,CUST1048,Notebook Set,3,7.26,India
INV500536,2025-10-09 00:00:00,CUST1048,Phone Case,4,10.06,UAE
INV500684,2025-10-09 00:00:00,CUST1068,Portable SSD,3,105.54,India
INV500684,2025-10-09 00:00:00,CUST1068,USB-C Hub,5,31.62,India
INV501554,2025-10-09 00:00:00,CUST1157,Fitness Band,3,38.62,India
INV501059,2025-10-10 00:00:00,CUST1105,HDMI Cable,1,8.81,India
INV501059,2025-10-10 00:00:00,CUST1105,Mini Tripod,3,13.21,india
INV501059,2025-10-10 00:00:00,CUST1105,Backpack,3,41.03,United Kingdom
INV501584,2025-10-10 00:00:00,CUST1161,Power Bank,4,33.17,India
INV501584,2025-10-10 00:00:00,CUST1161,Bluetooth Speaker,6,48.05,UAE
INV501584,2025-10-10 00:00:00,CUST1161,Portable SSD,6,104.65,Singapore
INV502016,2025-10-10 00:00:00,CUST1201,Bluetooth Speaker,1,33.43,United Kingdom
INV502274,2025-10-10 00:00:00,CUST1231,Headphones,3,61.31,India
INV502274,2025-10-10 00:00:00,CUST1231,Mini Tripod,6,16.27,India
INV502798,2025-10-10 00:00:00,CUST1285,Water Bottle,2,14.19,United Kingdom
INV502798,2025-10-10 00:00:00,CUST1285,Smartwatch Strap,3,12.31,India
INV502798,2025-10-10 00:00:00,CUST1285,HDMI Cable,1,9.37,India
INV503229,2025-10-10 00:00:00,CUST1325,Bluetooth Speaker,5,53.68,India
INV500028,2025-10-11 00:00:00,CUST1002,Phone Case,5,11.62,India
INV503546,2025-10-11 00:00:00,CUST1359,Gaming Mouse Pad,6,23.78,India
INV500468,2025-10-12 00:00:00,CUST1044,Backpack,2,34.14,United Kingdom
INV500683,2025-10-12 00:00:00,CUST1068,Desk Lamp,5,30.34,Singapore
INV501313,2025-10-12 00:00:00,CUST1132,Mini Tripod,2,14.26,United Kingdom
INV501313,2025-10-12 00:00:00,CUST1132,Wireless Mouse,2,21.71,India
INV501368,2025-10-12 00:00:00,CUST1136,USB-C Hub,1,28.38,India
INV501368,2025-10-12 00:00:00,CUST1136,Headphones,3,52.13,India
INV501368,2025-10-12 00:00:00,CUST1136,Charging Cable,3,6.37,India
INV501736,2025-10-12 00:00:00,CUST1174,Wireless Mouse,1,17.8,United Kingdom
INV502524,2025-10-12 00:00:00,CUST1257,Laptop Stand,4,42.65,India
INV502524,2025-10-12 00:00:00,CUST1257,USB-C Hub,3,45.16,United Kingdom
INV502524,2025-10-12 00:00:00,CUST1257,Phone Case,3,15.05,Singapore
INV500746,2025-10-13 00:00:00,CUST1073,Mechanical Keyboard,2,57.15,Singapore
INV501493,2025-10-13 00:00:00,CUST1149,Desk Lamp,4,24.57,Singapore
INV501493,2025-10-13 00:00:00,CUST1149,Phone Case,2,11.04,UAE
INV501493,2025-10-13 00:00:00,CUST1149,Charging Cable,3,6.44,India
INV501629,2025-10-13 00:00:00,CUST1165,USB-C Hub,3,29.9,United Kingdom
INV501629,2025-10-13 00:00:00,CUST1165,Webcam,2,51.85,India
INV501629,2025-10-13 00:00:00,CUST1165,Water Bottle,2,16.13,Singapore
INV501848,2025-10-13 00:00:00,CUST1185,Portable SSD,1,111.78,Singapore
INV501848,2025-10-13 00:00:00,CUST1185,Bluetooth Speaker,2,46.57,India
INV501848,2025-10-13 00:00:00,CUST1185,Wireless Mouse,4,20.95,India
INV502393,2025-10-13 00:00:00,CUST1242,Laptop Stand,3,28.37,India
INV502393,2025-10-13 00:00:00,CUST1242,Smartwatch Strap,3,9.38,India
INV503264,2025-10-13 00:00:00,CUST1329,Headphones,4,45.52,United Kingdom
INV503264,2025-10-13 00:00:00,CUST1329,Charging Cable,3,6.22,India
INV503264,2025-10-13 00:00:00,CUST1329,Mini Tripod,1,9.73,India
INV500423,2025-10-14 00:00:00,CUST1042,Headphones,5,71.87,UAE
INV500423,2025-10-14 00:00:00,CUST1042,Backpack,5,54.97,India
INV500423,2025-10-14 00:00:00,CUST1042,Headphones,3,75.91,Singapore
INV502180,2025-10-14 00:00:00,CUST1218,Mechanical Keyboard,3,39.71,Singapore
INV502925,2025-10-14 00:00:00,CUST1297,Phone Case,1,12.69,India
INV502925,2025-10-14 00:00:00,CUST1297,Fitness Band,4,40.18,Singapore
INV503656,2025-10-14 00:00:00,CUST1374,Portable SSD,1,73.41,India
INV503656,2025-10-14 00:00:00,CUST1374,Portable SSD,2,69.59,United Kingdom
INV503674,2025-10-14 00:00:00,CUST1376,Laptop Stand,6,49.87,India
INV500056,2025-10-15 00:00:00,CUST1005,Webcam,3,34.06,UAE
INV500056,2025-10-15 00:00:00,CUST1005,Mechanical Keyboard,2,47.99,India
INV500174,2025-10-15 00:00:00,CUST1014,Laptop Stand,4,40.7,UAE
INV500174,2025-10-15 00:00:00,CUST1014,Charging Cable,2,7.48,India
INV500174,2025-10-15 00:00:00,CUST1014,Gaming Mouse Pad,3,20.07,India
INV500458,2025-10-15 00:00:00,CUST1043,Charging Cable,1,7.71,India
INV500458,2025-10-15 00:00:00,CUST1043,Water Bottle,4,16.42,India
INV500464,2025-10-15 00:00:00,CUST1044,Wireless Mouse,3,18.43,UAE
INV500621,2025-10-15 00:00:00,CUST1059,Gaming Mouse Pad,4,16.73,Singapore
INV500621,2025-10-15 00:00:00,CUST1059,Bluetooth Speaker,1,40.6,India
INV500621,2025-10-15 00:00:00,CUST1059,Mini Tripod,4,12.53,India
INV501272,2025-10-15 00:00:00,CUST1128,Bluetooth Speaker,4,43.15,India
INV501272,2025-10-15 00:00:00,CUST1128,Backpack,1,36.22,United Kingdom
INV502467,2025-10-15 00:00:00,CUST1251,Gaming Mouse Pad,1,17.83,India
INV502467,2025-10-15 00:00:00,CUST1251,Notebook Set,4,8.45,United Kingdom
INV503466,2025-10-15 00:00:00,CUST1351,Water Bottle,1,13.66,India
INV503466,2025-10-15 00:00:00,CUST1351,Desk Lamp,2,22.89,India
INV503466,2025-10-15 00:00:00,CUST1351,Backpack,1,34.09,United Kingdom
INV503576,2025-10-15 00:00:00,CUST1362,Mechanical Keyboard,3,60.47,UAE
INV502204,2025-10-16 00:00:00,CUST1221,Desk Lamp,1,24.24,India
INV503100,2025-10-16 00:00:00,CUST1312,Laptop Stand,2,32.83,India
INV503204,2025-10-16 00:00:00,CUST1324,Backpack,4,40.49,United Kingdom
INV500270,2025-10-17 00:00:00,CUST1024,Laptop Stand,3,30.6,India
INV500270,2025-10-17 00:00:00,CUST1024,Bluetooth Speaker,4,42.14,India
INV500270,2025-10-17 00:00:00,CUST1024,Notebook Set,2,7.78,United Kingdom
INV501244,2025-10-17 00:00:00,CUST1127,Webcam,4,65.03,India
INV501244,2025-10-17 00:00:00,CUST1127,Webcam,5,59.48,UAE
INV501695,2025-10-17 00:00:00,CUST1170,Phone Case,2,15.19,India
INV501695,2025-10-17 00:00:00,CUST1170,Backpack,2,54.88,UAE
INV502400,2025-10-17 00:00:00,CUST1243,Desk Lamp,3,21.67,India
INV502528,2025-10-17 00:00:00,CUST1257,Water Bottle,4,19.33,India
INV502528,2025-10-17 00:00:00,CUST1257,Phone Case,5,15.48,Singapore
INV502528,2025-10-17 00:00:00,CUST1257,Charging Cable,2,9.35,India
INV500734,2025-10-18 00:00:00,CUST1072,Mini Tripod,1,13.44,India
INV501156,2025-10-18 00:00:00,CUST1115,Notebook Set,4,6.91,India
INV501156,2025-10-18 00:00:00,CUST1115,Portable SSD,4,83.03,india
INV501156,2025-10-18 00:00:00,CUST1115,Bluetooth Speaker,2,38.2,India
INV501257,2025-10-18 00:00:00,CUST1127,Bluetooth Speaker,3,52.12,India
INV501257,2025-10-18 00:00:00,CUST1127,Laptop Stand,4,42.26,India
INV501257,2025-10-18 00:00:00,CUST1127,Mini Tripod,5,18.01,India
INV501599,2025-10-18 00:00:00,CUST1161,Backpack,5,47.8,India
INV501599,2025-10-18 00:00:00,CUST1161,Fitness Band,6,35.99,UAE
INV503141,2025-10-18 00:00:00,CUST1315,Water Bottle,1,11.73,India
INV503141,2025-10-18 00:00:00,CUST1315,Mini Tripod,2,8.08,India
INV503141,2025-10-18 00:00:00,CUST1315,Power Bank,2,22.47,India
INV500747,2025-10-19 00:00:00,CUST1074,Power Bank,1,31.11,UAE
INV501198,2025-10-19 00:00:00,CUST1121,Water Bottle,3,14.33,India
INV501198,2025-10-19 00:00:00,CUST1121,Power Bank,1,24.48,India
INV501198,2025-10-19 00:00:00,CUST1121,Laptop Stand,1,30.19,Singapore
INV501380,2025-10-19 00:00:00,CUST1137,Backpack,6,52.92,India
INV501380,2025-10-19 00:00:00,CUST1137,Laptop Stand,2,37.94,United Kingdom
INV501381,2025-10-19 00:00:00,CUST1137,Gaming Mouse Pad,4,20.83,India
INV501381,2025-10-19 00:00:00,CUST1137,USB-C Hub,3,38.13,India
INV501381,2025-10-19 00:00:00,CUST1137,Gaming Mouse Pad,2,19.5,India
INV501819,2025-10-19 00:00:00,CUST1181,Charging Cable,1,7.05,United Kingdom
INV501819,2025-10-19 00:00:00,CUST1181,Headphones,2,46.78,UAE
INV502177,2025-10-19 00:00:00,CUST1218,Smartwatch Strap,2,9.33,UAE
INV502549,2025-10-19 00:00:00,CUST1259,Bluetooth Speaker,1,40.84,Singapore
INV502549,2025-10-19 00:00:00,CUST1259,Notebook Set,1,7.99,India
INV503235,2025-10-19 00:00:00,CUST1325,Smartwatch Strap,4,18.59,Singapore
INV503748,2025-10-19 00:00:00,CUST1384,HDMI Cable,1,9.55,India
INV503748,2025-10-19 00:00:00,CUST1384,Phone Case,1,10.44,India
INV503826,2025-10-19 00:00:00,CUST1391,Portable SSD,3,86.79,India
INV503826,2025-10-19 00:00:00,CUST1391,Fitness Band,1,33.19,Singapore
INV503826,2025-10-19 00:00:00,CUST1391,Mini Tripod,4,11.05,India
INV503889,2025-10-19 00:00:00,CUST1397,Notebook Set,4,8.1,United Kingdom
INV503889,2025-10-19 00:00:00,CUST1397,Power Bank,3,29.26,India
INV501536,2025-10-20 00:00:00,CUST1155,Webcam,5,71.47,India
INV502462,2025-10-20 00:00:00,CUST1251,Wireless Mouse,1,22.27,United Kingdom
INV502462,2025-10-20 00:00:00,CUST1251,Notebook Set,4,7.76,India
INV502462,2025-10-20 00:00:00,CUST1251,Portable SSD,4,97.2,India
INV503205,2025-10-20 00:00:00,CUST1324,Fitness Band,2,37.62,United Kingdom
INV503205,2025-10-20 00:00:00,CUST1324,Backpack,1,35.99,India
INV503814,2025-10-20 00:00:00,CUST1389,Laptop Stand,3,36.35,United Kingdom
INV503814,2025-10-20 00:00:00,CUST1389,USB-C Hub,1,33.81,India
INV503842,2025-10-20 00:00:00,CUST1394,Water Bottle,3,10.79,India
INV503842,2025-10-20 00:00:00,CUST1394,Notebook Set,3,6.05,UAE
INV503842,2025-10-20 00:00:00,CUST1394,Backpack,2,29.48,UAE
INV500432,2025-10-21 00:00:00,CUST1042,Power Bank,2,39.85,India
INV500934,2025-10-21 00:00:00,CUST1091,Portable SSD,5,121.59,Singapore
INV500934,2025-10-21 00:00:00,CUST1091,Bluetooth Speaker,5,52.67,UAE
INV501114,2025-10-21 00:00:00,CUST1110,USB-C Hub,2,29.09,United Kingdom
INV501193,2025-10-21 00:00:00,CUST1120,Phone Case,3,11.56,India
INV501193,2025-10-21 00:00:00,CUST1120,Webcam,1,52.36,India
INV501193,2025-10-21 00:00:00,CUST1120,Backpack,4,46.14,Singapore
INV501492,2025-10-21 00:00:00,CUST1149,Charging Cable,2,7.18,United Kingdom
INV501492,2025-10-21 00:00:00,CUST1149,Wireless Mouse,2,22.33,India
INV501492,2025-10-21 00:00:00,CUST1149,Gaming Mouse Pad,4,17.69,India
INV502331,2025-10-21 00:00:00,CUST1235,Mechanical Keyboard,3,58.45,India
INV502331,2025-10-21 00:00:00,CUST1235,Portable SSD,4,85.17,UAE
INV503218,2025-10-21 00:00:00,CUST1325,Water Bottle,5,21.46,India
INV503218,2025-10-21 00:00:00,CUST1325,Charging Cable,2,9.15,United Kingdom
INV503218,2025-10-21 00:00:00,CUST1325,Backpack,4,62.33,United Kingdom
INV500564,2025-10-22 00:00:00,CUST1051,USB-C Hub,4,32.37,India
INV500647,2025-10-22 00:00:00,CUST1061,Notebook Set,1,6.07,India
INV500647,2025-10-22 00:00:00,CUST1061,HDMI Cable,2,8.21,UAE
INV500808,2025-10-22 00:00:00,CUST1079,Bluetooth Speaker,2,36.03,Singapore
INV500808,2025-10-22 00:00:00,CUST1079,Headphones,4,48.42,United Kingdom
INV500808,2025-10-22 00:00:00,CUST1079,Laptop Stand,2,27.74,India
INV501015,2025-10-22 00:00:00,CUST1101,Portable SSD,5,135.83,India
INV501015,2025-10-22 00:00:00,CUST1101,Power Bank,3,40.35,United Kingdom
INV501259,2025-10-22 00:00:00,CUST1127,USB-C Hub,4,42.03,India
INV501259,2025-10-22 00:00:00,CUST1127,HDMI Cable,4,11.38,United Kingdom
INV501273,2025-10-22 00:00:00,CUST1128,Mini Tripod,3,11.25,UAE
INV501273,2025-10-22 00:00:00,CUST1128,Phone Case,4,10.5,India
INV502240,2025-10-22 00:00:00,CUST1226,Water Bottle,3,10.99,United Kingdom
INV502240,2025-10-22 00:00:00,CUST1226,Water Bottle,1,11.85,United Kingdom
INV502777,2025-10-22 00:00:00,CUST1282,Charging Cable,2,5.78,United Kingdom
INV503240,2025-10-22 00:00:00,CUST1326,Mechanical Keyboard,2,55.68,India
INV503328,2025-10-22 00:00:00,CUST1336,Backpack,3,37.78,United Kingdom
INV503328,2025-10-22 00:00:00,CUST1336,Laptop Stand,2,31.2,India
INV503328,2025-10-22 00:00:00,CUST1336,Laptop Stand,1,32.4,United Kingdom
INV503897,2025-10-22 00:00:00,CUST1399,Portable SSD,3,85.15,India
INV503897,2025-10-22 00:00:00,CUST1399,Desk Lamp,1,23.2,UAE
INV500095,2025-10-23 00:00:00,CUST1009,HDMI Cable,1,9.85,India
INV500095,2025-10-23 00:00:00,CUST1009,HDMI Cable,3,8.65,India
INV500095,2025-10-23 00:00:00,CUST1009,Bluetooth Speaker,2,42.36,Singapore
INV500790,2025-10-23 00:00:00,CUST1078,Power Bank,1,23.76,UAE
INV500790,2025-10-23 00:00:00,CUST1078,Charging Cable,4,6.15,India
INV501569,2025-10-23 00:00:00,CUST1159,Power Bank,3,30.44,Singapore
INV502830,2025-10-23 00:00:00,CUST1288,Smartwatch Strap,6,15.54,UAE
INV502830,2025-10-23 00:00:00,CUST1288,Mechanical Keyboard,2,65.62,India
INV500845,2025-10-24 00:00:00,CUST1083,Phone Case,3,8.59,India
INV500845,2025-10-24 00:00:00,CUST1083,Water Bottle,3,12.16,Singapore
INV500845,2025-10-24 00:00:00,CUST1083,HDMI Cable,3,6.75,Singapore
INV501348,2025-10-24 00:00:00,CUST1135,Power Bank,3,30.27,India
INV501348,2025-10-24 00:00:00,CUST1135,Laptop Stand,3,35.57,United Kingdom
INV502555,2025-10-24 00:00:00,CUST1259,Notebook Set,1,7.88,India
INV502555,2025-10-24 00:00:00,CUST1259,Wireless Mouse,3,19.53,India
INV502555,2025-10-24 00:00:00,CUST1259,Mini Tripod,1,13.57,Singapore
INV503114,2025-10-24 00:00:00,CUST1314,Backpack,3,58.62,India
INV503114,2025-10-24 00:00:00,CUST1314,Water Bottle,5,21.64,India
INV503114,2025-10-24 00:00:00,CUST1314,Power Bank,3,38.17,UAE
INV500726,2025-10-25 00:00:00,CUST1071,Gaming Mouse Pad,4,15.65,United Kingdom
INV500726,2025-10-25 00:00:00,CUST1071,USB-C Hub,1,27.29,Singapore
INV501180,2025-10-25 00:00:00,CUST1119,Fitness Band,2,28.44,United Kingdom
INV501533,2025-10-25 00:00:00,CUST1155,Power Bank,4,40.31,United Kingdom
INV502403,2025-10-25 00:00:00,CUST1244,Portable SSD,2,87.2,India
INV503627,2025-10-25 00:00:00,CUST1369,Water Bottle,3,19.62,India
INV503627,2025-10-25 00:00:00,CUST1369,Gaming Mouse Pad,6,24.64,India
INV503661,2025-10-25 00:00:00,CUST1375,Mini Tripod,3,13.7,India
INV503661,2025-10-25 00:00:00,CUST1375,Webcam,1,52.71,India
INV503661,2025-10-25 00:00:00,CUST1375,USB-C Hub,1,31.43,India
INV503849,2025-10-25 00:00:00,CUST1395,Water Bottle,3,18.98,UAE
INV503849,2025-10-25 00:00:00,CUST1395,Portable SSD,3,112.63,India
INV503849,2025-10-25 00:00:00,CUST1395,Bluetooth Speaker,5,53.75,India
INV500205,2025-10-26 00:00:00,CUST1017,Water Bottle,4,13.45,UAE
INV500205,2025-10-26 00:00:00,CUST1017,Fitness Band,3,31.22,India
INV502485,2025-10-26 00:00:00,CUST1253,USB-C Hub,6,36.7,India
INV502485,2025-10-26 00:00:00,CUST1253,Mini Tripod,5,15.57,India
INV502585,2025-10-26 00:00:00,CUST1263,Portable SSD,2,111.2,India
INV502585,2025-10-26 00:00:00,CUST1263,Wireless Mouse,4,22.67,India
INV502585,2025-10-26 00:00:00,CUST1263,Portable SSD,2,106.54,India
INV502681,2025-10-26 00:00:00,CUST1275,HDMI Cable,3,9.82,India
INV502681,2025-10-26 00:00:00,CUST1275,Backpack,3,50.43,India
INV502681,2025-10-26 00:00:00,CUST1275,Notebook Set,6,9.18,UAE
INV503111,2025-10-26 00:00:00,CUST1313,Headphones,2,55.46,India
INV503111,2025-10-26 00:00:00,CUST1313,Charging Cable,3,7.68,India
INV503111,2025-10-26 00:00:00,CUST1313,Wireless Mouse,2,20.94,India
INV503706,2025-10-26 00:00:00,CUST1378,Mini Tripod,2,11.68,United Kingdom
INV503706,2025-10-26 00:00:00,CUST1378,Water Bottle,2,14.21,India
INV503706,2025-10-26 00:00:00,CUST1378,Fitness Band,1,33.61,India
INV500592,2025-10-27 00:00:00,CUST1054,HDMI Cable,3,7.26,United Kingdom
INV500592,2025-10-27 00:00:00,CUST1054,Backpack,1,31.45,UAE
INV502344,2025-10-27 00:00:00,CUST1236,Desk Lamp,4,39.67,India
INV502344,2025-10-27 00:00:00,CUST1236,Portable SSD,3,128.11,United Kingdom
INV502490,2025-10-27 00:00:00,CUST1254,Portable SSD,1,93.15,UAE
INV502804,2025-10-27 00:00:00,CUST1286,Backpack,3,30.79,United Kingdom
INV502804,2025-10-27 00:00:00,CUST1286,Charging Cable,2,5.55,India
INV503076,2025-10-27 00:00:00,CUST1310,Headphones,3,43.75,UAE
INV503159,2025-10-27 00:00:00,CUST1318,Mechanical Keyboard,1,43.54,India
INV503159,2025-10-27 00:00:00,CUST1318,Bluetooth Speaker,2,33.93,Singapore
INV500491,2025-10-28 00:00:00,CUST1045,Laptop Stand,6,42.55,UAE
INV500603,2025-10-28 00:00:00,CUST1056,Headphones,3,44.3,India
INV501988,2025-10-28 00:00:00,CUST1198,Charging Cable,2,8.7,UAE
INV502823,2025-10-28 00:00:00,CUST1288,Wireless Mouse,2,23.19,United Kingdom
INV500405,2025-10-29 00:00:00,CUST1039,Laptop Stand,3,32.18,Singapore
INV500405,2025-10-29 00:00:00,CUST1039,Phone Case,2,10.43,India
INV500405,2025-10-29 00:00:00,CUST1039,Phone Case,4,11.28,India
INV501095,2025-10-29 00:00:00,CUST1108,Webcam,2,45.7,Singapore
INV501095,2025-10-29 00:00:00,CUST1108,Portable SSD,1,86.87,India
INV502861,2025-10-29 00:00:00,CUST1290,Water Bottle,2,17.61,Singapore
INV503385,2025-10-29 00:00:00,CUST1342,Webcam,1,42.1,India
INV500076,2025-10-30 00:00:00,CUST1008,Portable SSD,3,113.23,India
INV500076,2025-10-30 00:00:00,CUST1008,Gaming Mouse Pad,4,17.79,India
INV500076,2025-10-30 00:00:00,CUST1008,Mini Tripod,3,14.9,Singapore
INV500998,2025-10-30 00:00:00,CUST1098,Mini Tripod,1,12.15,India
INV500998,2025-10-30 00:00:00,CUST1098,Phone Case,1,9.76,India
INV501346,2025-10-30 00:00:00,CUST1135,Wireless Mouse,6,21.47,United Kingdom
INV501346,2025-10-30 00:00:00,CUST1135,Water Bottle,6,16.47,Singapore
INV501346,2025-10-30 00:00:00,CUST1135,Power Bank,6,31.21,India
INV501405,2025-10-30 00:00:00,CUST1140,USB-C Hub,5,39.98,India
INV501946,2025-10-30 00:00:00,CUST1194,Water Bottle,4,15.23,India
INV501946,2025-10-30 00:00:00,CUST1194,Laptop Stand,3,33.46,India
INV501946,2025-10-30 00:00:00,CUST1194,Water Bottle,4,13.88,United Kingdom
INV502270,2025-10-30 00:00:00,CUST1230,Mini Tripod,3,10.73,United Kingdom
INV502270,2025-10-30 00:00:00,CUST1230,USB-C Hub,3,25.6,UAE
INV502270,2025-10-30 00:00:00,CUST1230,HDMI Cable,4,6.75,UAE
INV503236,2025-10-30 00:00:00,CUST1325,Desk Lamp,2,38.19,India
INV503236,2025-10-30 00:00:00,CUST1325,Charging Cable,3,9.59,United Kingdom
INV500296,2025-10-31 00:00:00,CUST1027,Smartwatch Strap,3,14.94,India
INV501996,2025-10-31 00:00:00,CUST1198,Webcam,5,56.84,India
INV501996,2025-10-31 00:00:00,CUST1198,Webcam,6,62.07,India
INV502360,2025-10-31 00:00:00,CUST1238,Charging Cable,3,7.46,Singapore
INV502578,2025-10-31 00:00:00,CUST1262,Gaming Mouse Pad,1,14.67,Singapore
INV502578,2025-10-31 00:00:00,CUST1262,Phone Case,2,9.92,India
INV502578,2025-10-31 00:00:00,CUST1262,Webcam,3,46.12,India
INV502683,2025-10-31 00:00:00,CUST1275,Charging Cable,3,7.96,India
INV502683,2025-10-31 00:00:00,CUST1275,Gaming Mouse Pad,2,20.2,United Kingdom
INV502683,2025-10-31 00:00:00,CUST1275,Phone Case,5,12.67,India
INV502712,2025-10-31 00:00:00,CUST1276,Laptop Stand,3,42.42,India
INV502712,2025-10-31 00:00:00,CUST1276,Phone Case,3,11.78,India
INV503133,2025-10-31 00:00:00,CUST1314,Webcam,6,65.01,UAE
INV503133,2025-10-31 00:00:00,CUST1314,Backpack,2,52.03,India
INV503756,2025-10-31 00:00:00,CUST1384,Bluetooth Speaker,1,47.49,United Kingdom
INV503756,2025-10-31 00:00:00,CUST1384,HDMI Cable,4,9.94,Singapore
INV500105,2025-11-01 00:00:00,CUST1009,Gaming Mouse Pad,4,16.34,India
INV501100,2025-11-01 00:00:00,CUST1109,Phone Case,1,10.6,United Kingdom
INV501247,2025-11-01 00:00:00,CUST1127,Desk Lamp,3,37.74,Singapore
INV501350,2025-11-01 00:00:00,CUST1135,Notebook Set,3,8.87,UAE
INV501776,2025-11-01 00:00:00,CUST1177,Bluetooth Speaker,3,62.51,India
INV502448,2025-11-01 00:00:00,CUST1250,Phone Case,2,9.91,United Kingdom
INV502448,2025-11-01 00:00:00,CUST1250,Laptop Stand,3,34.26,Singapore
INV502448,2025-11-01 00:00:00,CUST1250,Water Bottle,1,14.48,Singapore
INV502477,2025-11-01 00:00:00,CUST1253,Mechanical Keyboard,4,76.46,India
INV502477,2025-11-01 00:00:00,CUST1253,Fitness Band,5,40.6,United Kingdom
INV502477,2025-11-01 00:00:00,CUST1253,Headphones,2,68.57,United Kingdom
INV502636,2025-11-01 00:00:00,CUST1270,Gaming Mouse Pad,5,19.77,India
INV503456,2025-11-01 00:00:00,CUST1350,Phone Case,4,10.04,India
INV503456,2025-11-01 00:00:00,CUST1350,Backpack,3,42.9,India
INV503456,2025-11-01 00:00:00,CUST1350,Charging Cable,2,7.54,India
INV503894,2025-11-01 00:00:00,CUST1398,Gaming Mouse Pad,2,16.11,United Kingdom
INV503894,2025-11-01 00:00:00,CUST1398,Power Bank,2,28.11,Singapore
INV501921,2025-11-02 00:00:00,CUST1191,Desk Lamp,4,29.61,United Kingdom
INV502095,2025-11-02 00:00:00,CUST1208,Headphones,6,63.34,United Kingdom
INV502095,2025-11-02 00:00:00,CUST1208,Mechanical Keyboard,5,70.58,UAE
INV502095,2025-11-02 00:00:00,CUST1208,Wireless Mouse,4,22.66,United Kingdom
INV502564,2025-11-02 00:00:00,CUST1260,Smartwatch Strap,4,12.54,UAE
INV502564,2025-11-02 00:00:00,CUST1260,USB-C Hub,3,28.73,India
INV502564,2025-11-02 00:00:00,CUST1260,Webcam,1,44.45,India
INV502611,2025-11-02 00:00:00,CUST1266,Gaming Mouse Pad,2,14.78,India
INV502739,2025-11-02 00:00:00,CUST1277,Water Bottle,2,17.48,India
INV502739,2025-11-02 00:00:00,CUST1277,USB-C Hub,4,36.36,Singapore
INV502739,2025-11-02 00:00:00,CUST1277,USB-C Hub,3,43.26,India
INV502902,2025-11-02 00:00:00,CUST1294,Phone Case,2,10.16,India
INV502902,2025-11-02 00:00:00,CUST1294,Power Bank,1,28.14,Singapore
INV502902,2025-11-02 00:00:00,CUST1294,Mini Tripod,2,11.68,United Kingdom
INV503113,2025-11-02 00:00:00,CUST1313,Webcam,1,0.0,India
INV503871,2025-11-02 00:00:00,CUST1396,Water Bottle,4,13.24,India
INV503871,2025-11-02 00:00:00,CUST1396,Charging Cable,3,7.14,India
INV502739,2025-11-02 00:00:00,CUST1277,USB-C Hub,3,43.26,India
INV502323,2025-11-03 00:00:00,CUST1234,HDMI Cable,3,8.2,India
INV502323,2025-11-03 00:00:00,CUST1234,Water Bottle,3,15.45,India
INV503176,2025-11-03 00:00:00,CUST1320,Backpack,3,43.51,India
INV503275,2025-11-03 00:00:00,CUST1330,Portable SSD,4,87.83,India
INV503744,2025-11-03 00:00:00,CUST1383,Mechanical Keyboard,3,63.81,Singapore
INV503744,2025-11-03 00:00:00,CUST1383,Portable SSD,3,88.85,India
INV500158,2025-11-04 00:00:00,CUST1013,Portable SSD,3,107.62,United Kingdom
INV500290,2025-11-04 00:00:00,CUST1026,Webcam,3,51.46,India
INV500560,2025-11-04 00:00:00,CUST1051,Portable SSD,2,89.49,India
INV500560,2025-11-04 00:00:00,CUST1051,Mechanical Keyboard,3,56.78,India
INV500787,2025-11-04 00:00:00,CUST1078,Phone Case,3,8.2,India
INV500787,2025-11-04 00:00:00,CUST1078,Headphones,3,47.5,India
INV500787,2025-11-04 00:00:00,CUST1078,Laptop Stand,2,27.48,India
INV501166,2025-11-04 00:00:00,CUST1117,Mini Tripod,3,11.62,India
INV501166,2025-11-04 00:00:00,CUST1117,Bluetooth Speaker,3,37.58,India
INV501489,2025-11-04 00:00:00,CUST1149,Wireless Mouse,2,21.05,India
INV501672,2025-11-04 00:00:00,CUST1168,Backpack,3,38.8,India
INV501672,2025-11-04 00:00:00,CUST1168,Laptop Stand,2,34.58,India
INV501904,2025-11-04 00:00:00,CUST1189,Bluetooth Speaker,2,37.33,Singapore
INV501904,2025-11-04 00:00:00,CUST1189,Desk Lamp,2,23.01,India
INV501982,2025-11-04 00:00:00,CUST1198,USB-C Hub,4,39.81,United Kingdom
INV501982,2025-11-04 00:00:00,CUST1198,Wireless Mouse,5,26.69,India
INV502380,2025-11-04 00:00:00,CUST1240,Mechanical Keyboard,1,58.83,India
INV500022,2025-11-05 00:00:00,CUST1002,Smartwatch Strap,4,16.28,India
INV500022,2025-11-05 00:00:00,CUST1002,Portable SSD,6,112.92,India
INV500022,2025-11-05 00:00:00,CUST1002,Gaming Mouse Pad,4,19.82,India
INV501085,2025-11-05 00:00:00,CUST1108,Gaming Mouse Pad,3,16.36,UAE
INV501085,2025-11-05 00:00:00,CUST1108,Gaming Mouse Pad,2,16.02,India
INV501954,2025-11-05 00:00:00,CUST1195,Notebook Set,2,7.09,Singapore
INV501954,2025-11-05 00:00:00,CUST1195,Smartwatch Strap,2,12.37,India
INV503063,2025-11-05 00:00:00,CUST1308,Laptop Stand,4,30.52,Singapore
INV503063,2025-11-05 00:00:00,CUST1308,Power Bank,4,26.74,India
INV503063,2025-11-05 00:00:00,CUST1308,Gaming Mouse Pad,3,15.2,Singapore
INV501158,2025-11-06 00:00:00,CUST1115,Charging Cable,1,6.46,UAE
INV501158,2025-11-06 00:00:00,CUST1115,Headphones,1,46.93,India
INV501158,2025-11-06 00:00:00,CUST1115,Bluetooth Speaker,4,40.41,India
INV501965,2025-11-06 00:00:00,CUST1196,HDMI Cable,2,8.18,India
INV503306,2025-11-06 00:00:00,CUST1334,Power Bank,3,32.97,India
INV503306,2025-11-06 00:00:00,CUST1334,Water Bottle,4,17.64,UAE
INV503743,2025-11-06 00:00:00,CUST1383,Backpack,3,43.09,India
INV503743,2025-11-06 00:00:00,CUST1383,Power Bank,4,28.85,India
INV503743,2025-11-06 00:00:00,CUST1383,Charging Cable,4,6.91,India
INV503878,2025-11-06 00:00:00,CUST1396,Bluetooth Speaker,3,39.52,Singapore
INV503878,2025-11-06 00:00:00,CUST1396,Portable SSD,1,98.2,India
INV500227,2025-11-07 00:00:00,CUST1020,Fitness Band,2,40.41,India
INV500227,2025-11-07 00:00:00,CUST1020,Laptop Stand,5,44.74,India
INV500227,2025-11-07 00:00:00,CUST1020,USB-C Hub,3,38.77,UAE
INV501144,2025-11-07 00:00:00,CUST1114,HDMI Cable,4,7.75,India
INV502489,2025-11-07 00:00:00,CUST1253,Webcam,2,60.13,UAE
INV502489,2025-11-07 00:00:00,CUST1253,Mechanical Keyboard,2,70.12,UAE
INV502489,2025-11-07 00:00:00,CUST1253,Backpack,2,49.12,United Kingdom
INV502807,2025-11-07 00:00:00,CUST1286,Phone Case,1,8.96,Singapore
INV502807,2025-11-07 00:00:00,CUST1286,Portable SSD,1,75.44,India
INV502807,2025-11-07 00:00:00,CUST1286,Notebook Set,3,6.57,India
INV503722,2025-11-07 00:00:00,CUST1379,Headphones,2,52.71,India
INV503722,2025-11-07 00:00:00,CUST1379,Bluetooth Speaker,2,40.28,India
INV500024,2025-11-08 00:00:00,CUST1002,Power Bank,5,33.43,United Kingdom
INV500096,2025-11-08 00:00:00,CUST1009,Webcam,1,47.11,Singapore
INV501520,2025-11-08 00:00:00,CUST1153,Water Bottle,1,14.06,Singapore
INV501520,2025-11-08 00:00:00,CUST1153,Bluetooth Speaker,4,42.4,United Kingdom
INV503563,2025-11-08 00:00:00,CUST1359,Fitness Band,5,43.08,India
INV503762,2025-11-08 00:00:00,CUST1385,Phone Case,2,11.46,India
INV503762,2025-11-08 00:00:00,CUST1385,Power Bank,1,32.32,India
INV503762,2025-11-08 00:00:00,CUST1385,Mini Tripod,4,14.95,India
INV501482,2025-11-09 00:00:00,CUST1149,Bluetooth Speaker,1,47.1,India
INV501482,2025-11-09 00:00:00,CUST1149,Webcam,1,45.76,India
INV501482,2025-11-09 00:00:00,CUST1149,Mechanical Keyboard,1,61.42,India
INV502536,2025-11-09 00:00:00,CUST1257,Gaming Mouse Pad,6,25.02,India
INV502536,2025-11-09 00:00:00,CUST1257,HDMI Cable,4,13.25,India
INV502536,2025-11-09 00:00:00,CUST1257,Desk Lamp,3,30.95,India
INV503008,2025-11-09 00:00:00,CUST1305,Bluetooth Speaker,6,60.67,UAE
INV500274,2025-11-10 00:00:00,CUST1025,Phone Case,1,11.83,India
INV500274,2025-11-10 00:00:00,CUST1025,Backpack,4,45.6,India
INV500377,2025-11-10 00:00:00,CUST1034,Laptop Stand,4,32.18,India
INV500377,2025-11-10 00:00:00,CUST1034,Power Bank,2,27.75,India
INV500583,2025-11-10 00:00:00,CUST1053,Webcam,2,50.52,India
INV500583,2025-11-10 00:00:00,CUST1053,Notebook Set,2,8.8,India
INV500583,2025-11-10 00:00:00,CUST1053,Bluetooth Speaker,2,48.08,India
INV500750,2025-11-10 00:00:00,CUST1074,Power Bank,2,32.0,Singapore
INV500750,2025-11-10 00:00:00,CUST1074,Notebook Set,4,8.17,India
INV500750,2025-11-10 00:00:00,CUST1074,Wireless Mouse,3,19.83,India
INV500947,2025-11-10 00:00:00,CUST1093,Webcam,3,42.93,United Kingdom
INV500947,2025-11-10 00:00:00,CUST1093,Backpack,3,43.06,Singapore
INV500947,2025-11-10 00:00:00,CUST1093,Gaming Mouse Pad,1,18.27,India
INV501052,2025-11-10 00:00:00,CUST1104,Headphones,2,45.67,United Kingdom
INV501052,2025-11-10 00:00:00,CUST1104,HDMI Cable,1,9.47,UAE
INV501783,2025-11-10 00:00:00,CUST1177,Mechanical Keyboard,2,91.8,India
INV503333,2025-11-10 00:00:00,CUST1337,Webcam,2,48.1,India
INV503829,2025-11-10 00:00:00,CUST1392,Notebook Set,3,5.79,United Kingdom
INV503829,2025-11-10 00:00:00,CUST1392,Phone Case,2,7.99,India
INV503829,2025-11-10 00:00:00,CUST1392,Mini Tripod,2,9.29,UAE
INV500268,2025-11-11 00:00:00,CUST1024,Wireless Mouse,4,17.02,United Kingdom
INV500473,2025-11-11 00:00:00,CUST1045,Wireless Mouse,4,22.11,Singapore
INV500473,2025-11-11 00:00:00,CUST1045,Portable SSD,3,113.2,United Kingdom
INV500473,2025-11-11 00:00:00,CUST1045,Portable SSD,4,106.0,India
INV500878,2025-11-11 00:00:00,CUST1088,Backpack,2,40.51,Singapore
INV500878,2025-11-11 00:00:00,CUST1088,HDMI Cable,1,8.31,Singapore
INV500878,2025-11-11 00:00:00,CUST1088,HDMI Cable,2,9.01,India
INV500962,2025-11-11 00:00:00,CUST1095,Backpack,4,56.16,United Kingdom
INV501543,2025-11-11 00:00:00,CUST1155,Portable SSD,4,147.02,United Kingdom
INV501543,2025-11-11 00:00:00,CUST1155,Webcam,5,65.23,Singapore
INV501543,2025-11-11 00:00:00,CUST1155,Bluetooth Speaker,3,63.19,United Kingdom
INV502010,2025-11-11 00:00:00,CUST1200,Power Bank,2,30.33,India
INV502010,2025-11-11 00:00:00,CUST1200,Gaming Mouse Pad,1,16.33,India
INV502010,2025-11-11 00:00:00,CUST1200,Backpack,4,39.24,India
INV502452,2025-11-11 00:00:00,CUST1250,Phone Case,3,9.89,India
INV502452,2025-11-11 00:00:00,CUST1250,Portable SSD,4,101.62,India
INV502452,2025-11-11 00:00:00,CUST1250,Wireless Mouse,4,19.34,UAE
INV503439,2025-11-11 00:00:00,CUST1348,Laptop Stand,1,28.78,India
INV503562,2025-11-11 00:00:00,CUST1359,HDMI Cable,4,11.71,United Kingdom
INV503562,2025-11-11 00:00:00,CUST1359,Portable SSD,2,126.26,United Kingdom
INV500990,2025-11-12 00:00:00,CUST1097,Water Bottle,2,15.97,India
INV500990,2025-11-12 00:00:00,CUST1097,Backpack,1,44.85,UAE
INV501774,2025-11-12 00:00:00,CUST1177,Laptop Stand,5,51.44,India
INV500063,2025-11-13 00:00:00,CUST1006,Webcam,2,36.86,UAE
INV500063,2025-11-13 00:00:00,CUST1006,Gaming Mouse Pad,2,13.66,UAE
INV500063,2025-11-13 00:00:00,CUST1006,Webcam,2,38.36,Singapore
INV500256,2025-11-13 00:00:00,CUST1023,Power Bank,3,30.66,UAE
INV500332,2025-11-13 00:00:00,CUST1028,Fitness Band,6,46.82,Singapore
CINV500332,2025-11-13 00:00:00,CUST1028,Portable SSD,-5,121.79,India
INV500416,2025-11-13 00:00:00,CUST1041,USB-C Hub,1,25.1,India
INV500416,2025-11-13 00:00:00,CUST1041,Laptop Stand,1,31.72,India
INV500877,2025-11-13 00:00:00,CUST1088,Desk Lamp,1,26.65,India
INV502097,2025-11-13 00:00:00,CUST1208,Water Bottle,2,17.58,Singapore
INV502769,2025-11-13 00:00:00,CUST1280,Gaming Mouse Pad,3,16.35,India
INV503128,2025-11-13 00:00:00,CUST1314,USB-C Hub,2,43.63,India
INV503128,2025-11-13 00:00:00,CUST1314,Power Bank,4,43.87,India
INV503448,2025-11-13 00:00:00,CUST1350,Webcam,4,49.01,India
INV503448,2025-11-13 00:00:00,CUST1350,Wireless Mouse,1,20.43,India
INV503448,2025-11-13 00:00:00,CUST1350,Wireless Mouse,4,18.84,India
INV500267,2025-11-14 00:00:00,CUST1024,Wireless Mouse,3,20.6,United Kingdom
INV500267,2025-11-14 00:00:00,CUST1024,Webcam,2,47.72,Singapore
INV500267,2025-11-14 00:00:00,CUST1024,Portable SSD,3,82.86,India
INV500530,2025-11-14 00:00:00,CUST1047,HDMI Cable,2,11.76,India
INV500718,2025-11-14 00:00:00,CUST1070,HDMI Cable,4,11.04,India
INV500718,2025-11-14 00:00:00,CUST1070,Mechanical Keyboard,3,63.22,India
INV500718,2025-11-14 00:00:00,CUST1070,USB-C Hub,4,30.94,UAE
INV501013,2025-11-14 00:00:00,CUST1101,Backpack,5,61.36,India
INV501498,2025-11-14 00:00:00,CUST1150,USB-C Hub,3,28.25,United Kingdom
INV501804,2025-11-14 00:00:00,CUST1179,Charging Cable,2,6.27,India
INV501804,2025-11-14 00:00:00,CUST1179,Charging Cable,2,6.88,United Kingdom
INV501804,2025-11-14 00:00:00,CUST1179,Portable SSD,2,99.76,India
INV502237,2025-11-14 00:00:00,CUST1225,Backpack,3,57.1,India
INV502237,2025-11-14 00:00:00,CUST1225,Water Bottle,2,19.88,United Kingdom
INV503069,2025-11-14 00:00:00,CUST1309,Headphones,1,39.81,India
INV503069,2025-11-14 00:00:00,CUST1309,HDMI Cable,1,7.67,India
INV500507,2025-11-15 00:00:00,CUST1047,Water Bottle,4,19.1,India
INV500507,2025-11-15 00:00:00,CUST1047,Gaming Mouse Pad,2,24.6,Singapore
INV500507,2025-11-15 00:00:00,CUST1047,Fitness Band,6,42.79,Singapore
INV500508,2025-11-15 00:00:00,CUST1047,Fitness Band,4,47.89,UAE
INV501304,2025-11-15 00:00:00,CUST1132,Phone Case,5,13.43,India
INV501304,2025-11-15 00:00:00,CUST1132,Mechanical Keyboard,4,70.6,Singapore
INV501733,2025-11-15 00:00:00,CUST1173,Webcam,1,49.14,UAE
INV502428,2025-11-15 00:00:00,CUST1247,Power Bank,3,31.91,India
INV502473,2025-11-15 00:00:00,CUST1252,Fitness Band,1,32.45,India
INV502473,2025-11-15 00:00:00,CUST1252,Gaming Mouse Pad,3,15.74,India
INV502473,2025-11-15 00:00:00,CUST1252,Wireless Mouse,3,16.86,Singapore
INV500949,2025-11-16 00:00:00,CUST1094,Desk Lamp,2,22.43,India
INV501453,2025-11-16 00:00:00,CUST1144,Bluetooth Speaker,3,35.42,India
INV501544,2025-11-16 00:00:00,CUST1155,Notebook Set,4,11.41,India
INV501544,2025-11-16 00:00:00,CUST1155,Phone Case,2,16.06,Singapore
INV501922,2025-11-16 00:00:00,CUST1191,USB-C Hub,4,35.9,India
INV502901,2025-11-16 00:00:00,CUST1294,Webcam,2,37.4,India
INV500266,2025-11-17 00:00:00,CUST1024,Mechanical Keyboard,2,55.58,Singapore
INV500266,2025-11-17 00:00:00,CUST1024,Backpack,3,41.56,Singapore
INV500266,2025-11-17 00:00:00,CUST1024,Bluetooth Speaker,2,37.72,India
INV500829,2025-11-17 00:00:00,CUST1082,Backpack,1,35.02,Singapore
INV500829,2025-11-17 00:00:00,CUST1082,Mini Tripod,1,12.43,UAE
INV500829,2025-11-17 00:00:00,CUST1082,Desk Lamp,4,24.36,United Kingdom
INV502537,2025-11-17 00:00:00,CUST1257,Water Bottle,2,21.61,India
INV502537,2025-11-17 00:00:00,CUST1257,Gaming Mouse Pad,3,24.23,India
INV500051,2025-11-18 00:00:00,CUST1004,Mini Tripod,2,11.29,India
INV500051,2025-11-18 00:00:00,CUST1004,Charging Cable,4,6.82,India
INV501051,2025-11-18 00:00:00,CUST1104,Water Bottle,1,14.11,UAE
INV501122,2025-11-18 00:00:00,CUST1111,Desk Lamp,2,21.92,United Kingdom
INV501122,2025-11-18 00:00:00,CUST1111,Gaming Mouse Pad,3,14.03,Singapore
INV501985,2025-11-18 00:00:00,CUST1198,Mechanical Keyboard,6,64.51,United Kingdom
INV501985,2025-11-18 00:00:00,CUST1198,Notebook Set,6,10.22,Singapore
INV500219,2025-11-19 00:00:00,CUST1019,Mini Tripod,3,12.42,United Kingdom
INV500219,2025-11-19 00:00:00,CUST1019,Laptop Stand,2,33.74,Singapore
INV501131,2025-11-19 00:00:00,CUST1112,Gaming Mouse Pad,3,14.77,India
INV501131,2025-11-19 00:00:00,CUST1112,Water Bottle,1,14.33,UAE
INV501131,2025-11-19 00:00:00,CUST1112,Backpack,2,42.06,UAE
INV501191,2025-11-19 00:00:00,CUST1120,Gaming Mouse Pad,3,18.58,Singapore
INV501191,2025-11-19 00:00:00,CUST1120,Desk Lamp,1,25.26,Singapore
INV501191,2025-11-19 00:00:00,CUST1120,USB-C Hub,3,36.51,India
INV501283,2025-11-19 00:00:00,CUST1130,Desk Lamp,2,24.77,India
INV501283,2025-11-19 00:00:00,CUST1130,Mechanical Keyboard,1,63.37,India
INV501283,2025-11-19 00:00:00,CUST1130,HDMI Cable,1,9.96,India
INV501658,2025-11-19 00:00:00,CUST1167,Laptop Stand,2,36.52,India
INV501658,2025-11-19 00:00:00,CUST1167,Fitness Band,4,32.07,India
INV500278,2025-11-20 00:00:00,CUST1025,Bluetooth Speaker,4,42.26,India
INV500278,2025-11-20 00:00:00,CUST1025,Notebook Set,2,9.32,India
INV500418,2025-11-20 00:00:00,CUST1041,Fitness Band,3,28.09,United Kingdom
INV500418,2025-11-20 00:00:00,CUST1041,Bluetooth Speaker,1,33.06,India
INV502921,2025-11-20 00:00:00,CUST1297,Charging Cable,4,7.84,Singapore
INV502921,2025-11-20 00:00:00,CUST1297,Charging Cable,2,7.67,UAE
INV502921,2025-11-20 00:00:00,CUST1297,Notebook Set,4,9.68,Singapore
INV503120,2025-11-20 00:00:00,CUST1314,Headphones,5,80.27,Singapore
INV503120,2025-11-20 00:00:00,CUST1314,Desk Lamp,4,38.27,Singapore
INV500144,2025-11-21 00:00:00,CUST1011,Power Bank,3,31.65,India
INV500144,2025-11-21 00:00:00,CUST1011,HDMI Cable,4,8.74,India
INV500144,2025-11-21 00:00:00,CUST1011,Fitness Band,3,34.86,UAE
INV500156,2025-11-21 00:00:00,CUST1013,Backpack,3,46.36,India
INV500156,2025-11-21 00:00:00,CUST1013,Notebook Set,4,9.3,United Kingdom
INV502094,2025-11-21 00:00:00,CUST1208,Power Bank,6,36.09,India
INV502094,2025-11-21 00:00:00,CUST1208,Portable SSD,5,109.91,India
INV502894,2025-11-21 00:00:00,CUST1293,HDMI Cable,3,6.58,India
INV502894,2025-11-21 00:00:00,CUST1293,Phone Case,3,8.17,United Kingdom
INV502894,2025-11-21 00:00:00,CUST1293,Fitness Band,1,29.41,Singapore
INV503628,2025-11-21 00:00:00,CUST1369,USB-C Hub,3,41.73,UAE
INV503628,2025-11-21 00:00:00,CUST1369,USB-C Hub,4,46.95,United Kingdom
INV503628,2025-11-21 00:00:00,CUST1369,Notebook Set,4,11.44,India
INV500543,2025-11-22 00:00:00,CUST1048,Wireless Mouse,4,17.91,UAE
INV500543,2025-11-22 00:00:00,CUST1048,Wireless Mouse,1,19.9,India
INV501041,2025-11-22 00:00:00,CUST1102,Desk Lamp,2,20.35,India
INV501041,2025-11-22 00:00:00,CUST1102,Charging Cable,2,5.29,UAE
INV501041,2025-11-22 00:00:00,CUST1102,Phone Case,3,8.87,United Kingdom
INV501215,2025-11-22 00:00:00,CUST1125,Desk Lamp,4,32.96,India
INV501215,2025-11-22 00:00:00,CUST1125,Mini Tripod,6,15.6,India
INV501215,2025-11-22 00:00:00,CUST1125,Webcam,4,58.25,UAE
INV501656,2025-11-22 00:00:00,CUST1166,Wireless Mouse,6,27.9,India
INV502384,2025-11-22 00:00:00,CUST1241,USB-C Hub,1,27.99,India
INV502384,2025-11-22 00:00:00,CUST1241,Mini Tripod,1,12.04,India
INV502384,2025-11-22 00:00:00,CUST1241,Desk Lamp,2,25.06,India
INV503173,2025-11-22 00:00:00,CUST1320,Water Bottle,2,15.99,United Kingdom
INV503173,2025-11-22 00:00:00,CUST1320,Bluetooth Speaker,4,41.36,India
INV503195,2025-11-22 00:00:00,CUST1323,Gaming Mouse Pad,2,18.3,India
INV503195,2025-11-22 00:00:00,CUST1323,HDMI Cable,1,8.57,India
INV503513,2025-11-22 00:00:00,CUST1356,Mini Tripod,4,12.27,India
INV503653,2025-11-22 00:00:00,CUST1373,Wireless Mouse,1,16.94,India
INV503702,2025-11-22 00:00:00,CUST1378,Gaming Mouse Pad,3,15.46,India
INV503736,2025-11-22 00:00:00,CUST1382,Webcam,2,45.77,United Kingdom
INV503736,2025-11-22 00:00:00,CUST1382,Desk Lamp,3,21.98,UAE
INV500023,2025-11-23 00:00:00,CUST1002,Power Bank,4,32.33,United Kingdom
INV501486,2025-11-23 00:00:00,CUST1149,Fitness Band,2,32.72,Singapore
INV501486,2025-11-23 00:00:00,CUST1149,Mechanical Keyboard,4,59.52,India
INV503386,2025-11-23 00:00:00,CUST1342,USB-C Hub,4,25.14,United Kingdom
INV503386,2025-11-23 00:00:00,CUST1342,Phone Case,4,8.55,UAE
INV503386,2025-11-23 00:00:00,CUST1342,Gaming Mouse Pad,4,15.29,UAE
INV503687,2025-11-23 00:00:00,CUST1376,Desk Lamp,5,33.88,Singapore
INV503687,2025-11-23 00:00:00,CUST1376,Backpack,6,53.63,United Kingdom
INV503687,2025-11-23 00:00:00,CUST1376,Mechanical Keyboard,6,82.85,India
INV503807,2025-11-23 00:00:00,CUST1388,Backpack,1,37.41,India
INV503807,2025-11-23 00:00:00,CUST1388,Notebook Set,2,7.41,India
INV503807,2025-11-23 00:00:00,CUST1388,Mechanical Keyboard,2,52.13,UAE
INV500640,2025-11-24 00:00:00,CUST1060,Mechanical Keyboard,4,54.08,UAE
INV500640,2025-11-24 00:00:00,CUST1060,Laptop Stand,3,31.55,India
INV500640,2025-11-24 00:00:00,CUST1060,Smartwatch Strap,3,13.14,India
INV501664,2025-11-24 00:00:00,CUST1167,Power Bank,1,30.04,India
INV501859,2025-11-24 00:00:00,CUST1185,Bluetooth Speaker,1,43.61,Singapore
INV501859,2025-11-24 00:00:00,CUST1185,Portable SSD,1,98.43,UAE
INV502327,2025-11-24 00:00:00,CUST1235,Laptop Stand,3,33.54,United Kingdom
INV502395,2025-11-24 00:00:00,CUST1242,Notebook Set,1,6.65,India
INV502395,2025-11-24 00:00:00,CUST1242,Portable SSD,3,69.06,India
INV503907,2025-11-24 00:00:00,CUST1400,Phone Case,4,9.02,India
INV500014,2025-11-25 00:00:00,CUST1002,Bluetooth Speaker,6,51.51,UAE
INV500014,2025-11-25 00:00:00,CUST1002,Laptop Stand,3,44.1,India
INV500415,2025-11-25 00:00:00,CUST1041,Backpack,2,37.72,Singapore
INV500415,2025-11-25 00:00:00,CUST1041,Water Bottle,3,13.22,India
INV500415,2025-11-25 00:00:00,CUST1041,Headphones,1,42.61,India
INV502277,2025-11-25 00:00:00,,Water Bottle,5,18.14,UAE
INV502277,2025-11-25 00:00:00,CUST1231,Mini Tripod,6,15.74,Singapore
INV502277,2025-11-25 00:00:00,CUST1231,Phone Case,5,11.97,UAE
INV503077,2025-11-25 00:00:00,CUST1310,USB-C Hub,3,26.61,India
INV500715,2025-11-26 00:00:00,CUST1070,Laptop Stand,2,35.46,India
INV502679,2025-11-26 00:00:00,CUST1275,Phone Case,6,12.06,Singapore
INV502883,2025-11-26 00:00:00,CUST1291,HDMI Cable,4,10.61,India
INV502883,2025-11-26 00:00:00,CUST1291,Headphones,6,56.75,India
INV503052,2025-11-26 00:00:00,CUST1307,Headphones,3,47.96,United Kingdom
INV503637,2025-11-26 00:00:00,CUST1370,Bluetooth Speaker,3,40.75,Singapore
CINV503637,2025-11-26 00:00:00,CUST1370,HDMI Cable,-4,8.29,India
INV500597,2025-11-27 00:00:00,CUST1055,Mechanical Keyboard,1,47.27,UAE
INV500597,2025-11-27 00:00:00,CUST1055,Webcam,2,37.34,India
INV500597,2025-11-27 00:00:00,CUST1055,Water Bottle,2,13.05,India
INV500680,2025-11-27 00:00:00,CUST1067,Portable SSD,3,87.56,India
INV500680,2025-11-27 00:00:00,CUST1067,Portable SSD,4,91.32,India
INV501690,2025-11-27 00:00:00,CUST1169,Webcam,4,49.42,India
INV501690,2025-11-27 00:00:00,CUST1169,Headphones,1,55.15,India
INV503130,2025-11-27 00:00:00,CUST1314,Fitness Band,5,51.34,United Kingdom
INV503130,2025-11-27 00:00:00,CUST1314,Laptop Stand,2,46.43,India
INV503349,2025-11-27 00:00:00,CUST1339,USB-C Hub,2,26.62,India
INV503349,2025-11-27 00:00:00,CUST1339,Bluetooth Speaker,3,41.16,India
INV503349,2025-11-27 00:00:00,CUST1339,Notebook Set,4,6.87,United Kingdom
INV501271,2025-11-28 00:00:00,CUST1128,Power Bank,1,25.55,India
INV501271,2025-11-28 00:00:00,CUST1128,Power Bank,1,30.49,India
INV501347,2025-11-28 00:00:00,CUST1135,Desk Lamp,5,25.7,United Kingdom
INV501511,2025-11-28 00:00:00,CUST1151,Webcam,2,40.91,India
INV501511,2025-11-28 00:00:00,CUST1151,Power Bank,2,29.51,India
INV501511,2025-11-28 00:00:00,CUST1151,USB-C Hub,2,30.31,India
INV501603,2025-11-28 00:00:00,CUST1161,Notebook Set,3,8.99,India
INV501603,2025-11-28 00:00:00,CUST1161,Portable SSD,3,114.74,India
INV501603,2025-11-28 00:00:00,CUST1161,Backpack,3,50.01,India
INV501655,2025-11-28 00:00:00,CUST1166,Wireless Mouse,3,29.84,Singapore
INV503681,2025-11-28 00:00:00,CUST1376,Power Bank,6,38.86,India
INV503681,2025-11-28 00:00:00,CUST1376,Phone Case,6,13.29,UAE
INV501164,2025-11-29 00:00:00,CUST1116,Laptop Stand,2,27.71,UAE
INV501164,2025-11-29 00:00:00,CUST1116,Notebook Set,2,7.22,Singapore
INV501164,2025-11-29 00:00:00,CUST1116,Portable SSD,2,75.46,India
INV501219,2025-11-29 00:00:00,CUST1125,Laptop Stand,4,43.49,United Kingdom
INV501219,2025-11-29 00:00:00,CUST1125,Notebook Set,4,10.87,India
INV502047,2025-11-29 00:00:00,CUST1204,Portable SSD,4,86.38,India
INV502484,2025-11-29 00:00:00,CUST1253,Notebook Set,6,9.86,United Kingdom
INV502484,2025-11-29 00:00:00,CUST1253,Power Bank,3,35.49,United Kingdom
INV502962,2025-11-29 00:00:00,CUST1299,Water Bottle,3,22.65,UAE
INV502962,2025-11-29 00:00:00,CUST1299,Phone Case,2,15.46,Singapore
INV502962,2025-11-29 00:00:00,CUST1299,Wireless Mouse,2,27.95,India
INV503023,2025-11-29 00:00:00,CUST1305,Wireless Mouse,6,28.18,United Kingdom
INV503582,2025-11-29 00:00:00,CUST1363,USB-C Hub,2,28.88,India
INV502962,2025-11-29 00:00:00,CUST1299,Wireless Mouse,2,27.95,India
INV500129,2025-11-30 00:00:00,CUST1010,Mini Tripod,5,16.31,India
INV500533,2025-11-30 00:00:00,CUST1047,Mechanical Keyboard,3,75.73,India
INV501624,2025-11-30 00:00:00,CUST1164,Water Bottle,1,12.69,Singapore
INV501624,2025-11-30 00:00:00,CUST1164,Portable SSD,4,79.03,India
INV502221,2025-11-30 00:00:00,CUST1225,Desk Lamp,2,36.45,India
INV502221,2025-11-30 00:00:00,CUST1225,Smartwatch Strap,6,20.43,UAE
INV503224,2025-11-30 00:00:00,CUST1325,Charging Cable,3,10.18,UAE
INV503224,2025-11-30 00:00:00,CUST1325,Mini Tripod,4,18.6,India
INV500034,2025-12-01 00:00:00,CUST1003,USB-C Hub,1,31.18,India
INV500691,2025-12-01 00:00:00,CUST1068,Headphones,4,59.26,India
INV500691,2025-12-01 00:00:00,CUST1068,Webcam,6,51.16,India
INV500691,2025-12-01 00:00:00,CUST1068,Webcam,5,51.08,India
INV500810,2025-12-01 00:00:00,CUST1080,Mini Tripod,1,10.17,United Kingdom
INV501115,2025-12-01 00:00:00,CUST1110,Fitness Band,1,29.45,India
INV501458,2025-12-01 00:00:00,CUST1145,Smartwatch Strap,1,11.15,Singapore
INV501458,2025-12-01 00:00:00,CUST1145,Fitness Band,2,30.8,India
INV501458,2025-12-01 00:00:00,CUST1145,Mechanical Keyboard,1,55.08,India
INV503283,2025-12-01 00:00:00,CUST1331,Notebook Set,4,7.38,India
INV503283,2025-12-01 00:00:00,CUST1331,Fitness Band,4,32.56,UAE
INV500173,2025-12-02 00:00:00,CUST1014,Charging Cable,1,8.2,India
INV500173,2025-12-02 00:00:00,CUST1014,Mini Tripod,2,13.8,Singapore
INV500173,2025-12-02 00:00:00,CUST1014,Notebook Set,3,9.61,India
INV500345,2025-12-02 00:00:00,CUST1028,Desk Lamp,4,31.69,India
INV501032,2025-12-02 00:00:00,CUST1101,Gaming Mouse Pad,6,21.98,India
INV501032,2025-12-02 00:00:00,CUST1101,Headphones,6,73.32,India
INV501032,2025-12-02 00:00:00,CUST1101,Power Bank,3,43.68,United Kingdom
INV503594,2025-12-02 00:00:00,CUST1365,Wireless Mouse,4,17.83,UAE
INV503594,2025-12-02 00:00:00,CUST1365,Mini Tripod,4,10.39,India
INV500145,2025-12-03 00:00:00,CUST1011,Phone Case,4,9.72,India
INV500145,2025-12-03 00:00:00,CUST1011,Phone Case,3,9.79,India
CINV500145,2025-12-03 00:00:00,CUST1011,Desk Lamp,-2,25.84,India
INV500221,2025-12-03 00:00:00,CUST1020,Backpack,5,47.29,Singapore
INV500221,2025-12-03 00:00:00,CUST1020,USB-C Hub,5,39.82,India
INV500240,2025-12-03 00:00:00,CUST1020,Wireless Mouse,4,27.13,India
INV500245,2025-12-03 00:00:00,CUST1021,USB-C Hub,3,23.69,UAE
INV500245,2025-12-03 00:00:00,CUST1021,Mechanical Keyboard,2,45.15,United Kingdom
INV500573,2025-12-03 00:00:00,CUST1052,Gaming Mouse Pad,2,16.16,India
INV500573,2025-12-03 00:00:00,CUST1052,Charging Cable,3,6.42,India
INV500573,2025-12-03 00:00:00,CUST1052,HDMI Cable,3,8.9,India
INV500875,2025-12-03 00:00:00,CUST1087,Webcam,2,46.4,UAE
INV502024,2025-12-03 00:00:00,CUST1202,Webcam,3,44.9,Singapore
INV502418,2025-12-03 00:00:00,CUST1246,Portable SSD,1,67.99,Singapore
INV502418,2025-12-03 00:00:00,CUST1246,Wireless Mouse,3,14.38,India
INV500080,2025-12-04 00:00:00,CUST1008,Headphones,5,60.64,India
INV500080,2025-12-04 00:00:00,CUST1008,Phone Case,3,12.49,India
INV500080,2025-12-04 00:00:00,CUST1008,Water Bottle,5,15.63,UAE
INV500279,2025-12-04 00:00:00,CUST1025,Gaming Mouse Pad,3,18.97,India
INV500279,2025-12-04 00:00:00,CUST1025,Smartwatch Strap,1,12.91,United Kingdom
INV500279,2025-12-04 00:00:00,CUST1025,Gaming Mouse Pad,4,17.11,India
INV500505,2025-12-04 00:00:00,CUST1046,Desk Lamp,2,26.82,India
INV500505,2025-12-04 00:00:00,CUST1046,Charging Cable,3,7.84,India
INV500505,2025-12-04 00:00:00,CUST1046,Webcam,1,53.39,UAE
INV500879,2025-12-04 00:00:00,CUST1088,Wireless Mouse,1,19.6,United Kingdom
INV502382,2025-12-04 00:00:00,CUST1241,Headphones,4,49.81,India
INV502382,2025-12-04 00:00:00,CUST1241,Phone Case,1,9.25,Singapore
INV503191,2025-12-04 00:00:00,CUST1322,Mini Tripod,4,13.34,UAE
INV503191,2025-12-04 00:00:00,CUST1322,Mechanical Keyboard,4,60.09,India
INV500504,2025-12-05 00:00:00,CUST1046,Charging Cable,1,7.32,India
INV500555,2025-12-05 00:00:00,CUST1050,Bluetooth Speaker,3,41.29,India
INV500555,2025-12-05 00:00:00,CUST1050,Smartwatch Strap,1,11.83,Singapore
INV500616,2025-12-05 00:00:00,CUST1057,Backpack,3,34.73,United Kingdom
INV500616,2025-12-05 00:00:00,CUST1057,Backpack,4,34.98,India
INV500616,2025-12-05 00:00:00,CUST1057,Fitness Band,1,27.98,India
INV500776,2025-12-05 00:00:00,CUST1076,Portable SSD,4,88.87,United Kingdom
INV501210,2025-12-05 00:00:00,CUST1124,Bluetooth Speaker,1,31.04,India
INV501706,2025-12-05 00:00:00,CUST1170,Gaming Mouse Pad,6,22.99,India
INV501706,2025-12-05 00:00:00,CUST1170,Headphones,2,69.27,India
INV501706,2025-12-05 00:00:00,CUST1170,Phone Case,3,12.97,Singapore
INV501802,2025-12-05 00:00:00,CUST1179,Water Bottle,1,14.86,Singapore
INV501802,2025-12-05 00:00:00,CUST1179,Laptop Stand,4,31.86,India
INV501802,2025-12-05 00:00:00,CUST1179,Notebook Set,1,8.29,India
INV502582,2025-12-05 00:00:00,CUST1263,Phone Case,3,10.87,India
INV502582,2025-12-05 00:00:00,CUST1263,Backpack,2,46.58,United Kingdom
INV502582,2025-12-05 00:00:00,CUST1263,Smartwatch Strap,1,15.5,Singapore
INV502689,2025-12-05 00:00:00,CUST1275,Power Bank,6,32.4,India
INV502689,2025-12-05 00:00:00,CUST1275,Portable SSD,5,105.99,India
INV502689,2025-12-05 00:00:00,CUST1275,Gaming Mouse Pad,3,18.29,India
INV503089,2025-12-05 00:00:00,CUST1311,Fitness Band,4,39.12,India
INV503089,2025-12-05 00:00:00,CUST1311,Charging Cable,4,6.81,Singapore
INV503089,2025-12-05 00:00:00,CUST1311,Portable SSD,3,99.53,India
INV503192,2025-12-05 00:00:00,CUST1322,Smartwatch Strap,1,13.05,India
INV503192,2025-12-05 00:00:00,CUST1322,Phone Case,2,12.25,United Kingdom
INV503477,2025-12-05 00:00:00,CUST1354,Phone Case,4,14.04,Singapore
INV503477,2025-12-05 00:00:00,CUST1354,Portable SSD,2,123.66,Singapore
INV503477,2025-12-05 00:00:00,CUST1354,Phone Case,2,14.94,India
INV503498,2025-12-05 00:00:00,CUST1354,Bluetooth Speaker,3,51.82,India
INV503498,2025-12-05 00:00:00,CUST1354,Notebook Set,5,10.52,UAE
INV503872,2025-12-05 00:00:00,CUST1396,USB-C Hub,4,28.17,United Kingdom
INV503872,2025-12-05 00:00:00,CUST1396,Notebook Set,2,7.31,India
INV500390,2025-12-06 00:00:00,CUST1037,Charging Cable,3,6.51,United Kingdom
INV500390,2025-12-06 00:00:00,CUST1037,Mechanical Keyboard,2,54.34,India
INV501084,2025-12-06 00:00:00,CUST1107,Laptop Stand,4,41.47,United Kingdom
INV501374,2025-12-06 00:00:00,CUST1137,Backpack,6,50.33,India
INV501374,2025-12-06 00:00:00,CUST1137,Phone Case,6,11.73,United Kingdom
INV501374,2025-12-06 00:00:00,CUST1137,Portable SSD,3,122.27,India
INV502229,2025-12-06 00:00:00,CUST1225,Gaming Mouse Pad,2,23.64,Singapore
INV502229,2025-12-06 00:00:00,CUST1225,Backpack,3,54.24,India
INV503150,2025-12-06 00:00:00,CUST1317,Gaming Mouse Pad,1,15.45,UAE
INV503474,2025-12-06 00:00:00,CUST1353,USB-C Hub,3,24.24,United Kingdom
INV503474,2025-12-06 00:00:00,CUST1353,Water Bottle,2,12.86,India
INV500020,2025-12-07 00:00:00,CUST1002,HDMI Cable,3,10.12,UAE
INV501476,2025-12-07 00:00:00,CUST1146,Gaming Mouse Pad,1,19.54,United Kingdom
INV501476,2025-12-07 00:00:00,CUST1146,Mini Tripod,3,14.49,UAE
INV501476,2025-12-07 00:00:00,CUST1146,Desk Lamp,1,29.41,Singapore
INV502678,2025-12-07 00:00:00,CUST1275,USB-C Hub,4,39.71,India
INV502678,2025-12-07 00:00:00,CUST1275,Bluetooth Speaker,5,48.64,Singapore
INV502678,2025-12-07 00:00:00,CUST1275,Laptop Stand,2,41.65,United Kingdom
INV503321,2025-12-07 00:00:00,CUST1336,Fitness Band,2,34.57,United Kingdom
INV503321,2025-12-07 00:00:00,CUST1336,Webcam,1,41.3,India
INV503321,2025-12-07 00:00:00,CUST1336,Headphones,4,47.9,India
INV503584,2025-12-07 00:00:00,CUST1364,Water Bottle,3,11.31,UAE
INV503584,2025-12-07 00:00:00,CUST1364,Desk Lamp,1,19.68,India
INV501067,2025-12-08 00:00:00,CUST1107,Laptop Stand,4,40.21,UAE
INV501067,2025-12-08 00:00:00,CUST1107,Smartwatch Strap,2,14.3,United Kingdom
INV501067,2025-12-08 00:00:00,CUST1107,Notebook Set,4,8.8,UAE
INV501170,2025-12-08 00:00:00,CUST1117,Laptop Stand,2,29.35,India
INV501170,2025-12-08 00:00:00,CUST1117,Mini Tripod,1,11.9,Singapore
INV501170,2025-12-08 00:00:00,CUST1117,HDMI Cable,2,8.66,India
INV501360,2025-12-08 00:00:00,CUST1136,Webcam,3,47.58,India
INV501360,2025-12-08 00:00:00,CUST1136,Headphones,2,51.31,India
INV501360,2025-12-08 00:00:00,CUST1136,Fitness Band,3,35.5,India
INV502032,2025-12-08 00:00:00,CUST1203,Webcam,1,38.76,India
INV502032,2025-12-08 00:00:00,CUST1203,Wireless Mouse,2,17.75,India
INV502032,2025-12-08 00:00:00,CUST1203,Mechanical Keyboard,1,44.14,United Kingdom
INV502126,2025-12-08 00:00:00,CUST1211,Wireless Mouse,4,17.21,Singapore
INV502232,2025-12-08 00:00:00,CUST1225,Mechanical Keyboard,6,85.83,UAE
INV502232,2025-12-08 00:00:00,CUST1225,Webcam,3,61.98,Singapore
INV502414,2025-12-08 00:00:00,CUST1245,Wireless Mouse,4,22.39,India
INV502414,2025-12-08 00:00:00,CUST1245,Mini Tripod,1,14.15,India
INV502414,2025-12-08 00:00:00,CUST1245,Webcam,4,46.84,India
INV500250,2025-12-09 00:00:00,CUST1022,Power Bank,3,24.95,India
INV500724,2025-12-09 00:00:00,CUST1071,Power Bank,3,27.43,India
INV500724,2025-12-09 00:00:00,CUST1071,Phone Case,4,8.75,UAE
INV501600,2025-12-09 00:00:00,CUST1161,Bluetooth Speaker,4,50.97,India
INV501600,2025-12-09 00:00:00,CUST1161,Phone Case,3,12.93,India
INV501600,2025-12-09 00:00:00,CUST1161,Fitness Band,6,38.81,India
INV501614,2025-12-09 00:00:00,CUST1163,Webcam,4,46.05,United Kingdom
INV503361,2025-12-09 00:00:00,CUST1340,Phone Case,4,11.1,India
INV500886,2025-12-10 00:00:00,CUST1089,Bluetooth Speaker,3,49.06,UAE
INV500886,2025-12-10 00:00:00,CUST1089,Charging Cable,3,6.85,India
INV501107,2025-12-10 00:00:00,CUST1109,Charging Cable,2,7.28,India
INV502421,2025-12-10 00:00:00,CUST1247,Wireless Mouse,4,19.94,India
INV502421,2025-12-10 00:00:00,CUST1247,Mini Tripod,4,11.97,India
INV502421,2025-12-10 00:00:00,CUST1247,Bluetooth Speaker,3,44.49,India
INV503078,2025-12-10 00:00:00,CUST1310,HDMI Cable,4,8.59,UAE
INV503302,2025-12-10 00:00:00,CUST1334,Notebook Set,2,10.62,India
INV503302,2025-12-10 00:00:00,CUST1334,Notebook Set,5,10.52,India
INV503302,2025-12-10 00:00:00,CUST1334,Mini Tripod,4,14.59,Singapore
INV503885,2025-12-10 00:00:00,CUST1397,Wireless Mouse,1,19.95,India
INV503885,2025-12-10 00:00:00,CUST1397,Charging Cable,2,7.88,UAE
INV503885,2025-12-10 00:00:00,CUST1397,Webcam,4,50.71,India
INV500944,2025-12-11 00:00:00,CUST1093,Phone Case,2,11.04,Singapore
INV500944,2025-12-11 00:00:00,CUST1093,Headphones,3,48.98,India
INV500944,2025-12-11 00:00:00,CUST1093,,1,51.53,Singapore
INV501581,2025-12-11 00:00:00,CUST1160,Smartwatch Strap,4,10.76,India
INV501627,2025-12-11 00:00:00,CUST1164,Mechanical Keyboard,2,50.77,India
INV501627,2025-12-11 00:00:00,CUST1164,Portable SSD,2,71.86,UAE
INV502262,2025-12-11 00:00:00,CUST1229,Power Bank,2,29.76,Singapore
INV502328,2025-12-11 00:00:00,CUST1235,Portable SSD,3,93.23,United Kingdom
INV502361,2025-12-11 00:00:00,CUST1238,Power Bank,3,30.86,India
INV503296,2025-12-11 00:00:00,CUST1333,Charging Cable,1,6.68,India
INV503605,2025-12-11 00:00:00,CUST1367,Laptop Stand,3,32.41,India
INV503605,2025-12-11 00:00:00,CUST1367,Smartwatch Strap,1,15.39,India
INV503605,2025-12-11 00:00:00,CUST1367,Headphones,1,60.3,United Kingdom
INV500112,2025-12-12 00:00:00,CUST1010,Notebook Set,4,9.36,India
INV500871,2025-12-12 00:00:00,CUST1086,Charging Cable,1,5.98,India
INV500871,2025-12-12 00:00:00,CUST1086,Portable SSD,3,80.3,India
INV501649,2025-12-12 00:00:00,CUST1166,Wireless Mouse,6,26.93,Singapore
INV501888,2025-12-12 00:00:00,CUST1188,Phone Case,2,10.12,India
INV501888,2025-12-12 00:00:00,CUST1188,Power Bank,3,23.32,India
INV501967,2025-12-12 00:00:00,CUST1197,Headphones,1,43.88,India
INV501967,2025-12-12 00:00:00,CUST1197,Notebook Set,1,6.33,UAE
INV501967,2025-12-12 00:00:00,CUST1197,Desk Lamp,2,21.15,UAE
INV502243,2025-12-12 00:00:00,CUST1226,Charging Cable,2,5.24,India
INV502243,2025-12-12 00:00:00,CUST1226,Smartwatch Strap,3,8.91,United Kingdom
INV502243,2025-12-12 00:00:00,CUST1226,Wireless Mouse,3,14.92,UAE
INV502543,2025-12-12 00:00:00,CUST1258,Smartwatch Strap,2,11.34,United Kingdom
INV502543,2025-12-12 00:00:00,CUST1258,Gaming Mouse Pad,2,15.45,India
INV502899,2025-12-12 00:00:00,CUST1294,Notebook Set,1,7.19,India
INV502899,2025-12-12 00:00:00,CUST1294,Wireless Mouse,3,18.92,India
INV502965,2025-12-12 00:00:00,CUST1299,Smartwatch Strap,3,17.84,United Kingdom
INV502965,2025-12-12 00:00:00,CUST1299,Mini Tripod,4,17.9,United Kingdom
INV503900,2025-12-12 00:00:00,CUST1399,Mechanical Keyboard,2,59.48,Singapore
INV503900,2025-12-12 00:00:00,CUST1399,Desk Lamp,3,23.53,India
INV500057,2025-12-13 00:00:00,CUST1005,Desk Lamp,2,20.78,India
INV501418,2025-12-13 00:00:00,CUST1141,Portable SSD,4,94.75,UAE
INV501418,2025-12-13 00:00:00,CUST1141,Backpack,4,44.21,United Kingdom
INV501418,2025-12-13 00:00:00,CUST1141,Water Bottle,4,15.77,United Kingdom
INV501962,2025-12-13 00:00:00,CUST1196,Fitness Band,1,30.67,India
INV501974,2025-12-13 00:00:00,CUST1198,Desk Lamp,5,29.5,United Kingdom
INV501974,2025-12-13 00:00:00,CUST1198,HDMI Cable,4,11.53,Singapore
INV501974,2025-12-13 00:00:00,CUST1198,Charging Cable,5,8.5,India
INV502691,2025-12-13 00:00:00,CUST1275,Wireless Mouse,5,23.65,Singapore
INV502691,2025-12-13 00:00:00,CUST1275,Wireless Mouse,5,24.91,India
INV503072,2025-12-13 00:00:00,CUST1310,Portable SSD,1,82.97,UAE
INV503072,2025-12-13 00:00:00,CUST1310,Mechanical Keyboard,1,45.37,India
INV503072,2025-12-13 00:00:00,CUST1310,Fitness Band,1,27.68,UAE
INV503524,2025-12-13 00:00:00,CUST1357,Water Bottle,4,16.16,UAE
INV503524,2025-12-13 00:00:00,CUST1357,Water Bottle,2,14.77,India
INV503867,2025-12-13 00:00:00,CUST1395,Mechanical Keyboard,4,74.49,India
INV503867,2025-12-13 00:00:00,CUST1395,Charging Cable,4,7.27,UAE
INV502104,2025-12-14 00:00:00,CUST1208,Backpack,6,46.16,India
INV502104,2025-12-14 00:00:00,CUST1208,Water Bottle,3,18.44,Singapore
INV502104,2025-12-14 00:00:00,CUST1208,Headphones,6,53.51,United Kingdom
INV502927,2025-12-14 00:00:00,CUST1298,Notebook Set,6,10.1,United Kingdom
INV503434,2025-12-14 00:00:00,CUST1348,Bluetooth Speaker,4,38.75,UAE
INV503556,2025-12-14 00:00:00,CUST1359,Power Bank,3,40.55,India
INV503556,2025-12-14 00:00:00,CUST1359,Wireless Mouse,2,27.02,India
INV503556,2025-12-14 00:00:00,CUST1359,Backpack,5,52.1,India
INV503741,2025-12-14 00:00:00,CUST1383,Mini Tripod,2,12.97,UAE
INV503741,2025-12-14 00:00:00,CUST1383,USB-C Hub,4,29.59,India
INV500537,2025-12-15 00:00:00,CUST1048,Power Bank,3,29.16,India
INV500537,2025-12-15 00:00:00,CUST1048,Notebook Set,1,7.87,Singapore
INV500537,2025-12-15 00:00:00,CUST1048,USB-C Hub,1,29.4,United Kingdom
INV500598,2025-12-15 00:00:00,CUST1055,USB-C Hub,3,24.7,UAE
INV500598,2025-12-15 00:00:00,CUST1055,Bluetooth Speaker,1,36.37,India
INV500598,2025-12-15 00:00:00,CUST1055,Gaming Mouse Pad,2,15.52,Singapore
INV500821,2025-12-15 00:00:00,CUST1080,USB-C Hub,3,28.98,India
INV501152,2025-12-15 00:00:00,CUST1114,Fitness Band,4,29.43,United Kingdom
INV501152,2025-12-15 00:00:00,CUST1114,Mini Tripod,2,11.8,United Kingdom
INV501894,2025-12-15 00:00:00,CUST1189,Phone Case,4,9.63,India
INV501894,2025-12-15 00:00:00,CUST1189,Power Bank,3,29.89,Singapore
INV501894,2025-12-15 00:00:00,CUST1189,Webcam,1,42.89,India
INV502137,2025-12-15 00:00:00,CUST1213,Power Bank,2,29.25,India
INV502137,2025-12-15 00:00:00,CUST1213,Headphones,4,44.54,Singapore
INV502137,2025-12-15 00:00:00,CUST1213,Bluetooth Speaker,1,40.35,India
INV502386,2025-12-15 00:00:00,CUST1241,Power Bank,3,26.87,UAE
INV502079,2025-12-16 00:00:00,CUST1207,Smartwatch Strap,1,13.07,India
INV502837,2025-12-16 00:00:00,CUST1288,Portable SSD,6,106.29,United Kingdom
INV502837,2025-12-16 00:00:00,CUST1288,Backpack,3,49.73,India
INV502859,2025-12-16 00:00:00,CUST1290,Notebook Set,4,8.48,India
INV502859,2025-12-16 00:00:00,CUST1290,Smartwatch Strap,2,14.76,United Kingdom
INV503274,2025-12-16 00:00:00,CUST1330,Backpack,4,37.01,India
INV503274,2025-12-16 00:00:00,CUST1330,Webcam,4,43.41,Singapore
INV503274,2025-12-16 00:00:00,CUST1330,Wireless Mouse,3,18.96,United Kingdom
INV503377,2025-12-16 00:00:00,CUST1342,Headphones,2,48.28,India
INV503377,2025-12-16 00:00:00,CUST1342,Laptop Stand,1,27.16,India
INV503377,2025-12-16 00:00:00,CUST1342,Portable SSD,3,80.82,UAE
INV503815,2025-12-16 00:00:00,CUST1389,HDMI Cable,4,10.21,UAE
INV500346,2025-12-17 00:00:00,CUST1028,Mechanical Keyboard,4,83.03,India
INV500346,2025-12-17 00:00:00,CUST1028,Charging Cable,6,9.91,UAE
INV500346,2025-12-17 00:00:00,CUST1028,Gaming Mouse Pad,5,21.81,Singapore
INV500540,2025-12-17 00:00:00,CUST1048,USB-C Hub,4,32.46,India
INV500540,2025-12-17 00:00:00,CUST1048,Headphones,3,48.17,Singapore
INV500540,2025-12-17 00:00:00,CUST1048,USB-C Hub,3,31.59,India
INV500576,2025-12-17 00:00:00,CUST1052,Power Bank,2,25.24,India
INV500576,2025-12-17 00:00:00,CUST1052,HDMI Cable,4,7.89,India
INV500576,2025-12-17 00:00:00,CUST1052,Water Bottle,3,13.32,United Kingdom
INV502628,2025-12-17 00:00:00,CUST1268,Mechanical Keyboard,2,55.18,United Kingdom
INV503017,2025-12-17 00:00:00,CUST1305,Notebook Set,6,10.3,United Kingdom
INV503017,2025-12-17 00:00:00,CUST1305,Water Bottle,4,18.29,India
INV503370,2025-12-17 00:00:00,CUST1340,Phone Case,2,12.23,India
INV501141,2025-12-18 00:00:00,CUST1114,Gaming Mouse Pad,3,14.79,India
INV501917,2025-12-18 00:00:00,CUST1191,Laptop Stand,3,36.59,Singapore
INV501917,2025-12-18 00:00:00,CUST1191,Headphones,4,57.02,India
INV501917,2025-12-18 00:00:00,CUST1191,Desk Lamp,1,25.07,United Kingdom
INV503572,2025-12-18 00:00:00,CUST1361,USB-C Hub,1,30.29,UAE
INV503572,2025-12-18 00:00:00,CUST1361,HDMI Cable,1,9.05,India
INV503572,2025-12-18 00:00:00,CUST1361,Laptop Stand,2,34.68,India
INV501269,2025-12-19 00:00:00,CUST1128,Wireless Mouse,1,21.03,India
INV501269,2025-12-19 00:00:00,CUST1128,Power Bank,3,30.72,India
INV501269,2025-12-19 00:00:00,CUST1128,Headphones,2,50.63,UAE
INV501349,2025-12-19 00:00:00,CUST1135,Power Bank,6,34.9,India
INV501349,2025-12-19 00:00:00,CUST1135,Fitness Band,2,40.54,India
INV501349,2025-12-19 00:00:00,CUST1135,Mini Tripod,4,13.16,India
INV501420,2025-12-19 00:00:00,CUST1141,Notebook Set,4,7.43,India
INV503182,2025-12-19 00:00:00,CUST1321,Water Bottle,4,15.83,UAE
INV503182,2025-12-19 00:00:00,CUST1321,HDMI Cable,1,10.12,India
INV503182,2025-12-19 00:00:00,CUST1321,HDMI Cable,4,8.63,UAE
INV503870,2025-12-19 00:00:00,CUST1396,Smartwatch Strap,4,12.42,India
INV503870,2025-12-19 00:00:00,CUST1396,Charging Cable,4,6.73,United Kingdom
INV503870,2025-12-19 00:00:00,CUST1396,Water Bottle,4,15.22,United Kingdom
INV502410,2025-12-20 00:00:00,CUST1245,Desk Lamp,3,26.3,India
INV502410,2025-12-20 00:00:00,CUST1245,Charging Cable,3,8.07,India
INV502410,2025-12-20 00:00:00,CUST1245,HDMI Cable,1,10.98,India
INV503153,2025-12-20 00:00:00,CUST1317,Mechanical Keyboard,4,58.78,UAE
INV503153,2025-12-20 00:00:00,CUST1317,Fitness Band,3,32.34,India
INV503153,2025-12-20 00:00:00,CUST1317,Charging Cable,2,6.76,UAE
INV503509,2025-12-20 00:00:00,CUST1356,Notebook Set,2,8.26,Singapore
INV503509,2025-12-20 00:00:00,CUST1356,Fitness Band,4,31.91,UAE
INV503509,2025-12-20 00:00:00,CUST1356,Mini Tripod,1,12.86,United Kingdom
INV500177,2025-12-21 00:00:00,CUST1014,Phone Case,4,11.25,India
INV500512,2025-12-21 00:00:00,CUST1047,Backpack,6,52.34,United Kingdom
INV500512,2025-12-21 00:00:00,CUST1047,Smartwatch Strap,6,16.16,India
INV503103,2025-12-21 00:00:00,CUST1313,Webcam,1,47.66,UAE
INV503103,2025-12-21 00:00:00,CUST1313,Gaming Mouse Pad,2,17.54,UAE
INV503103,2025-12-21 00:00:00,CUST1313,Bluetooth Speaker,4,41.77,India
INV503123,2025-12-21 00:00:00,CUST1314,Fitness Band,2,49.96,Singapore
INV503123,2025-12-21 00:00:00,CUST1314,Gaming Mouse Pad,6,22.6,India
INV503715,2025-12-21 00:00:00,CUST1379,Wireless Mouse,3,20.88,United Kingdom
INV503715,2025-12-21 00:00:00,CUST1379,Gaming Mouse Pad,4,15.79,India
INV503715,2025-12-21 00:00:00,CUST1379,Headphones,4,51.57,India
INV503389,2025-12-22 00:00:00,CUST1343,Mechanical Keyboard,5,65.97,Singapore
INV500305,2025-12-23 00:00:00,CUST1027,Water Bottle,4,18.17,India
INV500305,2025-12-23 00:00:00,CUST1027,Laptop Stand,5,36.53,UAE
INV501042,2025-12-23 00:00:00,CUST1102,Notebook Set,2,6.71,India
INV501042,2025-12-23 00:00:00,CUST1102,Fitness Band,1,27.51,India
INV501042,2025-12-23 00:00:00,CUST1102,Mechanical Keyboard,2,45.8,Singapore
INV501268,2025-12-23 00:00:00,CUST1127,Mechanical Keyboard,6,84.36,India
INV501268,2025-12-23 00:00:00,CUST1127,USB-C Hub,4,45.77,UAE
INV501580,2025-12-23 00:00:00,CUST1160,Mechanical Keyboard,2,53.99,India
INV501580,2025-12-23 00:00:00,CUST1160,Mechanical Keyboard,2,53.99,India
INV501580,2025-12-23 00:00:00,CUST1160,HDMI Cable,1,8.76,India
INV502018,2025-12-23 00:00:00,CUST1201,Portable SSD,1,81.83,United Kingdom
INV502214,2025-12-23 00:00:00,CUST1223,Charging Cable,3,5.7,India
INV502214,2025-12-23 00:00:00,CUST1223,HDMI Cable,2,7.87,India
INV502214,2025-12-23 00:00:00,CUST1223,Mechanical Keyboard,1,50.58,India
INV500915,2025-12-24 00:00:00,CUST1090,Power Bank,2,38.12,India
INV500915,2025-12-24 00:00:00,CUST1090,Mini Tripod,6,15.54,Singapore
INV500915,2025-12-24 00:00:00,CUST1090,Portable SSD,2,117.29,India
INV501363,2025-12-24 00:00:00,CUST1136,Webcam,2,48.39,India
INV501363,2025-12-24 00:00:00,CUST1136,USB-C Hub,4,32.13,United Kingdom
INV501363,2025-12-24 00:00:00,CUST1136,Gaming Mouse Pad,1,16.46,United Kingdom
INV501860,2025-12-24 00:00:00,CUST1185,Mini Tripod,2,14.78,India
INV501867,2025-12-24 00:00:00,CUST1186,Headphones,4,53.92,United Kingdom
INV501867,2025-12-24 00:00:00,CUST1186,Fitness Band,4,39.82,India
INV501867,2025-12-24 00:00:00,CUST1186,Headphones,2,53.76,India
INV500237,2025-12-25 00:00:00,CUST1020,Power Bank,3,37.62,India
INV500237,2025-12-25 00:00:00,CUST1020,Mini Tripod,2,15.28,India
INV500237,2025-12-25 00:00:00,CUST1020,Smartwatch Strap,2,15.96,India
INV502289,2025-12-25 00:00:00,CUST1231,Phone Case,6,11.94,Singapore
INV502592,2025-12-25 00:00:00,CUST1264,Webcam,3,57.38,India
INV502592,2025-12-25 00:00:00,CUST1264,Charging Cable,1,7.79,Singapore
INV502592,2025-12-25 00:00:00,CUST1264,Bluetooth Speaker,4,51.31,UAE
INV502639,2025-12-25 00:00:00,CUST1270,Bluetooth Speaker,3,52.87,India
INV502639,2025-12-25 00:00:00,,Smartwatch Strap,4,17.18,United Kingdom
INV502639,2025-12-25 00:00:00,CUST1270,Headphones,5,60.07,Singapore
INV502762,2025-12-25 00:00:00,CUST1279,HDMI Cable,1,8.65,India
INV503308,2025-12-25 00:00:00,CUST1334,Mechanical Keyboard,2,77.12,India
INV503308,2025-12-25 00:00:00,CUST1334,Charging Cable,3,8.66,UAE
INV500427,2025-12-26 00:00:00,CUST1042,Water Bottle,5,22.46,India
INV500427,2025-12-26 00:00:00,CUST1042,Notebook Set,2,12.15,India
INV500698,2025-12-26 00:00:00,CUST1068,Bluetooth Speaker,2,41.92,Singapore
INV500698,2025-12-26 00:00:00,CUST1068,Gaming Mouse Pad,6,17.85,Singapore
INV501089,2025-12-26 00:00:00,CUST1108,Webcam,1,43.86,United Kingdom
INV501089,2025-12-26 00:00:00,CUST1108,Charging Cable,4,7.07,India
INV501241,2025-12-26 00:00:00,CUST1127,Bluetooth Speaker,5,54.11,Singapore
INV501241,2025-12-26 00:00:00,CUST1127,Portable SSD,4,123.88,India
INV501413,2025-12-26 00:00:00,CUST1140,USB-C Hub,3,41.2,United Kingdom
INV501413,2025-12-26 00:00:00,CUST1140,Mechanical Keyboard,6,73.7,Singapore
INV501413,2025-12-26 00:00:00,CUST1140,Bluetooth Speaker,4,52.49,India
INV501699,2025-12-26 00:00:00,CUST1170,Notebook Set,4,10.97,India
INV502003,2025-12-26 00:00:00,CUST1199,Smartwatch Strap,2,10.41,India
INV502003,2025-12-26 00:00:00,CUST1199,Portable SSD,4,70.99,India
INV502003,2025-12-26 00:00:00,CUST1199,Laptop Stand,2,29.5,United Kingdom
INV502617,2025-12-26 00:00:00,CUST1267,Phone Case,2,10.37,India
INV502831,2025-12-26 00:00:00,CUST1288,Desk Lamp,6,34.37,India
INV502831,2025-12-26 00:00:00,CUST1288,Portable SSD,4,108.0,United Kingdom
INV502831,2025-12-26 00:00:00,CUST1288,Mini Tripod,5,14.96,India
INV502845,2025-12-26 00:00:00,CUST1288,HDMI Cable,4,11.33,United Kingdom
INV503071,2025-12-26 00:00:00,CUST1309,Headphones,3,37.71,India
INV500254,2025-12-27 00:00:00,CUST1023,Gaming Mouse Pad,3,21.04,India
INV501387,2025-12-27 00:00:00,CUST1138,Portable SSD,3,84.58,United Kingdom
INV501534,2025-12-27 00:00:00,CUST1155,Laptop Stand,5,51.77,Singapore
INV501534,2025-12-27 00:00:00,CUST1155,Webcam,2,63.78,UAE
INV501534,2025-12-27 00:00:00,CUST1155,Charging Cable,5,10.11,UAE
INV502630,2025-12-27 00:00:00,CUST1269,Phone Case,2,8.45,India
INV502630,2025-12-27 00:00:00,CUST1269,Desk Lamp,2,20.39,India
INV502999,2025-12-27 00:00:00,CUST1303,Backpack,2,38.47,United Kingdom
INV502999,2025-12-27 00:00:00,CUST1303,Notebook Set,2,7.58,united kingdom
INV502999,2025-12-27 00:00:00,CUST1303,Fitness Band,4,37.11,UAE
INV503898,2025-12-27 00:00:00,CUST1399,Charging Cable,3,6.72,India
INV503898,2025-12-27 00:00:00,CUST1399,Wireless Mouse,3,19.78,India
INV503898,2025-12-27 00:00:00,CUST1399,Notebook Set,3,7.67,India
INV500527,2025-12-28 00:00:00,CUST1047,Mini Tripod,4,14.93,India
INV500527,2025-12-28 00:00:00,CUST1047,Mini Tripod,3,16.61,UAE
INV500527,2025-12-28 00:00:00,CUST1047,Desk Lamp,6,30.14,India
INV503134,2025-12-28 00:00:00,CUST1314,Wireless Mouse,3,28.45,Singapore
INV500471,2025-12-29 00:00:00,CUST1044,Wireless Mouse,3,18.47,India
INV500519,2025-12-29 00:00:00,CUST1047,Backpack,5,52.57,India
INV500519,2025-12-29 00:00:00,CUST1047,Bluetooth Speaker,5,51.47,United Kingdom
INV500791,2025-12-29 00:00:00,CUST1078,HDMI Cable,4,8.14,India
INV500961,2025-12-29 00:00:00,CUST1095,Notebook Set,3,10.67,Singapore
INV501153,2025-12-29 00:00:00,CUST1115,Gaming Mouse Pad,4,17.34,India
INV501153,2025-12-29 00:00:00,CUST1115,Gaming Mouse Pad,2,15.4,Singapore
INV502416,2025-12-29 00:00:00,CUST1245,Headphones,1,62.57,India
INV502416,2025-12-29 00:00:00,CUST1245,Gaming Mouse Pad,1,17.97,United Kingdom
INV503088,2025-12-29 00:00:00,CUST1311,Smartwatch Strap,2,12.26,Singapore
INV503088,2025-12-29 00:00:00,CUST1311,Mechanical Keyboard,2,56.74,India
INV503088,2025-12-29 00:00:00,CUST1311,Charging Cable,2,7.27,UAE
INV500440,2025-12-30 00:00:00,CUST1042,Gaming Mouse Pad,5,23.04,UAE
INV500717,2025-12-30 00:00:00,CUST1070,Notebook Set,3,8.47,Singapore
INV500717,2025-12-30 00:00:00,CUST1070,Laptop Stand,1,34.85,Singapore
INV501361,2025-12-30 00:00:00,CUST1136,Gaming Mouse Pad,4,15.94,India
INV501361,2025-12-30 00:00:00,CUST1136,USB-C Hub,3,32.15,India
INV503630,2025-12-30 00:00:00,CUST1369,Desk Lamp,4,37.09,India
INV500091,2025-12-31 00:00:00,CUST1008,HDMI Cable,3,11.36,India
INV500091,2025-12-31 00:00:00,CUST1008,Laptop Stand,4,41.74,India
INV501094,2025-12-31 00:00:00,CUST1108,Mini Tripod,2,11.1,United Kingdom
INV501094,2025-12-31 00:00:00,CUST1108,Power Bank,3,28.22,India
INV501989,2025-12-31 00:00:00,CUST1198,USB-C Hub,4,38.96,India
INV501989,2025-12-31 00:00:00,CUST1198,Fitness Band,3,39.3,India
INV503564,2025-12-31 00:00:00,CUST1360,Wireless Mouse,1,19.02,India
INV503564,2025-12-31 00:00:00,CUST1360,Fitness Band,2,33.06,United Kingdom
INV503564,2025-12-31 00:00:00,CUST1360,Fitness Band,2,36.23,India
INV500900,2026-01-01 00:00:00,CUST1089,Bluetooth Speaker,5,44.77,India
INV501242,2026-01-01 00:00:00,CUST1127,Notebook Set,2,9.95,United Kingdom
INV501591,2026-01-01 00:00:00,CUST1161,Gaming Mouse Pad,6,19.42,UAE
INV502955,2026-01-01 00:00:00,CUST1299,Phone Case,5,14.21,Singapore
INV502955,2026-01-01 00:00:00,CUST1299,Mini Tripod,5,18.19,Singapore
INV502955,2026-01-01 00:00:00,CUST1299,Wireless Mouse,5,29.65,India
INV503857,2026-01-01 00:00:00,CUST1395,Wireless Mouse,5,22.1,Singapore
INV503857,2026-01-01 00:00:00,CUST1395,Webcam,3,56.18,Singapore
INV501090,2026-01-02 00:00:00,CUST1108,Gaming Mouse Pad,4,15.8,UAE
INV501090,2026-01-02 00:00:00,CUST1108,Smartwatch Strap,3,12.56,India
INV501918,2026-01-02 00:00:00,CUST1191,Gaming Mouse Pad,1,17.97,India
INV501918,2026-01-02 00:00:00,CUST1191,Webcam,1,46.28,India
INV501918,2026-01-02 00:00:00,CUST1191,Bluetooth Speaker,4,44.85,United Kingdom
INV502695,2026-01-02 00:00:00,CUST1275,Charging Cable,4,8.23,UAE
INV502695,2026-01-02 00:00:00,CUST1275,Power Bank,4,32.25,Singapore
INV502695,2026-01-02 00:00:00,CUST1275,Headphones,6,61.03,India
INV503905,2026-01-02 00:00:00,CUST1400,Laptop Stand,4,26.26,UAE
INV503905,2026-01-02 00:00:00,CUST1400,Smartwatch Strap,2,10.96,Singapore
INV503905,2026-01-02 00:00:00,CUST1400,Desk Lamp,2,20.66,UAE
INV503912,2026-01-02 00:00:00,CUST1400,Backpack,2,33.81,India
INV503912,2026-01-02 00:00:00,CUST1400,Laptop Stand,2,31.05,India
INV500516,2026-01-03 00:00:00,CUST1047,Webcam,5,62.67,India
INV500516,2026-01-03 00:00:00,CUST1047,Charging Cable,6,8.92,India
INV500516,2026-01-03 00:00:00,CUST1047,Notebook Set,4,10.55,UAE
INV500786,2026-01-03 00:00:00,CUST1077,Power Bank,2,33.25,India
INV500786,2026-01-03 00:00:00,CUST1077,Headphones,1,52.07,India
INV500786,2026-01-03 00:00:00,CUST1077,Water Bottle,3,14.68,India
INV501109,2026-01-03 00:00:00,CUST1109,Phone Case,1,11.7,India
INV501109,2026-01-03 00:00:00,CUST1109,Phone Case,4,11.22,UAE
INV501351,2026-01-03 00:00:00,CUST1135,Charging Cable,3,8.33,India
INV501351,2026-01-03 00:00:00,CUST1135,Gaming Mouse Pad,6,18.33,UAE
INV501764,2026-01-03 00:00:00,CUST1177,Smartwatch Strap,3,0.0,United Kingdom
INV501764,2026-01-03 00:00:00,CUST1177,Fitness Band,5,51.64,United Kingdom
INV501791,2026-01-03 00:00:00,CUST1178,Bluetooth Speaker,3,42.95,India
INV501968,2026-01-03 00:00:00,CUST1197,Portable SSD,3,73.94,United Kingdom
INV500544,2026-01-04 00:00:00,CUST1048,Mini Tripod,1,12.01,Singapore
INV500544,2026-01-04 00:00:00,CUST1048,Portable SSD,4,89.14,Singapore
INV502247,2026-01-04 00:00:00,CUST1227,Wireless Mouse,1,14.18,Singapore
INV502247,2026-01-04 00:00:00,CUST1227,USB-C Hub,2,23.47,India
INV503068,2026-01-04 00:00:00,CUST1309,USB-C Hub,3,24.84,India
INV503086,2026-01-04 00:00:00,CUST1311,HDMI Cable,2,10.36,Singapore
INV503086,2026-01-04 00:00:00,CUST1311,Wireless Mouse,1,19.25,UAE
INV503086,2026-01-04 00:00:00,CUST1311,Portable SSD,1,102.59,UAE
INV503752,2026-01-04 00:00:00,CUST1384,Portable SSD,2,101.26,UAE
INV503752,2026-01-04 00:00:00,CUST1384,Fitness Band,4,33.24,Singapore
INV503752,2026-01-04 00:00:00,CUST1384,Mini Tripod,1,13.18,India
INV500891,2026-01-05 00:00:00,CUST1089,Smartwatch Strap,2,14.54,India
INV500917,2026-01-05 00:00:00,CUST1090,HDMI Cable,2,12.68,Singapore
INV500917,2026-01-05 00:00:00,CUST1090,Webcam,2,66.19,India
INV500917,2026-01-05 00:00:00,CUST1090,Portable SSD,6,138.45,India
INV500984,2026-01-05 00:00:00,CUST1096,Webcam,1,43.21,India
INV500984,2026-01-05 00:00:00,CUST1096,Notebook Set,1,6.53,India
INV501097,2026-01-05 00:00:00,CUST1108,Charging Cable,4,6.71,India
INV501694,2026-01-05 00:00:00,CUST1170,Wireless Mouse,3,26.54,India
INV501694,2026-01-05 00:00:00,CUST1170,Desk Lamp,5,32.06,India
INV501694,2026-01-05 00:00:00,CUST1170,Charging Cable,2,9.21,uae
INV501811,2026-01-05 00:00:00,CUST1180,USB-C Hub,4,27.55,India
INV501811,2026-01-05 00:00:00,CUST1180,Headphones,3,47.19,India
INV501811,2026-01-05 00:00:00,CUST1180,Mechanical Keyboard,3,55.39,United Kingdom
INV502038,2026-01-05 00:00:00,CUST1203,Webcam,1,37.41,India
INV502038,2026-01-05 00:00:00,CUST1203,Wireless Mouse,1,16.41,India
INV502365,2026-01-05 00:00:00,CUST1238,Phone Case,4,12.48,India
INV502420,2026-01-05 00:00:00,CUST1247,Backpack,1,41.64,India
INV502613,2026-01-05 00:00:00,CUST1266,Gaming Mouse Pad,1,14.23,India
INV502613,2026-01-05 00:00:00,CUST1266,Notebook Set,3,6.18,India
INV502853,2026-01-05 00:00:00,CUST1289,Laptop Stand,2,35.11,India
INV502853,2026-01-05 00:00:00,CUST1289,Mechanical Keyboard,4,67.96,India
INV503340,2026-01-05 00:00:00,CUST1338,Mini Tripod,3,10.66,India
INV500494,2026-01-06 00:00:00,CUST1046,Power Bank,1,34.13,UAE
INV500494,2026-01-06 00:00:00,CUST1046,Desk Lamp,3,30.37,India
INV500494,2026-01-06 00:00:00,CUST1046,Desk Lamp,3,30.24,India
INV500738,2026-01-06 00:00:00,CUST1073,USB-C Hub,4,32.23,UAE
INV500797,2026-01-06 00:00:00,CUST1078,Wireless Mouse,4,16.91,India
INV500797,2026-01-06 00:00:00,CUST1078,Desk Lamp,2,21.92,India
INV501339,2026-01-06 00:00:00,CUST1134,Desk Lamp,3,26.34,United Kingdom
INV501339,2026-01-06 00:00:00,CUST1134,Mechanical Keyboard,1,62.23,UAE
INV501339,2026-01-06 00:00:00,CUST1134,Webcam,4,44.4,India
INV501540,2026-01-06 00:00:00,CUST1155,Laptop Stand,6,45.83,United Kingdom
INV501540,2026-01-06 00:00:00,CUST1155,HDMI Cable,2,12.85,India
INV502002,2026-01-06 00:00:00,CUST1199,HDMI Cable,4,7.28,India
INV502698,2026-01-06 00:00:00,CUST1275,Fitness Band,5,43.91,Singapore
INV502698,2026-01-06 00:00:00,CUST1275,Desk Lamp,6,32.25,India
INV503533,2026-01-06 00:00:00,CUST1358,Headphones,2,48.8,Singapore
INV503533,2026-01-06 00:00:00,CUST1358,Bluetooth Speaker,4,37.64,Singapore
INV503533,2026-01-06 00:00:00,CUST1358,Webcam,2,45.95,Singapore
INV500007,2026-01-07 00:00:00,CUST1002,USB-C Hub,3,34.6,India
INV500007,2026-01-07 00:00:00,CUST1002,Webcam,3,51.68,India
INV500007,2026-01-07 00:00:00,CUST1002,Notebook Set,6,9.39,India
INV501277,2026-01-07 00:00:00,CUST1129,Power Bank,1,31.05,India
INV501277,2026-01-07 00:00:00,CUST1129,Power Bank,2,30.82,India
INV501297,2026-01-08 00:00:00,CUST1131,Desk Lamp,3,23.05,United Kingdom
INV501322,2026-01-08 00:00:00,CUST1132,Portable SSD,5,101.39,Singapore
INV502068,2026-01-08 00:00:00,CUST1206,Laptop Stand,1,36.88,India
INV502370,2026-01-08 00:00:00,CUST1238,Bluetooth Speaker,4,50.9,UAE
INV500395,2026-01-09 00:00:00,CUST1038,Fitness Band,3,31.96,India
INV500395,2026-01-09 00:00:00,CUST1038,Laptop Stand,2,26.17,UAE
INV500501,2026-01-09 00:00:00,CUST1046,HDMI Cable,3,11.04,India
INV500501,2026-01-09 00:00:00,CUST1046,Laptop Stand,2,36.02,India
INV500513,2026-01-09 00:00:00,CUST1047,Mini Tripod,5,17.3,India
INV500513,2026-01-09 00:00:00,CUST1047,Mini Tripod,4,16.51,India
INV500513,2026-01-09 00:00:00,CUST1047,Bluetooth Speaker,2,58.13,UAE
INV500700,2026-01-09 00:00:00,CUST1068,Mini Tripod,6,14.25,UAE
INV500924,2026-01-09 00:00:00,CUST1091,Webcam,2,66.65,India
INV500924,2026-01-09 00:00:00,CUST1091,Mechanical Keyboard,4,79.95,India
INV501002,2026-01-09 00:00:00,CUST1099,Fitness Band,1,30.24,India
INV501002,2026-01-09 00:00:00,CUST1099,Laptop Stand,3,32.29,Singapore
INV501002,2026-01-09 00:00:00,CUST1099,Desk Lamp,4,24.68,Singapore
INV503295,2026-01-09 00:00:00,CUST1332,Fitness Band,1,36.56,India
INV501931,2026-01-10 00:00:00,CUST1192,Wireless Mouse,4,24.38,India
INV501931,2026-01-10 00:00:00,CUST1192,Portable SSD,4,96.31,India
INV501931,2026-01-10 00:00:00,CUST1192,Headphones,3,62.58,India
INV502631,2026-01-10 00:00:00,CUST1269,HDMI Cable,2,7.77,India
INV502631,2026-01-10 00:00:00,CUST1269,Fitness Band,3,29.07,India
INV503161,2026-01-10 00:00:00,CUST1319,Backpack,1,31.57,India
INV503161,2026-01-10 00:00:00,CUST1319,HDMI Cable,3,8.15,India
INV503161,2026-01-10 00:00:00,CUST1319,Fitness Band,2,28.03,Singapore
INV503639,2026-01-10 00:00:00,CUST1370,Desk Lamp,4,22.53,India
INV503666,2026-01-10 00:00:00,CUST1375,Smartwatch Strap,1,14.11,United Kingdom
INV503666,2026-01-10 00:00:00,CUST1375,Fitness Band,1,38.27,India
INV503666,2026-01-10 00:00:00,CUST1375,Webcam,4,50.29,India
INV501907,2026-01-11 00:00:00,CUST1190,Water Bottle,1,15.05,Singapore
INV501907,2026-01-11 00:00:00,CUST1190,Notebook Set,2,8.19,India
INV501907,2026-01-11 00:00:00,CUST1190,Portable SSD,3,94.2,India
INV500330,2026-01-12 00:00:00,CUST1028,Backpack,3,58.25,United Kingdom
INV500330,2026-01-12 00:00:00,CUST1028,Charging Cable,2,8.33,India
INV500330,2026-01-12 00:00:00,CUST1028,HDMI Cable,5,13.31,Singapore
INV500763,2026-01-12 00:00:00,CUST1075,Backpack,3,33.31,India
INV500763,2026-01-12 00:00:00,CUST1075,Portable SSD,3,73.61,Singapore
INV500784,2026-01-12 00:00:00,CUST1077,Water Bottle,2,14.77,India
INV500855,2026-01-12 00:00:00,CUST1085,HDMI Cable,1,8.19,India
INV500855,2026-01-12 00:00:00,CUST1085,HDMI Cable,2,7.49,India
INV500855,2026-01-12 00:00:00,CUST1085,Webcam,3,44.84,India
INV502595,2026-01-12 00:00:00,CUST1264,Gaming Mouse Pad,4,17.81,India
INV503019,2026-01-12 00:00:00,CUST1305,Notebook Set,3,11.15,UAE
INV503171,2026-01-12 00:00:00,CUST1320,HDMI Cable,2,9.12,Singapore
INV503171,2026-01-12 00:00:00,CUST1320,Portable SSD,2,95.13,India
INV503200,2026-01-12 00:00:00,CUST1323,Wireless Mouse,3,18.98,Singapore
INV503200,2026-01-12 00:00:00,CUST1323,Portable SSD,2,89.21,United Kingdom
INV503200,2026-01-12 00:00:00,CUST1323,Charging Cable,1,7.19,India
INV503360,2026-01-12 00:00:00,CUST1340,Desk Lamp,2,28.76,UAE
INV503438,2026-01-12 00:00:00,CUST1348,Mechanical Keyboard,3,53.32,India
INV503438,2026-01-12 00:00:00,CUST1348,Notebook Set,3,6.4,India
INV503669,2026-01-12 00:00:00,CUST1375,Bluetooth Speaker,2,48.25,Singapore
INV503669,2026-01-12 00:00:00,CUST1375,Backpack,1,47.55,UAE
INV503669,2026-01-12 00:00:00,CUST1375,Notebook Set,3,9.06,United Kingdom
INV503834,2026-01-12 00:00:00,CUST1392,Mini Tripod,3,9.81,India
INV503886,2026-01-12 00:00:00,CUST1397,Smartwatch Strap,1,14.05,India
INV503886,2026-01-12 00:00:00,CUST1397,USB-C Hub,3,33.8,India
CINV500146,2026-01-13 00:00:00,CUST1011,Phone Case,-3,9.58,UAE
INV500146,2026-01-13 00:00:00,CUST1011,Gaming Mouse Pad,4,18.13,India
INV500146,2026-01-13 00:00:00,,Water Bottle,2,14.16,India
INV500762,2026-01-13 00:00:00,CUST1075,Power Bank,3,23.37,India
INV500762,2026-01-13 00:00:00,CUST1075,Gaming Mouse Pad,2,12.05,India
INV501253,2026-01-13 00:00:00,CUST1127,Webcam,2,66.95,India
INV501253,2026-01-13 00:00:00,CUST1127,Phone Case,6,13.66,UAE
INV501253,2026-01-13 00:00:00,CUST1127,Wireless Mouse,6,27.27,UAE
INV502460,2026-01-13 00:00:00,CUST1251,HDMI Cable,3,8.66,India
INV502460,2026-01-13 00:00:00,CUST1251,Notebook Set,2,8.15,UAE
INV502497,2026-01-13 00:00:00,CUST1255,Power Bank,2,28.76,United Kingdom
INV502497,2026-01-13 00:00:00,CUST1255,Headphones,4,62.28,United Kingdom
INV502497,2026-01-13 00:00:00,CUST1255,Fitness Band,3,41.94,India
INV503609,2026-01-13 00:00:00,CUST1367,Smartwatch Strap,3,13.79,India
INV503609,2026-01-13 00:00:00,CUST1367,Notebook Set,2,8.94,UAE
INV503609,2026-01-13 00:00:00,CUST1367,Smartwatch Strap,4,14.82,Singapore
INV503904,2026-01-13 00:00:00,CUST1400,HDMI Cable,1,8.58,India
INV503904,2026-01-13 00:00:00,CUST1400,Backpack,2,35.15,India
INV503904,2026-01-13 00:00:00,CUST1400,Desk Lamp,4,20.14,India
INV500690,2026-01-14 00:00:00,CUST1068,Smartwatch Strap,5,14.01,United Kingdom
INV500870,2026-01-14 00:00:00,CUST1086,Smartwatch Strap,3,12.59,India
INV500870,2026-01-14 00:00:00,CUST1086,Mechanical Keyboard,1,46.72,UAE
INV501345,2026-01-14 00:00:00,CUST1135,Mini Tripod,4,13.98,Singapore
INV501844,2026-01-14 00:00:00,CUST1184,HDMI Cable,5,12.46,UAE
INV502050,2026-01-14 00:00:00,CUST1205,USB-C Hub,4,37.23,United Kingdom
INV502050,2026-01-14 00:00:00,CUST1205,Bluetooth Speaker,2,49.93,Singapore
INV502139,2026-01-14 00:00:00,CUST1213,Gaming Mouse Pad,2,15.14,Singapore
INV502339,2026-01-14 00:00:00,CUST1236,Desk Lamp,5,39.92,India
INV502339,2026-01-14 00:00:00,CUST1236,Desk Lamp,3,39.63,India
INV502496,2026-01-14 00:00:00,CUST1254,Water Bottle,2,13.92,Singapore
INV502590,2026-01-14 00:00:00,CUST1263,Laptop Stand,4,37.95,India
INV503597,2026-01-14 00:00:00,CUST1365,Laptop Stand,1,32.97,India
INV503621,2026-01-14 00:00:00,CUST1369,Power Bank,3,41.89,India
INV503621,2026-01-14 00:00:00,CUST1369,Desk Lamp,2,36.37,United Kingdom
INV503621,2026-01-14 00:00:00,CUST1369,USB-C Hub,5,39.33,Singapore
INV500872,2026-01-15 00:00:00,CUST1087,Notebook Set,3,8.26,India
INV500995,2026-01-15 00:00:00,CUST1097,Mechanical Keyboard,3,54.5,India
INV501876,2026-01-15 00:00:00,CUST1187,Mini Tripod,3,11.41,India
INV501876,2026-01-15 00:00:00,CUST1187,Laptop Stand,1,36.97,Singapore
INV501876,2026-01-15 00:00:00,CUST1187,Mini Tripod,4,11.48,UAE
INV503570,2026-01-15 00:00:00,CUST1360,Mini Tripod,4,12.8,United Kingdom
INV503570,2026-01-15 00:00:00,CUST1360,Backpack,2,39.48,India
CINV503805,2026-01-15 00:00:00,CUST1388,Backpack,-2,40.19,UAE
INV503805,2026-01-15 00:00:00,CUST1388,Mini Tripod,3,10.77,India
INV503805,2026-01-15 00:00:00,CUST1388,Webcam,2,39.54,India
INV502088,2026-01-16 00:00:00,CUST1208,Fitness Band,5,36.77,India
INV502088,2026-01-16 00:00:00,CUST1208,USB-C Hub,5,32.29,India
INV502131,2026-01-16 00:00:00,CUST1212,Notebook Set,2,6.5,India
INV502156,2026-01-16 00:00:00,CUST1215,Portable SSD,2,76.92,India
INV500257,2026-01-17 00:00:00,CUST1023,Mechanical Keyboard,3,62.21,India
INV500257,2026-01-17 00:00:00,CUST1023,Wireless Mouse,4,24.17,United Kingdom
INV500257,2026-01-17 00:00:00,CUST1023,Gaming Mouse Pad,2,17.69,India
INV500523,2026-01-17 00:00:00,CUST1047,Headphones,6,62.4,India
INV500661,2026-01-17 00:00:00,CUST1065,Gaming Mouse Pad,4,17.2,India
INV500661,2026-01-17 00:00:00,CUST1065,Webcam,1,46.64,India
INV500661,2026-01-17 00:00:00,CUST1065,Desk Lamp,2,27.43,UAE
INV501250,2026-01-17 00:00:00,CUST1127,Webcam,4,69.25,UAE
INV501250,2026-01-17 00:00:00,CUST1127,Smartwatch Strap,6,18.27,India
INV501250,2026-01-17 00:00:00,CUST1127,HDMI Cable,5,12.68,India
INV502520,2026-01-17 00:00:00,,Desk Lamp,4,36.0,India
INV502520,2026-01-17 00:00:00,CUST1257,Mechanical Keyboard,6,72.75,India
INV502520,2026-01-17 00:00:00,CUST1257,Backpack,5,50.7,Singapore
INV502975,2026-01-17 00:00:00,CUST1300,Phone Case,3,8.93,United Kingdom
INV502975,2026-01-17 00:00:00,CUST1300,Mini Tripod,4,10.97,India
INV503488,2026-01-17 00:00:00,CUST1354,Backpack,2,53.14,India
INV503488,2026-01-17 00:00:00,CUST1354,Power Bank,5,40.5,India
INV503488,2026-01-17 00:00:00,CUST1354,Water Bottle,5,21.2,United Kingdom
INV503709,2026-01-17 00:00:00,CUST1378,HDMI Cable,4,9.27,India
INV503709,2026-01-17 00:00:00,CUST1378,Phone Case,4,10.25,Singapore
INV503709,2026-01-17 00:00:00,CUST1378,Bluetooth Speaker,2,42.82,India
INV503738,2026-01-17 00:00:00,CUST1382,Wireless Mouse,2,18.07,India
INV503738,2026-01-17 00:00:00,CUST1382,HDMI Cable,4,9.06,Singapore
INV503738,2026-01-17 00:00:00,CUST1382,Laptop Stand,3,32.59,UAE
INV500436,2026-01-18 00:00:00,CUST1042,Phone Case,2,15.1,India
INV501870,2026-01-18 00:00:00,CUST1186,Backpack,2,40.82,India
INV501870,2026-01-18 00:00:00,CUST1186,Water Bottle,4,16.4,India
INV501870,2026-01-18 00:00:00,CUST1186,Water Bottle,3,14.49,United Kingdom
INV502671,2026-01-18 00:00:00,CUST1273,Headphones,2,47.39,India
INV503041,2026-01-18 00:00:00,CUST1306,Fitness Band,3,39.85,Singapore
INV503041,2026-01-18 00:00:00,CUST1306,Backpack,3,44.9,India
INV503041,2026-01-18 00:00:00,CUST1306,Power Bank,5,38.36,United Kingdom
INV503055,2026-01-18 00:00:00,CUST1307,Wireless Mouse,1,17.04,Singapore
INV503055,2026-01-18 00:00:00,CUST1307,Phone Case,3,10.3,India
INV503698,2026-01-18 00:00:00,CUST1377,Bluetooth Speaker,1,39.33,India
INV503698,2026-01-18 00:00:00,CUST1377,Power Bank,2,23.78,India
INV503698,2026-01-18 00:00:00,CUST1377,Portable SSD,3,84.19,United Kingdom
INV500293,2026-01-19 00:00:00,CUST1026,Phone Case,3,11.13,United Kingdom
INV500659,2026-01-19 00:00:00,CUST1064,Desk Lamp,2,22.12,Singapore
INV500659,2026-01-19 00:00:00,CUST1064,Phone Case,3,8.67,India
INV500987,2026-01-19 00:00:00,CUST1096,Desk Lamp,3,22.14,UAE
INV502374,2026-01-19 00:00:00,CUST1239,Laptop Stand,2,30.69,India
INV500040,2026-01-20 00:00:00,CUST1004,Fitness Band,1,32.08,United Kingdom
INV500040,2026-01-20 00:00:00,CUST1004,Webcam,3,45.41,UAE
INV500914,2026-01-20 00:00:00,CUST1090,Wireless Mouse,3,26.31,United Kingdom
INV500914,2026-01-20 00:00:00,CUST1090,Laptop Stand,2,43.69,India
INV501437,2026-01-20 00:00:00,CUST1143,Backpack,4,44.35,India
INV501437,2026-01-20 00:00:00,CUST1143,USB-C Hub,2,31.36,India
INV501437,2026-01-20 00:00:00,CUST1143,USB-C Hub,3,36.49,India
INV501446,2026-01-20 00:00:00,CUST1144,Laptop Stand,4,29.45,UAE
INV501446,2026-01-20 00:00:00,CUST1144,Desk Lamp,1,21.16,India
INV501446,2026-01-20 00:00:00,CUST1144,Bluetooth Speaker,4,38.27,India
INV502296,2026-01-20 00:00:00,CUST1231,Laptop Stand,4,38.71,India
INV502296,2026-01-20 00:00:00,CUST1231,Phone Case,6,13.82,India
INV502538,2026-01-20 00:00:00,CUST1258,Fitness Band,4,32.21,United Kingdom
INV502538,2026-01-20 00:00:00,CUST1258,Charging Cable,1,5.84,India
INV502768,2026-01-20 00:00:00,CUST1280,Bluetooth Speaker,3,42.86,India
INV502768,2026-01-20 00:00:00,CUST1280,Mini Tripod,2,11.44,India
INV503062,2026-01-20 00:00:00,CUST1308,HDMI Cable,4,8.44,India
INV503464,2026-01-20 00:00:00,CUST1351,Webcam,3,43.25,India
INV503700,2026-01-20 00:00:00,CUST1378,Desk Lamp,3,23.67,India
INV503700,2026-01-20 00:00:00,CUST1378,Bluetooth Speaker,3,41.24,India
INV503700,2026-01-20 00:00:00,CUST1378,Desk Lamp,2,27.45,India
INV503718,2026-01-20 00:00:00,CUST1379,Bluetooth Speaker,3,39.25,UAE
INV503718,2026-01-20 00:00:00,CUST1379,Power Bank,4,26.2,India
INV503731,2026-01-20 00:00:00,CUST1381,USB-C Hub,2,27.33,Singapore
INV503731,2026-01-20 00:00:00,CUST1381,Notebook Set,2,6.67,Singapore
INV500386,2026-01-21 00:00:00,CUST1036,Backpack,1,37.98,Singapore
INV500386,2026-01-21 00:00:00,CUST1036,Gaming Mouse Pad,2,15.26,United Kingdom
INV502468,2026-01-21 00:00:00,CUST1251,Smartwatch Strap,2,12.93,India
INV502822,2026-01-21 00:00:00,CUST1288,Power Bank,4,34.72,Singapore
INV502822,2026-01-21 00:00:00,CUST1288,USB-C Hub,6,35.35,UAE
INV503160,2026-01-21 00:00:00,CUST1319,Webcam,2,37.62,India
INV503160,2026-01-21 00:00:00,CUST1319,Notebook Set,2,6.54,India
INV503356,2026-01-21 00:00:00,CUST1340,Gaming Mouse Pad,1,19.98,India
INV503356,2026-01-21 00:00:00,CUST1340,Fitness Band,2,43.04,United Kingdom
INV503783,2026-01-21 00:00:00,CUST1387,Wireless Mouse,4,30.98,India
INV503783,2026-01-21 00:00:00,CUST1387,Charging Cable,4,8.8,India
INV500500,2026-01-22 00:00:00,CUST1046,Fitness Band,1,42.21,United Kingdom
INV501321,2026-01-22 00:00:00,CUST1132,Bluetooth Speaker,3,49.81,India
INV501321,2026-01-22 00:00:00,CUST1132,Power Bank,2,30.65,India
INV502402,2026-01-22 00:00:00,CUST1243,Wireless Mouse,1,17.3,Singapore
INV502771,2026-01-22 00:00:00,CUST1281,USB-C Hub,2,21.3,India
INV502771,2026-01-22 00:00:00,CUST1281,Charging Cable,1,5.07,UAE
INV500518,2026-01-23 00:00:00,CUST1047,Mechanical Keyboard,2,79.38,Singapore
INV500518,2026-01-23 00:00:00,CUST1047,Water Bottle,2,21.19,Singapore
INV500518,2026-01-23 00:00:00,CUST1047,Wireless Mouse,3,25.98,United Kingdom
INV500777,2026-01-23 00:00:00,CUST1076,HDMI Cable,3,7.81,India
INV500885,2026-01-23 00:00:00,CUST1089,USB-C Hub,5,31.86,India
INV500885,2026-01-23 00:00:00,CUST1089,Bluetooth Speaker,3,46.77,UAE
INV502081,2026-01-23 00:00:00,CUST1207,Backpack,4,46.46,Singapore
INV503591,2026-01-23 00:00:00,CUST1365,USB-C Hub,2,30.15,India
INV503591,2026-01-23 00:00:00,CUST1365,Mini Tripod,2,12.2,India
INV503591,2026-01-23 00:00:00,CUST1365,Mechanical Keyboard,3,57.26,Singapore
INV500226,2026-01-24 00:00:00,CUST1020,Bluetooth Speaker,2,52.7,India
INV500226,2026-01-24 00:00:00,CUST1020,Smartwatch Strap,5,17.35,UAE
INV500226,2026-01-24 00:00:00,CUST1020,Laptop Stand,2,40.6,India
INV501678,2026-01-24 00:00:00,CUST1169,Webcam,1,44.4,India
INV501678,2026-01-24 00:00:00,CUST1169,Wireless Mouse,3,22.24,United Kingdom
INV501777,2026-01-24 00:00:00,CUST1177,Notebook Set,4,11.87,India
INV502505,2026-01-24 00:00:00,CUST1255,Portable SSD,2,103.76,Singapore
INV502505,2026-01-24 00:00:00,CUST1255,Webcam,3,55.4,India
INV502554,2026-01-24 00:00:00,CUST1259,Wireless Mouse,4,19.68,India
INV502554,2026-01-24 00:00:00,CUST1259,Phone Case,3,12.05,India
INV502593,2026-01-24 00:00:00,CUST1264,Power Bank,3,32.44,United Kingdom
INV500959,2026-01-25 00:00:00,CUST1095,USB-C Hub,5,39.47,India
INV500959,2026-01-25 00:00:00,CUST1095,HDMI Cable,4,12.76,India
INV500959,2026-01-25 00:00:00,CUST1095,Charging Cable,6,9.04,India
INV501127,2026-01-25 00:00:00,CUST1112,Portable SSD,4,86.44,India
INV501127,2026-01-25 00:00:00,CUST1112,HDMI Cable,1,8.71,Singapore
INV501139,2026-01-25 00:00:00,CUST1113,Notebook Set,3,7.82,India
INV501139,2026-01-25 00:00:00,CUST1113,Bluetooth Speaker,2,38.34,India
INV501139,2026-01-25 00:00:00,CUST1113,USB-C Hub,1,25.33,UAE
INV502609,2026-01-25 00:00:00,CUST1265,Mini Tripod,2,11.52,India
INV502609,2026-01-25 00:00:00,CUST1265,Mechanical Keyboard,2,57.33,UAE
INV503352,2026-01-25 00:00:00,CUST1339,Gaming Mouse Pad,2,16.45,UAE
INV503352,2026-01-25 00:00:00,CUST1339,Notebook Set,2,7.88,India
INV500073,2026-01-26 00:00:00,CUST1008,Portable SSD,2,97.22,India
INV500740,2026-01-26 00:00:00,CUST1073,Fitness Band,1,33.19,UAE
INV500927,2026-01-26 00:00:00,CUST1091,Backpack,2,49.21,Singapore
INV500927,2026-01-26 00:00:00,CUST1091,Fitness Band,2,43.81,India
INV500927,2026-01-26 00:00:00,CUST1091,Gaming Mouse Pad,5,20.26,India
INV501075,2026-01-26 00:00:00,CUST1107,Gaming Mouse Pad,4,18.28,India
INV501553,2026-01-26 00:00:00,CUST1156,Laptop Stand,1,34.85,India
INV501553,2026-01-26 00:00:00,CUST1156,Fitness Band,1,40.23,India
INV501553,2026-01-26 00:00:00,CUST1156,HDMI Cable,3,11.37,United Kingdom
INV502314,2026-01-26 00:00:00,CUST1233,Power Bank,2,25.17,India
INV502827,2026-01-26 00:00:00,CUST1288,Notebook Set,4,8.94,India
INV502827,2026-01-26 00:00:00,CUST1288,Notebook Set,4,10.06,India
INV503136,2026-01-26 00:00:00,CUST1314,Backpack,2,57.66,United Kingdom
INV503331,2026-01-26 00:00:00,CUST1337,Smartwatch Strap,2,12.73,India
INV503331,2026-01-26 00:00:00,CUST1337,Bluetooth Speaker,4,43.78,India
INV500758,2026-01-27 00:00:00,CUST1074,Water Bottle,3,16.66,India
INV501332,2026-01-27 00:00:00,CUST1134,Portable SSD,3,98.44,United Kingdom
INV501332,2026-01-27 00:00:00,CUST1134,Power Bank,2,32.81,United Kingdom
INV501525,2026-01-27 00:00:00,CUST1153,HDMI Cable,1,8.69,India
INV501852,2026-01-27 00:00:00,CUST1185,Notebook Set,2,8.72,India
INV501852,2026-01-27 00:00:00,CUST1185,Backpack,2,48.86,UAE
INV501852,2026-01-27 00:00:00,,Portable SSD,2,96.96,UAE
INV502720,2026-01-27 00:00:00,CUST1276,Power Bank,3,35.08,Singapore
INV502720,2026-01-27 00:00:00,CUST1276,Notebook Set,4,9.31,India
INV502930,2026-01-27 00:00:00,CUST1298,Desk Lamp,3,34.43,UAE
INV502930,2026-01-27 00:00:00,CUST1298,Mechanical Keyboard,5,76.74,UAE
INV502930,2026-01-27 00:00:00,CUST1298,Power Bank,2,39.85,UAE
INV502950,2026-01-27 00:00:00,CUST1298,Charging Cable,3,7.83,Singapore
INV502950,2026-01-27 00:00:00,CUST1298,Notebook Set,3,8.87,India
INV502950,2026-01-27 00:00:00,CUST1298,Bluetooth Speaker,3,56.63,India
INV503906,2026-01-27 00:00:00,CUST1400,Headphones,4,46.94,UAE
INV503906,2026-01-27 00:00:00,CUST1400,Charging Cable,1,6.19,UAE
INV503906,2026-01-27 00:00:00,CUST1400,Mechanical Keyboard,3,48.3,United Kingdom
INV500099,2026-01-28 00:00:00,CUST1009,Water Bottle,4,15.47,India
INV500178,2026-01-28 00:00:00,CUST1014,Portable SSD,3,99.45,Singapore
INV500195,2026-01-28 00:00:00,CUST1016,Wireless Mouse,2,16.22,Singapore
INV500195,2026-01-28 00:00:00,CUST1016,USB-C Hub,3,27.69,India
INV500913,2026-01-28 00:00:00,CUST1090,Water Bottle,5,19.38,India
INV501282,2026-01-28 00:00:00,CUST1129,HDMI Cable,1,9.15,UAE
INV501282,2026-01-28 00:00:00,CUST1129,Power Bank,3,31.68,India
INV501970,2026-01-28 00:00:00,CUST1197,Mini Tripod,2,10.96,India
INV503478,2026-01-28 00:00:00,CUST1354,Desk Lamp,4,33.72,United Kingdom
INV503911,2026-01-28 00:00:00,CUST1400,Bluetooth Speaker,1,35.18,India
INV500429,2026-01-29 00:00:00,CUST1042,Laptop Stand,3,47.4,India
INV500760,2026-01-29 00:00:00,CUST1074,Fitness Band,2,36.74,India
CINV503129,2026-01-29 00:00:00,CUST1314,Desk Lamp,-6,37.48,India
INV503212,2026-01-29 00:00:00,CUST1325,Portable SSD,5,140.86,UAE
INV500506,2026-01-30 00:00:00,CUST1046,Headphones,4,55.86,United Kingdom
INV501001,2026-01-30 00:00:00,CUST1099,HDMI Cable,3,8.02,United Kingdom
INV501001,2026-01-30 00:00:00,CUST1099,Mini Tripod,3,10.64,Singapore
INV501001,2026-01-30 00:00:00,CUST1099,Backpack,2,37.3,India
INV501208,2026-01-30 00:00:00,CUST1124,Portable SSD,1,73.53,UAE
INV501430,2026-01-30 00:00:00,CUST1142,Smartwatch Strap,1,8.72,India
INV501430,2026-01-30 00:00:00,CUST1142,Webcam,1,33.92,India
INV501575,2026-01-30 00:00:00,CUST1160,Bluetooth Speaker,1,38.56,India
INV502970,2026-01-30 00:00:00,CUST1299,Charging Cable,4,9.74,India
INV502970,2026-01-30 00:00:00,CUST1299,Mechanical Keyboard,4,73.06,India
INV502970,2026-01-30 00:00:00,CUST1299,Laptop Stand,4,48.97,India
INV503301,2026-01-30 00:00:00,CUST1334,Charging Cable,3,9.1,India
INV503301,2026-01-30 00:00:00,CUST1334,Water Bottle,3,19.07,India
INV503301,2026-01-30 00:00:00,CUST1334,Smartwatch Strap,2,16.91,India
INV503786,2026-01-30 00:00:00,CUST1387,Notebook Set,4,10.22,India
INV500850,2026-01-31 00:00:00,CUST1084,Charging Cable,4,6.11,India
INV500850,2026-01-31 00:00:00,CUST1084,Phone Case,1,9.79,UAE
INV500850,2026-01-31 00:00:00,CUST1084,Webcam,2,39.39,United Kingdom
INV502282,2026-01-31 00:00:00,CUST1231,Notebook Set,6,10.5,India
INV502282,2026-01-31 00:00:00,CUST1231,HDMI Cable,3,11.11,India
INV502423,2026-01-31 00:00:00,CUST1247,Phone Case,1,12.14,India
INV503102,2026-01-31 00:00:00,CUST1313,Backpack,3,40.78,UAE
INV503214,2026-01-31 00:00:00,CUST1325,Mini Tripod,4,19.14,UAE
INV503214,2026-01-31 00:00:00,CUST1325,USB-C Hub,4,42.44,UAE
INV503284,2026-01-31 00:00:00,CUST1332,Wireless Mouse,1,23.48,India
INV503284,2026-01-31 00:00:00,CUST1332,USB-C Hub,2,36.68,UAE
INV503284,2026-01-31 00:00:00,CUST1332,Portable SSD,4,97.27,India
INV503347,2026-01-31 00:00:00,CUST1339,Charging Cable,3,6.95,India
INV500201,2026-02-01 00:00:00,CUST1017,Fitness Band,4,34.74,United Kingdom
INV500340,2026-02-01 00:00:00,CUST1028,Charging Cable,4,9.24,India
INV500340,2026-02-01 00:00:00,CUST1028,Headphones,6,76.79,Singapore
INV500340,2026-02-01 00:00:00,CUST1028,Smartwatch Strap,4,17.4,India
INV500385,2026-02-01 00:00:00,CUST1035,HDMI Cable,1,10.22,India
INV500385,2026-02-01 00:00:00,CUST1035,Power Bank,3,31.7,India
INV500385,2026-02-01 00:00:00,CUST1035,Webcam,4,53.83,India
INV500920,2026-02-01 00:00:00,CUST1091,Charging Cable,6,8.07,India
INV501638,2026-02-01 00:00:00,CUST1166,Mini Tripod,6,17.18,India
INV502291,2026-02-01 00:00:00,CUST1231,HDMI Cable,2,11.12,India
INV502291,2026-02-01 00:00:00,CUST1231,Fitness Band,3,42.82,Singapore
INV502832,2026-02-01 00:00:00,CUST1288,Charging Cable,5,8.89,India
INV502832,2026-02-01 00:00:00,CUST1288,Laptop Stand,6,43.04,India
INV502832,2026-02-01 00:00:00,CUST1288,Bluetooth Speaker,3,50.95,India
INV502960,2026-02-01 00:00:00,CUST1299,Backpack,6,55.83,Singapore
INV502960,2026-02-01 00:00:00,CUST1299,Power Bank,2,41.75,UAE
INV502960,2026-02-01 00:00:00,CUST1299,Backpack,5,53.49,India
INV501008,2026-02-02 00:00:00,CUST1100,Desk Lamp,1,27.36,UAE
INV501008,2026-02-02 00:00:00,CUST1100,Charging Cable,4,6.54,India
INV501008,2026-02-02 00:00:00,CUST1100,Webcam,4,53.54,India
INV501302,2026-02-02 00:00:00,CUST1132,Power Bank,4,32.52,Singapore
INV501302,2026-02-02 00:00:00,CUST1132,USB-C Hub,4,36.81,Singapore
INV501302,2026-02-02 00:00:00,CUST1132,Portable SSD,2,111.48,United Kingdom
INV502233,2026-02-02 00:00:00,CUST1225,Charging Cable,6,9.48,India
INV502838,2026-02-02 00:00:00,CUST1288,Gaming Mouse Pad,4,20.5,India
INV502838,2026-02-02 00:00:00,CUST1288,Wireless Mouse,3,23.31,India
INV503079,2026-02-02 00:00:00,CUST1310,USB-C Hub,1,26.45,United Kingdom
INV503079,2026-02-02 00:00:00,CUST1310,Laptop Stand,1,31.57,India
INV503346,2026-02-02 00:00:00,CUST1339,Bluetooth Speaker,2,41.4,United Kingdom
INV503346,2026-02-02 00:00:00,CUST1339,Desk Lamp,1,24.01,Singapore
INV503346,2026-02-02 00:00:00,CUST1339,USB-C Hub,4,28.07,India
INV503608,2026-02-02 00:00:00,CUST1367,Webcam,4,48.57,UAE
INV503608,2026-02-02 00:00:00,CUST1367,Desk Lamp,1,27.12,Singapore
INV503608,2026-02-02 00:00:00,CUST1367,Webcam,3,48.92,India
INV500140,2026-02-03 00:00:00,CUST1011,Desk Lamp,3,24.93,United Kingdom
INV500140,2026-02-03 00:00:00,CUST1011,Gaming Mouse Pad,4,17.5,India
INV500140,2026-02-03 00:00:00,CUST1011,Portable SSD,1,89.88,UAE
INV500480,2026-02-03 00:00:00,CUST1045,Fitness Band,2,39.62,United Kingdom
INV500480,2026-02-03 00:00:00,CUST1045,Power Bank,5,32.39,India
INV501291,2026-02-03 00:00:00,CUST1131,Desk Lamp,2,24.51,India
INV501291,2026-02-03 00:00:00,CUST1131,Laptop Stand,4,32.07,Singapore
INV501542,2026-02-03 00:00:00,CUST1155,Water Bottle,3,23.75,India
INV501542,2026-02-03 00:00:00,CUST1155,Desk Lamp,6,33.95,India
INV501542,2026-02-03 00:00:00,CUST1155,HDMI Cable,6,12.96,United Kingdom
INV501589,2026-02-03 00:00:00,CUST1161,Water Bottle,2,17.91,United Kingdom
INV501589,2026-02-03 00:00:00,CUST1161,Fitness Band,2,41.13,India
INV501589,2026-02-03 00:00:00,CUST1161,Mini Tripod,3,14.7,United Kingdom
INV501796,2026-02-03 00:00:00,CUST1178,Webcam,1,43.27,UAE
INV502532,2026-02-03 00:00:00,CUST1257,Mini Tripod,6,18.14,India
INV502891,2026-02-03 00:00:00,CUST1293,Wireless Mouse,1,16.0,India
INV502891,2026-02-03 00:00:00,CUST1293,Webcam,2,35.53,UAE
INV503260,2026-02-03 00:00:00,CUST1328,Desk Lamp,1,25.44,Singapore
INV503260,2026-02-03 00:00:00,CUST1328,Webcam,4,41.87,India
INV503351,2026-02-03 00:00:00,CUST1339,Wireless Mouse,2,19.11,United Kingdom
INV503351,2026-02-03 00:00:00,CUST1339,USB-C Hub,3,31.97,UAE
INV503351,2026-02-03 00:00:00,CUST1339,Notebook Set,1,7.43,United Kingdom
INV500376,2026-02-04 00:00:00,CUST1034,Wireless Mouse,2,18.23,India
INV500376,2026-02-04 00:00:00,CUST1034,USB-C Hub,3,27.01,India
INV500376,2026-02-04 00:00:00,CUST1034,Bluetooth Speaker,3,39.64,Singapore
INV500477,2026-02-04 00:00:00,CUST1045,Mini Tripod,6,15.11,UAE
INV500477,2026-02-04 00:00:00,CUST1045,Mechanical Keyboard,6,64.45,India
INV500477,2026-02-04 00:00:00,CUST1045,Mechanical Keyboard,3,70.17,India
INV501029,2026-02-04 00:00:00,CUST1101,Mechanical Keyboard,2,87.07,India
INV501029,2026-02-04 00:00:00,CUST1101,Mechanical Keyboard,2,73.84,India
INV501029,2026-02-04 00:00:00,CUST1101,Bluetooth Speaker,4,53.55,India
INV501154,2026-02-04 00:00:00,CUST1115,Laptop Stand,3,29.18,India
INV501344,2026-02-04 00:00:00,CUST1135,Desk Lamp,5,25.67,UAE
INV501344,2026-02-04 00:00:00,CUST1135,Headphones,6,53.91,India
INV501344,2026-02-04 00:00:00,CUST1135,Mini Tripod,2,13.14,United Kingdom
INV501637,2026-02-04 00:00:00,CUST1166,Mechanical Keyboard,3,75.04,India
INV501703,2026-02-04 00:00:00,CUST1170,Notebook Set,3,10.59,UAE
INV501703,2026-02-04 00:00:00,CUST1170,Webcam,2,64.75,India
INV501766,2026-02-04 00:00:00,CUST1177,Webcam,5,64.29,India
INV501766,2026-02-04 00:00:00,CUST1177,Gaming Mouse Pad,2,23.25,Singapore
INV501766,2026-02-04 00:00:00,CUST1177,USB-C Hub,2,42.74,India
INV503279,2026-02-04 00:00:00,CUST1331,Wireless Mouse,4,17.19,United Kingdom
INV503279,2026-02-04 00:00:00,CUST1331,Backpack,4,35.85,Singapore
INV503279,2026-02-04 00:00:00,CUST1331,HDMI Cable,1,9.07,India
INV500001,2026-02-05 00:00:00,CUST1001,Bluetooth Speaker,3,34.93,United Kingdom
INV500001,2026-02-05 00:00:00,CUST1001,Charging Cable,2,5.69,Singapore
INV500001,2026-02-05 00:00:00,CUST1001,Smartwatch Strap,3,11.46,Singapore
INV500909,2026-02-05 00:00:00,CUST1090,Fitness Band,6,50.28,India
INV500909,2026-02-05 00:00:00,CUST1090,Mini Tripod,6,16.43,India
INV501710,2026-02-05 00:00:00,CUST1170,Charging Cable,6,9.06,India
INV501710,2026-02-05 00:00:00,CUST1170,Wireless Mouse,5,25.45,India
INV501938,2026-02-05 00:00:00,CUST1193,Gaming Mouse Pad,1,16.25,United Kingdom
INV502033,2026-02-05 00:00:00,CUST1203,Backpack,4,32.33,India
INV502033,2026-02-05 00:00:00,CUST1203,Charging Cable,1,5.2,United Kingdom
INV502033,2026-02-05 00:00:00,CUST1203,,1,9.69,India
INV503490,2026-02-05 00:00:00,CUST1354,Charging Cable,5,10.16,India
INV503490,2026-02-05 00:00:00,CUST1354,Power Bank,6,41.32,United Kingdom
INV503558,2026-02-05 00:00:00,CUST1359,Bluetooth Speaker,5,53.57,Singapore
INV503558,2026-02-05 00:00:00,CUST1359,Wireless Mouse,3,24.04,United Kingdom
INV500113,2026-02-06 00:00:00,CUST1010,Backpack,4,56.75,India
INV500113,2026-02-06 00:00:00,CUST1010,Portable SSD,4,130.34,United Kingdom
INV500132,2026-02-06 00:00:00,CUST1010,HDMI Cable,6,10.88,India
INV500132,2026-02-06 00:00:00,CUST1010,Fitness Band,2,42.86,India
INV501231,2026-02-06 00:00:00,CUST1126,Smartwatch Strap,1,12.62,UAE
INV501231,2026-02-06 00:00:00,CUST1126,Charging Cable,3,6.78,Singapore
INV501290,2026-02-06 00:00:00,CUST1131,HDMI Cable,2,8.67,UAE
INV501290,2026-02-06 00:00:00,CUST1131,Power Bank,2,31.56,UAE
INV501290,2026-02-06 00:00:00,CUST1131,Charging Cable,3,7.33,United Kingdom
INV501465,2026-02-06 00:00:00,CUST1145,Bluetooth Speaker,1,39.77,India
INV501465,2026-02-06 00:00:00,CUST1145,Laptop Stand,4,30.29,India
INV501943,2026-02-06 00:00:00,CUST1193,Charging Cable,1,5.83,United Kingdom
INV501943,2026-02-06 00:00:00,CUST1193,Bluetooth Speaker,3,39.96,India
INV501943,2026-02-06 00:00:00,CUST1193,Water Bottle,1,14.91,India
INV502148,2026-02-06 00:00:00,CUST1214,Laptop Stand,4,34.74,India
INV502148,2026-02-06 00:00:00,CUST1214,Portable SSD,4,97.34,India
INV502574,2026-02-06 00:00:00,CUST1262,Bluetooth Speaker,1,38.05,Singapore
INV502574,2026-02-06 00:00:00,CUST1262,Power Bank,4,29.28,Singapore
INV502574,2026-02-06 00:00:00,CUST1262,Smartwatch Strap,1,12.09,Singapore
INV502583,2026-02-06 00:00:00,CUST1263,Notebook Set,1,8.88,India
INV502583,2026-02-06 00:00:00,CUST1263,Desk Lamp,3,29.7,United Kingdom
INV502583,2026-02-06 00:00:00,CUST1263,Gaming Mouse Pad,4,17.27,India
INV500650,2026-02-07 00:00:00,CUST1062,Charging Cable,2,5.28,India
INV500650,2026-02-07 00:00:00,CUST1062,Bluetooth Speaker,3,32.29,UAE
INV500911,2026-02-07 00:00:00,CUST1090,Smartwatch Strap,5,16.96,UAE
INV501228,2026-02-07 00:00:00,CUST1126,Mini Tripod,2,12.22,India
INV501228,2026-02-07 00:00:00,CUST1126,Phone Case,3,9.92,India
INV501228,2026-02-07 00:00:00,CUST1126,HDMI Cable,3,9.68,Singapore
INV501697,2026-02-07 00:00:00,CUST1170,Webcam,2,61.61,India
INV501697,2026-02-07 00:00:00,CUST1170,Phone Case,5,14.41,India
INV501697,2026-02-07 00:00:00,CUST1170,Smartwatch Strap,4,18.41,India
INV502062,2026-02-07 00:00:00,CUST1206,Charging Cable,4,6.79,India
INV502062,2026-02-07 00:00:00,CUST1206,Portable SSD,2,94.91,UAE
INV502128,2026-02-07 00:00:00,CUST1211,Phone Case,4,9.32,UAE
INV502128,2026-02-07 00:00:00,CUST1211,HDMI Cable,4,8.05,India
INV502758,2026-02-07 00:00:00,CUST1279,Wireless Mouse,4,19.7,India
INV502758,2026-02-07 00:00:00,CUST1279,Smartwatch Strap,1,12.54,India
INV502758,2026-02-07 00:00:00,CUST1279,Webcam,2,44.52,United Kingdom
INV502993,2026-02-07 00:00:00,CUST1302,Water Bottle,2,10.98,Singapore
INV503568,2026-02-07 00:00:00,CUST1360,USB-C Hub,4,30.37,Singapore
INV503673,2026-02-07 00:00:00,CUST1376,HDMI Cable,3,11.99,India
INV503673,2026-02-07 00:00:00,CUST1376,Mini Tripod,4,19.01,Singapore
INV500696,2026-02-08 00:00:00,CUST1068,Desk Lamp,2,25.21,India
INV501683,2026-02-08 00:00:00,CUST1169,USB-C Hub,2,31.89,India
INV501683,2026-02-08 00:00:00,CUST1169,Mini Tripod,3,13.47,United Kingdom
INV501683,2026-02-08 00:00:00,CUST1169,Headphones,2,53.43,Singapore
INV502436,2026-02-08 00:00:00,CUST1248,Mechanical Keyboard,2,47.14,India
INV502436,2026-02-08 00:00:00,CUST1248,Laptop Stand,4,29.49,United Kingdom
INV502436,2026-02-08 00:00:00,CUST1248,Fitness Band,1,30.12,Singapore
INV501440,2026-02-09 00:00:00,CUST1143,Desk Lamp,2,27.96,India
INV501537,2026-02-09 00:00:00,CUST1155,USB-C Hub,2,49.46,United Kingdom
INV501839,2026-02-09 00:00:00,CUST1184,Fitness Band,2,46.78,India
INV502077,2026-02-09 00:00:00,CUST1207,Webcam,4,47.59,India
INV502077,2026-02-09 00:00:00,CUST1207,Wireless Mouse,2,20.68,India
INV502426,2026-02-09 00:00:00,CUST1247,Power Bank,4,33.4,Singapore
INV502426,2026-02-09 00:00:00,CUST1247,Wireless Mouse,4,20.14,India
INV502426,2026-02-09 00:00:00,CUST1247,Water Bottle,1,17.51,India
INV502669,2026-02-09 00:00:00,CUST1273,Smartwatch Strap,3,11.75,UAE
INV502669,2026-02-09 00:00:00,CUST1273,Mini Tripod,2,11.43,United Kingdom
INV502785,2026-02-09 00:00:00,CUST1284,Desk Lamp,2,27.32,Singapore
INV502785,2026-02-09 00:00:00,CUST1284,Mechanical Keyboard,2,59.34,United Kingdom
INV502785,2026-02-09 00:00:00,CUST1284,Mechanical Keyboard,2,55.36,United Kingdom
INV500032,2026-02-10 00:00:00,CUST1003,Charging Cable,4,7.06,India
INV500032,2026-02-10 00:00:00,CUST1003,Desk Lamp,3,28.29,India
INV500032,2026-02-10 00:00:00,CUST1003,USB-C Hub,2,36.25,Singapore
INV500694,2026-02-10 00:00:00,CUST1068,Desk Lamp,5,27.24,UAE
INV500694,2026-02-10 00:00:00,CUST1068,Gaming Mouse Pad,4,19.58,India
INV500694,2026-02-10 00:00:00,CUST1068,Water Bottle,2,17.57,United Kingdom
INV501661,2026-02-10 00:00:00,CUST1167,Smartwatch Strap,1,13.26,India
INV501677,2026-02-10 00:00:00,CUST1168,Water Bottle,3,14.81,United Kingdom
INV502895,2026-02-10 00:00:00,CUST1293,Portable SSD,3,75.08,United Kingdom
INV503406,2026-02-10 00:00:00,CUST1344,HDMI Cable,4,8.62,India
INV500599,2026-02-11 00:00:00,CUST1055,Water Bottle,1,12.8,India
INV500599,2026-02-11 00:00:00,CUST1055,Webcam,1,37.13,India
INV501729,2026-02-11 00:00:00,CUST1173,Notebook Set,2,7.7,India
INV501729,2026-02-11 00:00:00,CUST1173,Webcam,4,48.91,United Kingdom
INV501729,2026-02-11 00:00:00,CUST1173,Phone Case,4,10.57,United Kingdom
INV502309,2026-02-11 00:00:00,CUST1232,Wireless Mouse,2,21.01,UAE
INV502309,2026-02-11 00:00:00,CUST1232,Portable SSD,4,82.57,India
INV502309,2026-02-11 00:00:00,CUST1232,Mini Tripod,4,12.39,India
INV502843,2026-02-11 00:00:00,CUST1288,Power Bank,4,33.36,India
INV502843,2026-02-11 00:00:00,CUST1288,Smartwatch Strap,4,15.08,India
INV502843,2026-02-11 00:00:00,CUST1288,Power Bank,2,36.67,India
INV502983,2026-02-11 00:00:00,CUST1301,Bluetooth Speaker,4,34.19,Singapore
INV502983,2026-02-11 00:00:00,CUST1301,Headphones,4,43.9,United Kingdom
INV502983,2026-02-11 00:00:00,CUST1301,HDMI Cable,4,8.23,India
INV503081,2026-02-11 00:00:00,CUST1310,Desk Lamp,4,20.33,UAE
INV503166,2026-02-11 00:00:00,CUST1319,Fitness Band,4,30.98,United Kingdom
INV503396,2026-02-11 00:00:00,CUST1343,USB-C Hub,5,38.79,India
INV503396,2026-02-11 00:00:00,CUST1343,Phone Case,2,12.42,UAE
INV503396,2026-02-11 00:00:00,CUST1343,Wireless Mouse,5,25.6,United Kingdom
INV503684,2026-02-11 00:00:00,CUST1376,Headphones,3,70.94,India
INV503684,2026-02-11 00:00:00,CUST1376,HDMI Cable,2,13.4,United Kingdom
INV500143,2026-02-12 00:00:00,CUST1011,Headphones,4,55.61,UAE
INV500364,2026-02-12 00:00:00,CUST1032,HDMI Cable,1,6.5,India
INV500364,2026-02-12 00:00:00,CUST1032,Charging Cable,2,4.86,India
INV500364,2026-02-12 00:00:00,CUST1032,Mini Tripod,1,10.06,United Kingdom
INV501871,2026-02-12 00:00:00,CUST1186,Headphones,3,52.1,India
INV502057,2026-02-12 00:00:00,CUST1205,USB-C Hub,1,31.15,UAE
INV502057,2026-02-12 00:00:00,CUST1205,Charging Cable,4,7.87,United Kingdom
INV502057,2026-02-12 00:00:00,CUST1205,Gaming Mouse Pad,1,18.71,India
INV502294,2026-02-12 00:00:00,CUST1231,Water Bottle,6,19.25,Singapore
INV502350,2026-02-12 00:00:00,CUST1236,Laptop Stand,2,49.07,United Kingdom
INV502350,2026-02-12 00:00:00,CUST1236,USB-C Hub,6,44.96,India
INV502350,2026-02-12 00:00:00,CUST1236,Charging Cable,5,10.26,India
INV502620,2026-02-12 00:00:00,CUST1267,Backpack,1,41.89,India
INV503263,2026-02-12 00:00:00,CUST1329,Headphones,2,42.74,Singapore
INV503648,2026-02-12 00:00:00,CUST1372,Smartwatch Strap,1,12.97,India
INV502350,2026-02-12 00:00:00,CUST1236,USB-C Hub,6,44.96,India
INV500162,2026-02-13 00:00:00,CUST1013,Mechanical Keyboard,6,66.59,Singapore
INV500162,2026-02-13 00:00:00,CUST1013,Desk Lamp,2,28.68,Singapore
INV500162,2026-02-13 00:00:00,CUST1013,Wireless Mouse,3,23.53,India
INV500630,2026-02-13 00:00:00,CUST1059,Charging Cable,4,6.98,United Kingdom
INV500630,2026-02-13 00:00:00,CUST1059,Bluetooth Speaker,1,42.57,United Kingdom
INV502070,2026-02-13 00:00:00,,Wireless Mouse,1,23.24,India
INV502070,2026-02-13 00:00:00,CUST1206,Webcam,2,56.14,UAE
INV502171,2026-02-13 00:00:00,CUST1217,Bluetooth Speaker,3,37.81,United Kingdom
INV502171,2026-02-13 00:00:00,CUST1217,HDMI Cable,2,9.05,India
INV502181,2026-02-13 00:00:00,CUST1219,Wireless Mouse,4,20.27,UAE
INV502181,2026-02-13 00:00:00,CUST1219,Phone Case,2,10.76,India
INV502181,2026-02-13 00:00:00,CUST1219,HDMI Cable,1,8.38,UAE
INV502283,2026-02-13 00:00:00,CUST1231,Phone Case,4,12.19,India
INV502283,2026-02-13 00:00:00,CUST1231,Phone Case,4,12.6,Singapore
INV502714,2026-02-13 00:00:00,CUST1276,Phone Case,6,14.15,India
INV502766,2026-02-13 00:00:00,CUST1280,Mini Tripod,3,12.28,United Kingdom
INV502780,2026-02-13 00:00:00,CUST1283,Fitness Band,1,24.63,India
INV502780,2026-02-13 00:00:00,CUST1283,Wireless Mouse,2,14.2,India
INV502780,2026-02-13 00:00:00,CUST1283,Desk Lamp,3,19.89,Singapore
INV500141,2026-02-14 00:00:00,CUST1011,Wireless Mouse,4,18.77,UAE
INV500141,2026-02-14 00:00:00,CUST1011,Mini Tripod,2,12.78,United Kingdom
INV500488,2026-02-14 00:00:00,CUST1045,Bluetooth Speaker,4,51.97,UAE
INV502517,2026-02-14 00:00:00,CUST1257,Power Bank,5,43.03,Singapore
INV502517,2026-02-14 00:00:00,CUST1257,Desk Lamp,6,32.69,India
INV502690,2026-02-14 00:00:00,CUST1275,Charging Cable,4,7.83,UAE
INV503238,2026-02-14 00:00:00,CUST1326,Smartwatch Strap,3,13.45,India
INV503238,2026-02-14 00:00:00,CUST1326,Portable SSD,3,88.23,UAE
INV503799,2026-02-14 00:00:00,CUST1387,USB-C Hub,3,47.67,India
INV500008,2026-02-15 00:00:00,CUST1002,Wireless Mouse,6,23.37,India
INV500008,2026-02-15 00:00:00,CUST1002,Water Bottle,4,18.88,Singapore
INV500008,2026-02-15 00:00:00,CUST1002,Headphones,6,66.03,United Kingdom
INV500060,2026-02-15 00:00:00,CUST1005,USB-C Hub,2,21.97,United Kingdom
INV500060,2026-02-15 00:00:00,CUST1005,Laptop Stand,2,25.71,UAE
INV501233,2026-02-15 00:00:00,CUST1126,Water Bottle,1,14.15,UAE
INV501233,2026-02-15 00:00:00,CUST1126,Portable SSD,2,99.62,India
INV502684,2026-02-15 00:00:00,CUST1275,Mechanical Keyboard,4,61.0,India
INV502684,2026-02-15 00:00:00,CUST1275,Power Bank,4,34.51,India
INV502684,2026-02-15 00:00:00,CUST1275,Notebook Set,3,9.11,India
INV503427,2026-02-15 00:00:00,CUST1347,Mini Tripod,1,9.72,India
INV503440,2026-02-15 00:00:00,CUST1348,Charging Cable,2,5.47,Singapore
INV503440,2026-02-15 00:00:00,CUST1348,Desk Lamp,3,22.64,India
INV503440,2026-02-15 00:00:00,CUST1348,HDMI Cable,2,8.02,India
INV503701,2026-02-15 00:00:00,CUST1378,Mini Tripod,1,12.82,Singapore
INV503701,2026-02-15 00:00:00,CUST1378,HDMI Cable,3,9.94,Singapore
INV503701,2026-02-15 00:00:00,CUST1378,Laptop Stand,1,32.14,India
INV500317,2026-02-16 00:00:00,CUST1027,HDMI Cable,4,11.24,UAE
INV500409,2026-02-16 00:00:00,CUST1040,HDMI Cable,3,9.06,Singapore
INV500479,2026-02-16 00:00:00,CUST1045,Mechanical Keyboard,6,75.56,India
INV500479,2026-02-16 00:00:00,CUST1045,Fitness Band,2,44.22,India
INV500479,2026-02-16 00:00:00,CUST1045,Bluetooth Speaker,6,55.29,UAE
INV500942,2026-02-16 00:00:00,CUST1092,Fitness Band,3,30.72,India
INV501515,2026-02-16 00:00:00,CUST1152,Gaming Mouse Pad,3,15.92,Singapore
INV501515,2026-02-16 00:00:00,CUST1152,Charging Cable,1,6.85,India
INV502234,2026-02-16 00:00:00,CUST1225,Backpack,5,53.61,India
INV502234,2026-02-16 00:00:00,CUST1225,Bluetooth Speaker,3,58.17,Singapore
INV503053,2026-02-16 00:00:00,CUST1307,HDMI Cable,4,8.92,UAE
INV503053,2026-02-16 00:00:00,CUST1307,Phone Case,1,9.51,India
INV503140,2026-02-16 00:00:00,CUST1315,Mini Tripod,1,8.37,India
INV500639,2026-02-17 00:00:00,CUST1060,Laptop Stand,2,29.47,India
INV500705,2026-02-17 00:00:00,CUST1069,Portable SSD,4,99.97,India
INV500705,2026-02-17 00:00:00,CUST1069,HDMI Cable,2,9.2,India
INV500823,2026-02-17 00:00:00,CUST1081,Webcam,3,47.88,United Kingdom
INV500823,2026-02-17 00:00:00,CUST1081,Smartwatch Strap,1,12.64,United Kingdom
INV500950,2026-02-17 00:00:00,CUST1094,Phone Case,1,8.85,India
INV500950,2026-02-17 00:00:00,CUST1094,Wireless Mouse,1,16.25,United Kingdom
INV501073,2026-02-17 00:00:00,CUST1107,Fitness Band,4,40.72,India
INV501798,2026-02-17 00:00:00,CUST1178,Backpack,1,36.62,Singapore
INV503043,2026-02-17 00:00:00,CUST1306,Wireless Mouse,2,23.3,United Kingdom
INV503043,2026-02-17 00:00:00,CUST1306,Phone Case,5,13.69,Singapore
INV503251,2026-02-17 00:00:00,CUST1327,Charging Cable,3,6.26,India
INV503251,2026-02-17 00:00:00,CUST1327,HDMI Cable,4,7.71,UAE
INV503251,2026-02-17 00:00:00,CUST1327,Notebook Set,1,7.2,Singapore
INV500424,2026-02-18 00:00:00,CUST1042,Phone Case,4,15.6,United Kingdom
INV500424,2026-02-18 00:00:00,CUST1042,Phone Case,5,14.2,India
INV500424,2026-02-18 00:00:00,CUST1042,Bluetooth Speaker,3,58.08,UAE
INV500522,2026-02-18 00:00:00,CUST1047,Fitness Band,6,45.49,Singapore
INV500669,2026-02-18 00:00:00,CUST1067,HDMI Cable,3,10.38,UAE
INV502926,2026-02-18 00:00:00,CUST1297,Notebook Set,3,9.18,India
INV502926,2026-02-18 00:00:00,CUST1297,Fitness Band,3,43.44,India
INV503423,2026-02-18 00:00:00,CUST1346,Phone Case,3,10.28,India
INV503423,2026-02-18 00:00:00,CUST1346,Bluetooth Speaker,3,39.58,India
INV500896,2026-02-19 00:00:00,CUST1089,Charging Cable,3,7.77,India
INV500896,2026-02-19 00:00:00,CUST1089,,6,29.44,India
INV501018,2026-02-19 00:00:00,CUST1101,USB-C Hub,6,39.8,Singapore
INV501018,2026-02-19 00:00:00,CUST1101,HDMI Cable,4,11.86,India
INV501187,2026-02-19 00:00:00,CUST1120,Notebook Set,2,9.01,United Kingdom
INV501187,2026-02-19 00:00:00,CUST1120,HDMI Cable,4,10.63,India
INV501397,2026-02-19 00:00:00,CUST1140,Charging Cable,2,8.41,India
INV501397,2026-02-19 00:00:00,CUST1140,Notebook Set,2,9.05,India
INV502278,2026-02-19 00:00:00,CUST1231,Charging Cable,4,8.73,Singapore
INV502278,2026-02-19 00:00:00,CUST1231,Backpack,3,54.77,United Kingdom
INV502352,2026-02-19 00:00:00,CUST1237,Water Bottle,3,13.96,UAE
INV502437,2026-02-19 00:00:00,CUST1248,Smartwatch Strap,2,10.76,UAE
INV502437,2026-02-19 00:00:00,CUST1248,Portable SSD,1,83.01,United Kingdom
INV502542,2026-02-19 00:00:00,CUST1258,Power Bank,2,27.08,Singapore
INV502542,2026-02-19 00:00:00,CUST1258,Headphones,2,50.4,India
INV500122,2026-02-20 00:00:00,CUST1010,Water Bottle,2,19.43,India
INV500122,2026-02-20 00:00:00,CUST1010,Desk Lamp,3,33.77,UAE
INV501036,2026-02-20 00:00:00,CUST1101,Desk Lamp,2,35.66,India
INV501205,2026-02-20 00:00:00,CUST1123,Wireless Mouse,2,19.99,India
INV501205,2026-02-20 00:00:00,CUST1123,Mechanical Keyboard,1,59.18,India
INV501592,2026-02-20 00:00:00,CUST1161,Gaming Mouse Pad,4,20.38,Singapore
INV501592,2026-02-20 00:00:00,CUST1161,Wireless Mouse,3,20.92,India
INV501592,2026-02-20 00:00:00,CUST1161,Notebook Set,2,9.74,UAE
INV501763,2026-02-20 00:00:00,CUST1177,Wireless Mouse,2,31.55,India
INV501763,2026-02-20 00:00:00,CUST1177,USB-C Hub,6,45.58,India
INV503831,2026-02-20 00:00:00,CUST1392,Wireless Mouse,1,16.27,UAE
INV500046,2026-02-21 00:00:00,CUST1004,Webcam,4,50.25,India
INV500046,2026-02-21 00:00:00,CUST1004,HDMI Cable,3,9.62,Singapore
INV501737,2026-02-21 00:00:00,CUST1174,Mechanical Keyboard,1,56.58,UAE
INV502136,2026-02-21 00:00:00,CUST1213,HDMI Cable,3,8.66,Singapore
INV503256,2026-02-21 00:00:00,CUST1328,Charging Cable,4,6.67,India
INV503256,2026-02-21 00:00:00,CUST1328,Portable SSD,1,93.05,Singapore
INV503407,2026-02-21 00:00:00,CUST1344,Desk Lamp,4,22.65,India
INV503407,2026-02-21 00:00:00,CUST1344,Mini Tripod,4,12.14,India
INV500085,2026-02-22 00:00:00,CUST1008,HDMI Cable,2,10.19,India
INV500085,2026-02-22 00:00:00,CUST1008,Notebook Set,3,8.62,India
INV500545,2026-02-22 00:00:00,CUST1048,Gaming Mouse Pad,2,14.8,UAE
INV500550,2026-02-22 00:00:00,CUST1049,Mechanical Keyboard,2,48.4,Singapore
INV501070,2026-02-22 00:00:00,CUST1107,Gaming Mouse Pad,6,18.07,India
INV501070,2026-02-22 00:00:00,CUST1107,Mechanical Keyboard,5,67.6,United Kingdom
INV501518,2026-02-22 00:00:00,CUST1153,Mechanical Keyboard,1,50.2,India
INV502948,2026-02-22 00:00:00,CUST1298,Bluetooth Speaker,2,51.01,UAE
INV502948,2026-02-22 00:00:00,CUST1298,USB-C Hub,6,39.69,UAE
INV503856,2026-02-22 00:00:00,CUST1395,Notebook Set,6,9.48,India
INV503856,2026-02-22 00:00:00,CUST1395,Smartwatch Strap,4,15.07,India
INV501028,2026-02-23 00:00:00,CUST1101,Water Bottle,4,19.71,India
INV501028,2026-02-23 00:00:00,CUST1101,Mechanical Keyboard,3,76.68,United Kingdom
INV501028,2026-02-23 00:00:00,CUST1101,Wireless Mouse,3,27.49,Singapore
INV503717,2026-02-23 00:00:00,CUST1379,HDMI Cable,2,8.26,United Kingdom
INV500131,2026-02-24 00:00:00,CUST1010,Fitness Band,3,43.52,India
INV500131,2026-02-24 00:00:00,CUST1010,Notebook Set,4,10.6,Singapore
INV500467,2026-02-24 00:00:00,CUST1044,Gaming Mouse Pad,3,13.84,India
INV500899,2026-02-24 00:00:00,CUST1089,Mini Tripod,5,14.86,India
INV502854,2026-02-24 00:00:00,CUST1289,Backpack,4,44.56,United Kingdom
INV502854,2026-02-24 00:00:00,CUST1289,Backpack,3,43.76,United Kingdom
INV502854,2026-02-24 00:00:00,CUST1289,USB-C Hub,4,30.29,UAE
INV501293,2026-02-25 00:00:00,CUST1131,Power Bank,4,29.35,India
INV501293,2026-02-25 00:00:00,CUST1131,Phone Case,2,10.72,United Kingdom
INV501293,2026-02-25 00:00:00,CUST1131,Power Bank,2,28.45,India
INV501473,2026-02-25 00:00:00,CUST1146,Phone Case,3,12.14,India
INV501654,2026-02-25 00:00:00,CUST1166,USB-C Hub,5,43.9,United Kingdom
INV501654,2026-02-25 00:00:00,CUST1166,Wireless Mouse,5,27.12,India
INV501654,2026-02-25 00:00:00,CUST1166,Desk Lamp,6,37.34,India
INV501850,2026-02-25 00:00:00,CUST1185,Webcam,2,50.45,India
INV501850,2026-02-25 00:00:00,CUST1185,Webcam,2,58.4,UAE
INV503413,2026-02-25 00:00:00,CUST1345,HDMI Cable,1,8.48,India
INV503511,2026-02-25 00:00:00,CUST1356,Smartwatch Strap,3,12.3,UAE
INV503511,2026-02-25 00:00:00,CUST1356,USB-C Hub,3,31.97,India
INV503511,2026-02-25 00:00:00,CUST1356,USB-C Hub,4,32.8,India
INV503668,2026-02-25 00:00:00,CUST1375,Phone Case,1,10.99,UAE
INV503668,2026-02-25 00:00:00,CUST1375,USB-C Hub,4,36.65,India
INV503887,2026-02-25 00:00:00,CUST1397,Mini Tripod,4,12.8,Singapore
INV501046,2026-02-26 00:00:00,CUST1103,USB-C Hub,1,23.73,United Kingdom
INV501046,2026-02-26 00:00:00,CUST1103,Water Bottle,3,11.98,UAE
INV501046,2026-02-26 00:00:00,CUST1103,Headphones,2,39.62,India
INV503455,2026-02-26 00:00:00,CUST1350,Headphones,3,49.72,India
INV503455,2026-02-26 00:00:00,CUST1350,Desk Lamp,2,23.57,Singapore
INV503455,2026-02-26 00:00:00,CUST1350,Smartwatch Strap,3,14.24,India
INV503764,2026-02-26 00:00:00,CUST1385,Mechanical Keyboard,2,60.33,Singapore
INV503764,2026-02-26 00:00:00,CUST1385,Laptop Stand,1,38.73,India
INV500538,2026-02-27 00:00:00,CUST1048,Desk Lamp,3,22.86,India
INV501077,2026-02-27 00:00:00,CUST1107,Mini Tripod,3,14.08,Singapore
INV501142,2026-02-27 00:00:00,CUST1114,Mechanical Keyboard,1,52.12,India
INV501142,2026-02-27 00:00:00,CUST1114,Gaming Mouse Pad,4,15.01,India
INV502039,2026-02-27 00:00:00,CUST1204,Mini Tripod,3,11.1,UAE
INV502039,2026-02-27 00:00:00,CUST1204,Phone Case,4,9.69,India
INV502041,2026-02-27 00:00:00,CUST1204,Wireless Mouse,2,20.39,India
INV502041,2026-02-27 00:00:00,CUST1204,Webcam,1,44.42,United Kingdom
INV502169,2026-02-27 00:00:00,CUST1216,Laptop Stand,2,33.37,India
INV502169,2026-02-27 00:00:00,CUST1216,Headphones,4,59.88,India
INV503399,2026-02-27 00:00:00,CUST1343,Mini Tripod,4,13.84,India
INV503399,2026-02-27 00:00:00,CUST1343,Smartwatch Strap,6,14.85,India
INV503399,2026-02-27 00:00:00,CUST1343,Fitness Band,2,38.13,India
INV503534,2026-02-27 00:00:00,CUST1358,Portable SSD,2,88.08,India
INV500125,2026-02-28 00:00:00,CUST1010,HDMI Cable,4,10.93,Singapore
INV500125,2026-02-28 00:00:00,CUST1010,Gaming Mouse Pad,6,20.48,India
INV500125,2026-02-28 00:00:00,CUST1010,Headphones,6,72.89,India
INV500796,2026-02-28 00:00:00,CUST1078,Power Bank,3,26.89,India
INV500796,2026-02-28 00:00:00,CUST1078,USB-C Hub,3,26.11,India
INV500796,2026-02-28 00:00:00,CUST1078,Portable SSD,4,79.18,United Kingdom
INV500904,2026-02-28 00:00:00,CUST1089,Fitness Band,3,40.99,United Kingdom
INV500904,2026-02-28 00:00:00,CUST1089,Headphones,3,54.23,India
INV500937,2026-02-28 00:00:00,CUST1091,Laptop Stand,2,40.97,India
INV500937,2026-02-28 00:00:00,CUST1091,Headphones,6,71.4,United Kingdom
INV500937,2026-02-28 00:00:00,CUST1091,Backpack,3,50.51,India
INV501334,2026-02-28 00:00:00,CUST1134,Desk Lamp,3,24.46,India
INV501731,2026-02-28 00:00:00,CUST1173,Phone Case,4,9.43,Singapore
INV502099,2026-02-28 00:00:00,CUST1208,Wireless Mouse,4,21.19,UAE
INV502099,2026-02-28 00:00:00,CUST1208,Notebook Set,5,8.83,UAE
INV502431,2026-02-28 00:00:00,CUST1248,Webcam,2,37.4,Singapore
INV502431,2026-02-28 00:00:00,CUST1248,Water Bottle,2,12.23,India
INV502431,2026-02-28 00:00:00,CUST1248,USB-C Hub,4,28.12,India
INV502872,2026-02-28 00:00:00,CUST1291,Mechanical Keyboard,2,67.4,India
INV502872,2026-02-28 00:00:00,CUST1291,USB-C Hub,5,31.07,United Kingdom
INV502872,2026-02-28 00:00:00,CUST1291,Fitness Band,3,38.85,Singapore
INV502897,2026-02-28 00:00:00,CUST1294,Gaming Mouse Pad,3,13.9,India
INV500425,2026-03-01 00:00:00,CUST1042,Charging Cable,5,9.24,India
INV500425,2026-03-01 00:00:00,CUST1042,Webcam,2,74.47,India
INV500425,2026-03-01 00:00:00,CUST1042,Bluetooth Speaker,2,57.99,India
INV500653,2026-03-01 00:00:00,CUST1063,Water Bottle,3,13.01,India
INV501676,2026-03-01 00:00:00,CUST1168,Bluetooth Speaker,1,36.67,India
INV501676,2026-03-01 00:00:00,CUST1168,Bluetooth Speaker,3,41.27,India
INV501676,2026-03-01 00:00:00,CUST1168,Phone Case,1,10.68,United Kingdom
INV502637,2026-03-01 00:00:00,CUST1270,Power Bank,6,35.36,India
INV502742,2026-03-01 00:00:00,CUST1277,Mini Tripod,4,14.63,India
INV503869,2026-03-01 00:00:00,CUST1396,Backpack,1,39.21,Singapore
INV503869,2026-03-01 00:00:00,CUST1396,Notebook Set,1,7.71,India
INV500379,2026-03-02 00:00:00,CUST1035,Power Bank,4,32.98,India
INV500381,2026-03-02 00:00:00,CUST1035,USB-C Hub,2,33.49,India
INV500381,2026-03-02 00:00:00,CUST1035,Laptop Stand,1,35.02,Singapore
INV500381,2026-03-02 00:00:00,CUST1035,HDMI Cable,4,10.85,United Kingdom
INV500397,2026-03-02 00:00:00,CUST1038,Gaming Mouse Pad,1,14.43,India
INV500887,2026-03-02 00:00:00,CUST1089,Backpack,2,46.28,India
INV500887,2026-03-02 00:00:00,CUST1089,Wireless Mouse,6,20.15,India
INV500887,2026-03-02 00:00:00,CUST1089,Wireless Mouse,2,23.34,Singapore
INV501990,2026-03-02 00:00:00,CUST1198,Mini Tripod,5,15.39,India
INV502711,2026-03-02 00:00:00,CUST1276,Gaming Mouse Pad,6,19.81,Singapore
INV503625,2026-03-02 00:00:00,CUST1369,Notebook Set,5,10.64,India
INV503625,2026-03-02 00:00:00,CUST1369,Water Bottle,4,20.02,India
INV503726,2026-03-02 00:00:00,CUST1380,Phone Case,1,9.53,India
INV503726,2026-03-02 00:00:00,CUST1380,Backpack,4,33.82,India
INV500181,2026-03-03 00:00:00,CUST1014,Charging Cable,4,7.88,India
INV500225,2026-03-03 00:00:00,CUST1020,Power Bank,3,40.2,India
INV500225,2026-03-03 00:00:00,CUST1020,Bluetooth Speaker,4,49.44,India
INV503468,2026-03-03 00:00:00,CUST1352,Notebook Set,3,7.01,United Kingdom
INV503468,2026-03-03 00:00:00,CUST1352,HDMI Cable,2,8.6,United Kingdom
INV500211,2026-03-04 00:00:00,CUST1018,Desk Lamp,3,21.22,UAE
INV500547,2026-03-04 00:00:00,CUST1048,Power Bank,2,28.46,India
INV500547,2026-03-04 00:00:00,CUST1048,Power Bank,3,29.26,India
INV501835,2026-03-04 00:00:00,CUST1184,Wireless Mouse,2,29.12,UAE
INV501901,2026-03-04 00:00:00,CUST1189,Mechanical Keyboard,2,59.0,UAE
INV501901,2026-03-04 00:00:00,CUST1189,Gaming Mouse Pad,4,17.75,UAE
INV501901,2026-03-04 00:00:00,CUST1189,Charging Cable,1,6.94,India
INV502302,2026-03-04 00:00:00,CUST1232,Mini Tripod,3,11.75,United Kingdom
INV502302,2026-03-04 00:00:00,CUST1232,Mini Tripod,1,12.99,India
INV502521,2026-03-04 00:00:00,CUST1257,Bluetooth Speaker,6,59.51,United Kingdom
INV502521,2026-03-04 00:00:00,CUST1257,Mechanical Keyboard,5,76.99,UAE
INV502920,2026-03-04 00:00:00,CUST1297,USB-C Hub,2,36.22,UAE
INV502920,2026-03-04 00:00:00,CUST1297,Mini Tripod,2,12.63,India
INV502920,2026-03-04 00:00:00,CUST1297,Phone Case,4,12.81,UAE
INV503015,2026-03-04 00:00:00,CUST1305,Fitness Band,5,44.08,Singapore
INV503675,2026-03-04 00:00:00,CUST1376,Backpack,2,57.37,India
INV503675,2026-03-04 00:00:00,CUST1376,Smartwatch Strap,5,16.73,United Kingdom
INV500496,2026-03-05 00:00:00,CUST1046,Notebook Set,4,9.48,India
INV500496,2026-03-05 00:00:00,CUST1046,Mechanical Keyboard,3,66.63,UAE
INV500496,2026-03-05 00:00:00,CUST1046,Notebook Set,1,8.45,UAE
INV502303,2026-03-05 00:00:00,CUST1232,Smartwatch Strap,4,11.7,United Kingdom
INV502751,2026-03-05 00:00:00,CUST1279,Mini Tripod,4,11.24,India
INV502751,2026-03-05 00:00:00,CUST1279,Mini Tripod,2,11.59,India
INV502751,2026-03-05 00:00:00,CUST1279,Phone Case,1,10.76,United Kingdom
INV502969,2026-03-05 00:00:00,CUST1299,Notebook Set,3,11.67,India
INV502969,2026-03-05 00:00:00,CUST1299,Notebook Set,6,11.67,India
INV502969,2026-03-05 00:00:00,CUST1299,Desk Lamp,4,37.09,India
INV503001,2026-03-05 00:00:00,CUST1303,Water Bottle,3,14.43,India
INV503001,2026-03-05 00:00:00,CUST1303,Headphones,2,47.61,UAE
INV503334,2026-03-05 00:00:00,CUST1337,Notebook Set,1,8.37,United Kingdom
INV503334,2026-03-05 00:00:00,CUST1337,Phone Case,4,10.27,Singapore
INV503367,2026-03-05 00:00:00,CUST1340,Water Bottle,3,15.86,India
INV500255,2026-03-06 00:00:00,CUST1023,USB-C Hub,2,37.21,India
INV500798,2026-03-06 00:00:00,CUST1078,Desk Lamp,4,21.96,India
INV500798,2026-03-06 00:00:00,CUST1078,USB-C Hub,3,24.72,India
CINV501132,2026-03-06 00:00:00,CUST1112,Laptop Stand,-4,29.97,Singapore
INV501803,2026-03-06 00:00:00,CUST1179,Bluetooth Speaker,1,41.26,United Kingdom
INV501803,2026-03-06 00:00:00,CUST1179,Mechanical Keyboard,1,61.02,Singapore
INV503394,2026-03-06 00:00:00,CUST1343,Webcam,3,56.58,India
INV500463,2026-03-07 00:00:00,CUST1044,USB-C Hub,4,27.53,UAE
INV500574,2026-03-07 00:00:00,CUST1052,Water Bottle,3,12.57,United Kingdom
INV500956,2026-03-07 00:00:00,CUST1095,Headphones,6,77.9,India
INV500956,2026-03-07 00:00:00,CUST1095,Phone Case,3,13.45,Singapore
INV501826,2026-03-07 00:00:00,CUST1182,Backpack,3,35.7,India
INV501826,2026-03-07 00:00:00,CUST1182,Portable SSD,2,86.53,India
INV501826,2026-03-07 00:00:00,CUST1182,Mini Tripod,3,11.69,Singapore
INV502306,2026-03-07 00:00:00,CUST1232,Mini Tripod,3,12.44,India
INV502306,2026-03-07 00:00:00,CUST1232,Fitness Band,4,33.71,India
INV502980,2026-03-07 00:00:00,CUST1300,HDMI Cable,4,9.37,United Kingdom
INV502980,2026-03-07 00:00:00,CUST1300,Laptop Stand,2,34.55,Singapore
INV502980,2026-03-07 00:00:00,CUST1300,Desk Lamp,4,25.93,India
INV503250,2026-03-07 00:00:00,CUST1327,HDMI Cable,1,7.63,India
INV503250,2026-03-07 00:00:00,CUST1327,Mini Tripod,1,10.09,United Kingdom
INV503551,2026-03-07 00:00:00,CUST1359,Mechanical Keyboard,6,73.81,India
INV503551,2026-03-07 00:00:00,CUST1359,Portable SSD,3,121.42,India
INV503551,2026-03-07 00:00:00,CUST1359,Mechanical Keyboard,4,67.87,United Kingdom
INV500654,2026-03-08 00:00:00,CUST1063,Backpack,3,31.87,India
INV500654,2026-03-08 00:00:00,CUST1063,Headphones,3,44.79,India
INV500825,2026-03-08 00:00:00,CUST1081,Charging Cable,2,6.46,UAE
INV501669,2026-03-08 00:00:00,CUST1167,Mechanical Keyboard,1,61.73,India
INV501669,2026-03-08 00:00:00,CUST1167,Mini Tripod,2,12.73,United Kingdom
INV500509,2026-03-09 00:00:00,CUST1047,Webcam,6,59.27,India
INV501306,2026-03-09 00:00:00,CUST1132,Mechanical Keyboard,4,69.89,India
INV501306,2026-03-09 00:00:00,CUST1132,Water Bottle,6,18.66,Singapore
INV501562,2026-03-09 00:00:00,CUST1158,Headphones,3,46.12,India
CINV501562,2026-03-09 00:00:00,CUST1158,Mini Tripod,-3,11.65,India
INV501642,2026-03-09 00:00:00,CUST1166,Mini Tripod,5,16.37,India
INV502144,2026-03-09 00:00:00,CUST1214,Mini Tripod,3,11.85,India
INV503239,2026-03-09 00:00:00,CUST1326,Phone Case,1,9.97,UAE
INV503239,2026-03-09 00:00:00,CUST1326,Mini Tripod,2,12.81,United Kingdom
INV503355,2026-03-09 00:00:00,CUST1339,Wireless Mouse,1,18.85,India
INV503355,2026-03-09 00:00:00,CUST1339,Webcam,1,46.09,United Kingdom
INV503355,2026-03-09 00:00:00,CUST1339,Desk Lamp,3,23.75,United Kingdom
INV503696,2026-03-09 00:00:00,CUST1377,Mechanical Keyboard,2,51.55,India
INV503696,2026-03-09 00:00:00,CUST1377,Backpack,2,36.41,United Kingdom
INV501147,2026-03-10 00:00:00,CUST1114,Phone Case,2,9.31,UAE
INV501147,2026-03-10 00:00:00,CUST1114,Mechanical Keyboard,4,58.05,UAE
INV501712,2026-03-10 00:00:00,CUST1170,Webcam,4,66.02,India
INV501712,2026-03-10 00:00:00,CUST1170,Wireless Mouse,2,25.01,India
INV501847,2026-03-10 00:00:00,CUST1184,Smartwatch Strap,4,18.0,India
INV501847,2026-03-10 00:00:00,CUST1184,Headphones,5,69.73,India
INV501847,2026-03-10 00:00:00,CUST1184,Mechanical Keyboard,5,82.04,India
INV502530,2026-03-10 00:00:00,CUST1257,Laptop Stand,5,44.88,India
INV502530,2026-03-10 00:00:00,CUST1257,Fitness Band,4,46.04,Singapore
INV502530,2026-03-10 00:00:00,CUST1257,Webcam,2,65.67,Singapore
INV502650,2026-03-10 00:00:00,CUST1270,Desk Lamp,2,32.98,India
INV503578,2026-03-10 00:00:00,CUST1362,Wireless Mouse,2,21.14,India
INV503578,2026-03-10 00:00:00,CUST1362,Wireless Mouse,2,20.63,India
INV503578,2026-03-10 00:00:00,CUST1362,Headphones,2,55.7,Singapore
INV503868,2026-03-10 00:00:00,CUST1395,Wireless Mouse,6,23.44,UAE
INV503868,2026-03-10 00:00:00,CUST1395,Mini Tripod,5,13.64,India
INV500382,2026-03-11 00:00:00,CUST1035,Charging Cable,1,8.13,United Kingdom
INV500382,2026-03-11 00:00:00,CUST1035,HDMI Cable,1,9.35,UAE
INV500382,2026-03-11 00:00:00,CUST1035,Webcam,1,56.39,Singapore
INV502103,2026-03-11 00:00:00,CUST1208,Portable SSD,5,108.12,India
INV502103,2026-03-11 00:00:00,CUST1208,Laptop Stand,5,35.51,Singapore
INV502103,2026-03-11 00:00:00,CUST1208,Desk Lamp,3,29.21,United Kingdom
INV502466,2026-03-11 00:00:00,CUST1251,Notebook Set,1,7.84,United Kingdom
INV502529,2026-03-11 00:00:00,CUST1257,Water Bottle,4,19.41,UAE
INV502529,2026-03-11 00:00:00,CUST1257,Smartwatch Strap,5,18.39,Singapore
INV502576,2026-03-11 00:00:00,CUST1262,Charging Cable,3,6.64,India
INV500601,2026-03-12 00:00:00,CUST1055,Gaming Mouse Pad,3,14.59,Singapore
INV500601,2026-03-12 00:00:00,CUST1055,Laptop Stand,2,28.31,India
INV500601,2026-03-12 00:00:00,CUST1055,Laptop Stand,1,30.95,India
INV500801,2026-03-12 00:00:00,CUST1079,Wireless Mouse,2,17.11,India
INV500801,2026-03-12 00:00:00,CUST1079,Webcam,3,40.35,United Kingdom
INV501532,2026-03-12 00:00:00,CUST1154,Notebook Set,1,5.73,UAE
INV502000,2026-03-12 00:00:00,CUST1199,Gaming Mouse Pad,4,13.27,India
INV502000,2026-03-12 00:00:00,CUST1199,Laptop Stand,4,26.95,India
INV502441,2026-03-12 00:00:00,CUST1248,Phone Case,1,9.23,united kingdom
INV502441,2026-03-12 00:00:00,CUST1248,Power Bank,4,25.23,United Kingdom
INV502441,2026-03-12 00:00:00,CUST1248,USB-C Hub,3,29.46,United Kingdom
INV503145,2026-03-12 00:00:00,CUST1316,Gaming Mouse Pad,1,15.49,UAE
INV500865,2026-03-13 00:00:00,CUST1086,Portable SSD,1,87.39,India
INV500865,2026-03-13 00:00:00,CUST1086,Charging Cable,2,6.34,India
INV501973,2026-03-13 00:00:00,CUST1198,Wireless Mouse,6,26.42,Singapore
INV501973,2026-03-13 00:00:00,CUST1198,Notebook Set,3,8.87,India
INV501973,2026-03-13 00:00:00,CUST1198,Gaming Mouse Pad,6,20.47,United Kingdom
INV502799,2026-03-13 00:00:00,CUST1285,Notebook Set,2,7.64,Singapore
INV502799,2026-03-13 00:00:00,CUST1285,Power Bank,1,25.8,India
INV503613,2026-03-13 00:00:00,CUST1368,Bluetooth Speaker,3,33.89,UAE
INV503613,2026-03-13 00:00:00,CUST1368,Headphones,2,47.64,India
INV503613,2026-03-13 00:00:00,CUST1368,Charging Cable,2,5.77,UAE
INV503771,2026-03-13 00:00:00,CUST1385,Fitness Band,1,42.33,India
INV501928,2026-03-14 00:00:00,CUST1192,USB-C Hub,3,35.67,UAE
INV501928,2026-03-14 00:00:00,CUST1192,Gaming Mouse Pad,4,17.84,India
INV501928,2026-03-14 00:00:00,CUST1192,Laptop Stand,2,37.18,India
INV502728,2026-03-14 00:00:00,CUST1277,Portable SSD,2,123.91,India
INV502728,2026-03-14 00:00:00,CUST1277,Laptop Stand,5,40.31,India
INV502728,2026-03-14 00:00:00,CUST1277,Gaming Mouse Pad,6,23.47,India
INV502749,2026-03-14 00:00:00,CUST1278,Charging Cable,3,6.06,India
INV502749,2026-03-14 00:00:00,CUST1278,Mini Tripod,3,11.0,Singapore
INV502760,2026-03-14 00:00:00,CUST1279,Mechanical Keyboard,4,60.38,India
INV503294,2026-03-14 00:00:00,CUST1332,Water Bottle,1,15.44,India
INV503294,2026-03-14 00:00:00,CUST1332,USB-C Hub,1,34.5,India
INV503294,2026-03-14 00:00:00,CUST1332,Webcam,1,50.52,United Kingdom
INV503873,2026-03-14 00:00:00,CUST1396,Fitness Band,2,30.7,India
INV500006,2026-03-15 00:00:00,CUST1002,Phone Case,5,11.53,India
INV500081,2026-03-15 00:00:00,CUST1008,Desk Lamp,2,26.96,United Kingdom
INV500081,2026-03-15 00:00:00,CUST1008,Mechanical Keyboard,2,61.55,India
INV500081,2026-03-15 00:00:00,CUST1008,Webcam,4,51.17,India
INV500224,2026-03-15 00:00:00,CUST1020,Mechanical Keyboard,2,68.08,Singapore
INV500224,2026-03-15 00:00:00,CUST1020,Fitness Band,2,41.45,Singapore
INV500442,2026-03-15 00:00:00,CUST1042,Mechanical Keyboard,6,85.73,India
INV500514,2026-03-15 00:00:00,CUST1047,Charging Cable,5,8.7,India
INV500514,2026-03-15 00:00:00,CUST1047,Fitness Band,3,44.42,India
INV500514,2026-03-15 00:00:00,CUST1047,USB-C Hub,6,37.72,Singapore
INV500600,2026-03-15 00:00:00,CUST1055,Bluetooth Speaker,1,33.65,United Kingdom
INV500600,2026-03-15 00:00:00,CUST1055,Smartwatch Strap,1,11.8,United Kingdom
INV500708,2026-03-15 00:00:00,CUST1069,Webcam,4,43.09,India
INV501673,2026-03-15 00:00:00,CUST1168,Portable SSD,2,90.18,India
INV503249,2026-03-15 00:00:00,CUST1327,Power Bank,2,24.7,India
INV503249,2026-03-15 00:00:00,CUST1327,Webcam,3,43.46,India
INV503249,2026-03-15 00:00:00,CUST1327,HDMI Cable,3,7.39,India
INV503476,2026-03-15 00:00:00,CUST1353,Bluetooth Speaker,1,33.87,Singapore
INV503476,2026-03-15 00:00:00,CUST1353,Wireless Mouse,1,16.58,Singapore
INV503476,2026-03-15 00:00:00,CUST1353,Laptop Stand,2,30.19,India
INV503812,2026-03-15 00:00:00,CUST1389,Mechanical Keyboard,2,64.98,Singapore
INV503812,2026-03-15 00:00:00,CUST1389,Webcam,1,45.03,India
INV503812,2026-03-15 00:00:00,CUST1389,Portable SSD,1,100.75,India
INV503249,2026-03-15 00:00:00,CUST1327,Webcam,3,43.46,India
INV501808,2026-03-16 00:00:00,CUST1179,Power Bank,2,31.81,Singapore
INV501808,2026-03-16 00:00:00,CUST1179,HDMI Cable,1,8.44,India
INV502315,2026-03-16 00:00:00,CUST1233,Laptop Stand,1,31.93,UAE
INV502936,2026-03-16 00:00:00,CUST1298,Headphones,6,62.97,India
INV502936,2026-03-16 00:00:00,CUST1298,Mini Tripod,3,16.06,India
INV503313,2026-03-16 00:00:00,CUST1334,Backpack,4,52.08,India
INV500466,2026-03-17 00:00:00,CUST1044,Bluetooth Speaker,1,35.05,India
INV500466,2026-03-17 00:00:00,CUST1044,Water Bottle,3,12.2,United Kingdom
INV500466,2026-03-17 00:00:00,CUST1044,Phone Case,1,9.26,India
INV501232,2026-03-17 00:00:00,CUST1126,Headphones,1,56.43,Singapore
INV501232,2026-03-17 00:00:00,CUST1126,Phone Case,3,11.88,UAE
INV501875,2026-03-17 00:00:00,CUST1186,Gaming Mouse Pad,2,16.6,India
INV501875,2026-03-17 00:00:00,CUST1186,Mini Tripod,3,13.01,India
INV501875,2026-03-17 00:00:00,CUST1186,Charging Cable,4,7.49,India
INV502790,2026-03-17 00:00:00,CUST1285,Headphones,1,53.32,UAE
INV502790,2026-03-17 00:00:00,CUST1285,USB-C Hub,3,27.11,United Kingdom
INV503494,2026-03-17 00:00:00,CUST1354,Mini Tripod,5,15.81,India
INV503494,2026-03-17 00:00:00,CUST1354,Mini Tripod,6,18.16,India
INV500321,2026-03-18 00:00:00,CUST1027,HDMI Cable,2,11.46,India
INV500422,2026-03-18 00:00:00,CUST1042,Desk Lamp,2,38.32,Singapore
INV500422,2026-03-18 00:00:00,CUST1042,Desk Lamp,6,0.0,India
INV500685,2026-03-18 00:00:00,CUST1068,Portable SSD,4,97.56,United Kingdom
INV500685,2026-03-18 00:00:00,CUST1068,Mechanical Keyboard,2,61.86,India
INV500902,2026-03-18 00:00:00,CUST1089,Smartwatch Strap,5,13.22,UAE
INV500902,2026-03-18 00:00:00,CUST1089,Headphones,6,58.46,UAE
INV500902,2026-03-18 00:00:00,CUST1089,Smartwatch Strap,2,13.66,India
INV501316,2026-03-18 00:00:00,CUST1132,Mechanical Keyboard,6,70.68,India
INV501316,2026-03-18 00:00:00,CUST1132,USB-C Hub,5,32.55,UAE
INV501316,2026-03-18 00:00:00,CUST1132,USB-C Hub,4,36.71,India
INV502433,2026-03-18 00:00:00,CUST1248,Wireless Mouse,1,17.98,Singapore
INV502433,2026-03-18 00:00:00,CUST1248,Water Bottle,2,13.66,UAE
INV502534,2026-03-18 00:00:00,CUST1257,Desk Lamp,4,30.79,India
INV502932,2026-03-18 00:00:00,CUST1298,Power Bank,5,36.86,India
INV502932,2026-03-18 00:00:00,CUST1298,Power Bank,3,37.82,United Kingdom
INV502932,2026-03-18 00:00:00,CUST1298,Notebook Set,4,8.84,India
INV503040,2026-03-18 00:00:00,CUST1306,HDMI Cable,5,11.68,India
INV503040,2026-03-18 00:00:00,CUST1306,Mechanical Keyboard,5,68.97,Singapore
INV500039,2026-03-19 00:00:00,CUST1003,Backpack,1,43.1,India
INV500039,2026-03-19 00:00:00,CUST1003,Phone Case,3,10.45,Singapore
INV500039,2026-03-19 00:00:00,CUST1003,Backpack,1,44.87,United Kingdom
INV500714,2026-03-19 00:00:00,CUST1069,Fitness Band,1,37.29,United Kingdom
INV500714,2026-03-19 00:00:00,CUST1069,Notebook Set,4,8.05,India
INV500714,2026-03-19 00:00:00,CUST1069,Wireless Mouse,3,19.78,India
INV501836,2026-03-19 00:00:00,CUST1184,Water Bottle,3,20.15,India
INV501836,2026-03-19 00:00:00,CUST1184,USB-C Hub,4,47.0,India
INV501836,2026-03-19 00:00:00,CUST1184,USB-C Hub,6,42.97,India
INV501843,2026-03-19 00:00:00,CUST1184,Mechanical Keyboard,3,77.42,India
INV503216,2026-03-19 00:00:00,CUST1325,Wireless Mouse,6,29.41,UAE
INV503216,2026-03-19 00:00:00,CUST1325,HDMI Cable,6,12.7,India
INV503216,2026-03-19 00:00:00,CUST1325,Charging Cable,4,9.31,India
INV500319,2026-03-20 00:00:00,CUST1027,Power Bank,4,37.09,India
INV500319,2026-03-20 00:00:00,CUST1027,Water Bottle,5,17.13,India
INV500319,2026-03-20 00:00:00,CUST1027,Gaming Mouse Pad,5,21.97,UAE
INV501538,2026-03-20 00:00:00,CUST1155,Backpack,2,58.96,United Kingdom
INV501538,2026-03-20 00:00:00,CUST1155,Headphones,6,80.61,United Kingdom
INV502809,2026-03-20 00:00:00,CUST1286,Laptop Stand,4,26.01,Singapore
INV502809,2026-03-20 00:00:00,CUST1286,USB-C Hub,3,27.9,UAE
INV503604,2026-03-20 00:00:00,CUST1367,Portable SSD,2,97.86,India
INV503604,2026-03-20 00:00:00,CUST1367,Wireless Mouse,4,20.55,UAE
INV503604,2026-03-20 00:00:00,CUST1367,Laptop Stand,1,35.03,India
INV500802,2026-03-21 00:00:00,CUST1079,Laptop Stand,1,31.16,India
INV501104,2026-03-21 00:00:00,CUST1109,Smartwatch Strap,4,13.98,India
INV503589,2026-03-21 00:00:00,CUST1365,Bluetooth Speaker,3,37.7,India
INV503589,2026-03-21 00:00:00,CUST1365,Notebook Set,2,7.37,United Kingdom
INV503692,2026-03-21 00:00:00,CUST1376,Mini Tripod,4,18.8,Singapore
INV503692,2026-03-21 00:00:00,CUST1376,USB-C Hub,3,45.99,Singapore
INV503692,2026-03-21 00:00:00,CUST1376,Desk Lamp,2,36.47,United Kingdom
INV502026,2026-03-22 00:00:00,CUST1202,Headphones,4,50.31,UAE
INV503561,2026-03-22 00:00:00,CUST1359,Gaming Mouse Pad,4,21.57,India
INV503899,2026-03-22 00:00:00,CUST1399,Portable SSD,3,85.49,United Kingdom
INV503899,2026-03-22 00:00:00,CUST1399,Wireless Mouse,1,18.79,India
INV500137,2026-03-23 00:00:00,CUST1011,Phone Case,1,9.59,India
INV500137,2026-03-23 00:00:00,CUST1011,Backpack,3,42.18,India
INV500137,2026-03-23 00:00:00,CUST1011,Gaming Mouse Pad,3,17.66,India
INV500528,2026-03-23 00:00:00,CUST1047,Phone Case,3,14.18,India
INV500528,2026-03-23 00:00:00,CUST1047,Phone Case,2,14.53,United Kingdom
INV500656,2026-03-23 00:00:00,CUST1063,Desk Lamp,2,21.86,India
INV500656,2026-03-23 00:00:00,CUST1063,Gaming Mouse Pad,1,14.49,India
INV500778,2026-03-23 00:00:00,CUST1076,Wireless Mouse,1,17.74,UAE
INV500778,2026-03-23 00:00:00,CUST1076,Fitness Band,4,29.32,India
INV501243,2026-03-23 00:00:00,CUST1127,Gaming Mouse Pad,4,24.51,United Kingdom
INV501243,2026-03-23 00:00:00,CUST1127,Bluetooth Speaker,5,58.9,India
INV501243,2026-03-23 00:00:00,CUST1127,Power Bank,2,36.66,United Kingdom
INV501416,2026-03-23 00:00:00,CUST1141,Backpack,2,37.78,India
INV501727,2026-03-23 00:00:00,CUST1173,USB-C Hub,4,28.52,India
INV501727,2026-03-23 00:00:00,CUST1173,Phone Case,3,9.48,UAE
INV501727,2026-03-23 00:00:00,CUST1173,Water Bottle,3,13.54,India
INV502122,2026-03-23 00:00:00,CUST1211,Gaming Mouse Pad,3,16.29,India
INV502122,2026-03-23 00:00:00,CUST1211,Charging Cable,2,6.61,India
INV502122,2026-03-23 00:00:00,CUST1211,Power Bank,2,25.75,India
INV500089,2026-03-24 00:00:00,CUST1008,Fitness Band,5,35.95,India
INV500089,2026-03-24 00:00:00,CUST1008,Desk Lamp,2,29.38,Singapore
INV500326,2026-03-24 00:00:00,CUST1028,Headphones,6,70.65,United Kingdom
INV500334,2026-03-24 00:00:00,CUST1028,Fitness Band,4,46.02,India
INV500335,2026-03-24 00:00:00,CUST1028,Gaming Mouse Pad,6,23.48,UAE
INV500335,2026-03-24 00:00:00,CUST1028,Water Bottle,5,18.68,Singapore
INV501426,2026-03-24 00:00:00,CUST1141,Laptop Stand,2,35.38,United Kingdom
INV502752,2026-03-24 00:00:00,CUST1279,Backpack,3,41.22,India
INV502752,2026-03-24 00:00:00,CUST1279,Headphones,4,53.39,UAE
INV502752,2026-03-24 00:00:00,CUST1279,Charging Cable,2,7.22,UAE
INV502929,2026-03-24 00:00:00,CUST1298,Portable SSD,4,114.33,Singapore
INV503323,2026-03-24 00:00:00,CUST1336,Water Bottle,4,13.49,UAE
INV500853,2026-03-25 00:00:00,CUST1085,USB-C Hub,1,28.26,India
INV500853,2026-03-25 00:00:00,CUST1085,Bluetooth Speaker,1,33.58,India
INV500853,2026-03-25 00:00:00,CUST1085,Gaming Mouse Pad,4,15.75,India
INV503300,2026-03-25 00:00:00,CUST1334,Headphones,6,65.62,India
INV503300,2026-03-25 00:00:00,CUST1334,Mini Tripod,2,14.99,India
INV503300,2026-03-25 00:00:00,CUST1334,USB-C Hub,3,35.65,United Kingdom
INV503550,2026-03-25 00:00:00,CUST1359,Laptop Stand,4,46.95,India
INV503550,2026-03-25 00:00:00,CUST1359,Desk Lamp,5,31.25,United Kingdom
INV500127,2026-03-26 00:00:00,CUST1010,Power Bank,6,35.77,UAE
INV500127,2026-03-26 00:00:00,CUST1010,Desk Lamp,6,32.62,United Kingdom
INV500876,2026-03-26 00:00:00,CUST1088,Water Bottle,2,14.35,UAE
INV500876,2026-03-26 00:00:00,CUST1088,Laptop Stand,2,29.74,India
INV500876,2026-03-26 00:00:00,CUST1088,HDMI Cable,3,9.42,India
INV501818,2026-03-26 00:00:00,CUST1180,Water Bottle,3,12.55,United Kingdom
INV501818,2026-03-26 00:00:00,CUST1180,Desk Lamp,3,22.25,India
INV503035,2026-03-26 00:00:00,CUST1306,Power Bank,3,33.87,United Kingdom
INV503354,2026-03-26 00:00:00,CUST1339,Backpack,2,39.12,India
INV503354,2026-03-26 00:00:00,CUST1339,Bluetooth Speaker,4,38.66,India
INV502205,2026-03-27 00:00:00,CUST1221,Portable SSD,3,88.64,UAE
INV502205,2026-03-27 00:00:00,CUST1221,Gaming Mouse Pad,4,16.07,United Kingdom
INV502205,2026-03-27 00:00:00,CUST1221,Charging Cable,4,7.16,Singapore
INV502461,2026-03-27 00:00:00,CUST1251,Portable SSD,3,95.45,India
INV502819,2026-03-27 00:00:00,CUST1287,Wireless Mouse,2,18.07,India
INV502819,2026-03-27 00:00:00,CUST1287,Charging Cable,4,7.41,United Kingdom
INV502819,2026-03-27 00:00:00,CUST1287,Charging Cable,3,6.26,India
INV503874,2026-03-27 00:00:00,CUST1396,Water Bottle,4,15.5,India
INV503874,2026-03-27 00:00:00,CUST1396,Charging Cable,1,7.1,Singapore
INV501411,2026-03-28 00:00:00,CUST1140,Power Bank,2,39.53,India
INV501411,2026-03-28 00:00:00,CUST1140,Mechanical Keyboard,3,65.62,India
INV501411,2026-03-28 00:00:00,CUST1140,USB-C Hub,6,39.85,India
INV502347,2026-03-28 00:00:00,CUST1236,Notebook Set,3,10.53,Singapore
INV502347,2026-03-28 00:00:00,CUST1236,Wireless Mouse,4,26.36,India
INV502347,2026-03-28 00:00:00,CUST1236,Desk Lamp,3,36.47,UAE
INV502598,2026-03-28 00:00:00,CUST1264,Smartwatch Strap,2,14.24,India
INV502598,2026-03-28 00:00:00,CUST1264,Water Bottle,1,18.55,UAE
INV502598,2026-03-28 00:00:00,CUST1264,HDMI Cable,4,10.34,United Kingdom
INV502835,2026-03-28 00:00:00,CUST1288,Mechanical Keyboard,4,66.67,United Kingdom
INV502835,2026-03-28 00:00:00,CUST1288,Bluetooth Speaker,6,56.7,India
INV502835,2026-03-28 00:00:00,CUST1288,Notebook Set,2,9.71,India
INV502954,2026-03-28 00:00:00,CUST1299,Wireless Mouse,2,30.17,India
INV502954,2026-03-28 00:00:00,CUST1299,Headphones,6,73.1,India
INV502954,2026-03-28 00:00:00,CUST1299,Phone Case,5,15.07,India
INV503359,2026-03-28 00:00:00,CUST1340,Power Bank,1,32.04,Singapore
INV503875,2026-03-28 00:00:00,CUST1396,Water Bottle,4,14.61,UAE
INV503875,2026-03-28 00:00:00,CUST1396,Gaming Mouse Pad,2,15.09,India
INV500817,2026-03-29 00:00:00,CUST1080,HDMI Cable,1,7.59,Singapore
INV500817,2026-03-29 00:00:00,CUST1080,USB-C Hub,3,29.49,United Kingdom
INV500817,2026-03-29 00:00:00,CUST1080,Fitness Band,2,33.69,India
INV501563,2026-03-29 00:00:00,CUST1158,Backpack,3,40.45,United Kingdom
INV501993,2026-03-29 00:00:00,CUST1198,Phone Case,4,11.74,UAE
INV501993,2026-03-29 00:00:00,CUST1198,Headphones,2,58.23,India
INV502295,2026-03-29 00:00:00,CUST1231,Wireless Mouse,5,23.6,India
INV502295,2026-03-29 00:00:00,CUST1231,Webcam,2,56.23,United Kingdom
INV502295,2026-03-29 00:00:00,CUST1231,Fitness Band,5,43.86,United Kingdom
INV503482,2026-03-29 00:00:00,CUST1354,Webcam,6,64.88,India
INV503482,2026-03-29 00:00:00,CUST1354,Webcam,5,62.35,UAE
INV503482,2026-03-29 00:00:00,CUST1354,Phone Case,3,13.32,India
INV500142,2026-03-30 00:00:00,CUST1011,Charging Cable,4,6.27,UAE
INV500142,2026-03-30 00:00:00,CUST1011,Smartwatch Strap,1,13.15,UAE
INV500142,2026-03-30 00:00:00,CUST1011,Laptop Stand,2,30.0,India
INV502297,2026-03-30 00:00:00,CUST1231,Webcam,6,57.33,UAE
INV502297,2026-03-30 00:00:00,CUST1231,HDMI Cable,5,12.05,Singapore
INV502297,2026-03-30 00:00:00,CUST1231,Phone Case,2,13.42,India
INV502511,2026-03-30 00:00:00,CUST1256,Charging Cable,2,6.63,UAE
INV502511,2026-03-30 00:00:00,CUST1256,Gaming Mouse Pad,1,15.17,India
INV502724,2026-03-30 00:00:00,CUST1277,Smartwatch Strap,4,16.15,India
INV502994,2026-03-30 00:00:00,CUST1302,Bluetooth Speaker,3,34.2,UAE
INV500108,2026-03-31 00:00:00,CUST1010,HDMI Cable,6,10.68,Singapore
INV500108,2026-03-31 00:00:00,CUST1010,Portable SSD,2,123.4,India
INV500108,2026-03-31 00:00:00,CUST1010,Phone Case,2,13.1,India
INV500443,2026-03-31 00:00:00,CUST1042,Mini Tripod,4,16.28,India
INV500443,2026-03-31 00:00:00,CUST1042,Charging Cable,2,8.9,India
INV500443,2026-03-31 00:00:00,CUST1042,Portable SSD,2,134.07,UAE
INV500756,2026-03-31 00:00:00,CUST1074,Portable SSD,2,107.71,Singapore
INV500756,2026-03-31 00:00:00,CUST1074,Portable SSD,1,96.17,India
INV500756,2026-03-31 00:00:00,CUST1074,HDMI Cable,3,10.13,India
INV501081,2026-03-31 00:00:00,CUST1107,Backpack,5,41.33,India
INV501081,2026-03-31 00:00:00,CUST1107,Desk Lamp,2,26.9,Singapore
INV501081,2026-03-31 00:00:00,CUST1107,Smartwatch Strap,2,14.14,India
INV501412,2026-03-31 00:00:00,CUST1140,Fitness Band,3,41.5,Singapore
INV501412,2026-03-31 00:00:00,CUST1140,Headphones,4,69.68,India
INV501633,2026-03-31 00:00:00,CUST1166,Laptop Stand,3,48.24,Singapore
INV501633,2026-03-31 00:00:00,CUST1166,Notebook Set,3,11.51,United Kingdom
INV502215,2026-03-31 00:00:00,CUST1223,Phone Case,2,9.17,United Kingdom
INV502215,2026-03-31 00:00:00,CUST1223,Wireless Mouse,2,18.18,India
INV502276,2026-03-31 00:00:00,CUST1231,Portable SSD,2,113.88,United Kingdom
INV502276,2026-03-31 00:00:00,CUST1231,Desk Lamp,2,31.08,India
INV502276,2026-03-31 00:00:00,CUST1231,Backpack,2,55.82,India
INV502307,2026-03-31 00:00:00,CUST1232,Gaming Mouse Pad,1,17.54,UAE
INV502307,2026-03-31 00:00:00,CUST1232,Power Bank,4,28.19,India
INV502307,2026-03-31 00:00:00,CUST1232,Mini Tripod,1,11.52,United Kingdom
INV503061,2026-03-31 00:00:00,CUST1308,Charging Cable,4,6.08,India
INV503484,2026-03-31 00:00:00,CUST1354,Phone Case,2,13.02,Singapore
INV503484,2026-03-31 00:00:00,CUST1354,Portable SSD,3,122.18,Singapore
INV503484,2026-03-31 00:00:00,CUST1354,Headphones,3,72.48,India
INV503620,2026-03-31 00:00:00,CUST1369,Fitness Band,3,48.62,UAE
INV500632,2026-04-01 00:00:00,CUST1059,Mini Tripod,1,12.3,India
INV500632,2026-04-01 00:00:00,CUST1059,Fitness Band,2,32.77,UAE
INV501552,2026-04-01 00:00:00,CUST1156,Power Bank,3,31.51,India
INV501552,2026-04-01 00:00:00,CUST1156,Gaming Mouse Pad,2,18.81,India
INV501978,2026-04-01 00:00:00,CUST1198,Notebook Set,2,10.21,Singapore
INV501978,2026-04-01 00:00:00,CUST1198,Power Bank,5,35.68,Singapore
INV503303,2026-04-01 00:00:00,CUST1334,Webcam,4,55.37,UAE
INV503411,2026-04-01 00:00:00,CUST1345,Power Bank,1,26.49,India
INV500307,2026-04-02 00:00:00,CUST1027,Mechanical Keyboard,3,63.93,India
INV500307,2026-04-02 00:00:00,CUST1027,Notebook Set,5,10.32,India
INV500535,2026-04-02 00:00:00,CUST1048,Laptop Stand,3,35.43,India
INV501182,2026-04-02 00:00:00,CUST1119,Desk Lamp,3,18.79,UAE
INV502876,2026-04-02 00:00:00,CUST1291,Webcam,2,50.82,Singapore
INV503467,2026-04-02 00:00:00,CUST1351,Portable SSD,2,86.04,United Kingdom
INV503467,2026-04-02 00:00:00,CUST1351,Mechanical Keyboard,2,49.08,India
INV503761,2026-04-02 00:00:00,CUST1385,Water Bottle,3,17.74,India
INV501941,2026-04-03 00:00:00,CUST1193,Desk Lamp,1,22.7,India
INV501941,2026-04-03 00:00:00,CUST1193,Wireless Mouse,2,19.46,United Kingdom
INV502391,2026-04-03 00:00:00,CUST1241,Desk Lamp,3,21.54,India
INV502391,2026-04-03 00:00:00,CUST1241,USB-C Hub,2,31.24,India
INV502391,2026-04-03 00:00:00,CUST1241,HDMI Cable,3,8.45,India
INV502774,2026-04-03 00:00:00,CUST1282,Desk Lamp,2,20.69,United Kingdom
INV502774,2026-04-03 00:00:00,CUST1282,Water Bottle,4,12.13,India
INV503047,2026-04-03 00:00:00,CUST1306,Desk Lamp,4,32.7,United Kingdom
INV503047,2026-04-03 00:00:00,CUST1306,HDMI Cable,6,10.4,UAE
INV501276,2026-04-04 00:00:00,CUST1128,Phone Case,4,9.68,India
INV501496,2026-04-04 00:00:00,CUST1150,USB-C Hub,1,27.66,United Kingdom
INV501496,2026-04-04 00:00:00,CUST1150,Fitness Band,2,28.45,India
INV501496,2026-04-04 00:00:00,CUST1150,Power Bank,3,23.09,India
INV501556,2026-04-04 00:00:00,CUST1157,Mini Tripod,4,13.83,United Kingdom
INV501556,2026-04-04 00:00:00,CUST1157,Smartwatch Strap,2,13.78,India
INV502635,2026-04-04 00:00:00,CUST1269,Phone Case,2,8.89,United Kingdom
INV502635,2026-04-04 00:00:00,CUST1269,Gaming Mouse Pad,2,13.0,India
INV502723,2026-04-04 00:00:00,CUST1277,Portable SSD,2,114.83,UAE
INV502723,2026-04-04 00:00:00,CUST1277,Webcam,3,55.1,India
INV503520,2026-04-04 00:00:00,CUST1357,Desk Lamp,1,24.28,UAE
INV503520,2026-04-04 00:00:00,CUST1357,Headphones,2,50.46,India
INV503520,2026-04-04 00:00:00,CUST1357,Notebook Set,4,7.38,Singapore
INV500171,2026-04-05 00:00:00,CUST1013,Smartwatch Strap,4,16.34,India
INV500408,2026-04-05 00:00:00,CUST1040,Webcam,3,41.39,Singapore
INV500816,2026-04-05 00:00:00,CUST1080,Backpack,3,36.77,UAE
INV501944,2026-04-05 00:00:00,CUST1193,Power Bank,1,26.6,India
INV501944,2026-04-05 00:00:00,CUST1193,Gaming Mouse Pad,2,16.46,UAE
INV501944,2026-04-05 00:00:00,CUST1193,Portable SSD,3,94.21,UAE
INV502020,2026-04-05 00:00:00,CUST1202,Bluetooth Speaker,3,34.09,UAE
INV502646,2026-04-05 00:00:00,CUST1270,Mini Tripod,3,14.21,Singapore
INV502944,2026-04-05 00:00:00,CUST1298,Desk Lamp,3,29.67,India
INV502944,2026-04-05 00:00:00,CUST1298,Portable SSD,5,124.59,India
INV502944,2026-04-05 00:00:00,CUST1298,Mini Tripod,6,14.06,UAE
INV500355,2026-04-06 00:00:00,CUST1030,Wireless Mouse,3,20.64,India
INV500355,2026-04-06 00:00:00,CUST1030,HDMI Cable,3,8.84,India
INV500542,2026-04-06 00:00:00,CUST1048,Power Bank,1,30.48,UAE
INV500542,2026-04-06 00:00:00,CUST1048,Phone Case,1,9.19,India
INV500818,2026-04-06 00:00:00,CUST1080,Power Bank,2,27.33,UAE
INV501150,2026-04-06 00:00:00,CUST1114,Gaming Mouse Pad,1,15.31,India
INV501150,2026-04-06 00:00:00,CUST1114,Water Bottle,4,12.94,Singapore
INV501402,2026-04-06 00:00:00,CUST1140,Bluetooth Speaker,2,52.73,United Kingdom
INV501566,2026-04-06 00:00:00,CUST1159,Mini Tripod,3,13.01,India
INV502150,2026-04-06 00:00:00,CUST1214,Laptop Stand,2,35.73,India
INV502150,2026-04-06 00:00:00,CUST1214,Headphones,1,45.86,Singapore
INV502150,2026-04-06 00:00:00,CUST1214,Charging Cable,3,6.33,India
INV502246,2026-04-06 00:00:00,CUST1227,Fitness Band,1,25.39,Singapore
INV502425,2026-04-06 00:00:00,CUST1247,Laptop Stand,3,37.27,United Kingdom
INV502581,2026-04-06 00:00:00,CUST1263,Mini Tripod,3,13.18,india
INV502836,2026-04-06 00:00:00,CUST1288,Bluetooth Speaker,3,53.51,India
INV500166,2026-04-07 00:00:00,CUST1013,Backpack,3,44.49,India
INV500166,2026-04-07 00:00:00,CUST1013,Webcam,4,51.37,UAE
INV500166,2026-04-07 00:00:00,CUST1013,Laptop Stand,2,41.46,India
INV500437,2026-04-07 00:00:00,CUST1042,Power Bank,6,39.44,India
INV500437,2026-04-07 00:00:00,CUST1042,Notebook Set,5,10.86,Singapore
INV501072,2026-04-07 00:00:00,CUST1107,Laptop Stand,3,34.97,Singapore
INV501072,2026-04-07 00:00:00,CUST1107,Desk Lamp,5,31.1,India
INV501595,2026-04-07 00:00:00,CUST1161,Backpack,5,42.94,Singapore
INV501595,2026-04-07 00:00:00,CUST1161,Bluetooth Speaker,2,51.75,India
INV501660,2026-04-07 00:00:00,CUST1167,Laptop Stand,3,33.86,India
INV501660,2026-04-07 00:00:00,CUST1167,Mini Tripod,1,13.55,India
INV501660,2026-04-07 00:00:00,CUST1167,Notebook Set,1,7.96,India
INV501881,2026-04-07 00:00:00,CUST1187,HDMI Cable,4,8.62,United Kingdom
INV501881,2026-04-07 00:00:00,CUST1187,Notebook Set,4,8.61,United Kingdom
INV502494,2026-04-07 00:00:00,CUST1254,Bluetooth Speaker,1,43.74,India
INV502494,2026-04-07 00:00:00,CUST1254,Mechanical Keyboard,3,61.14,UAE
INV502494,2026-04-07 00:00:00,CUST1254,Fitness Band,4,35.02,India
INV502632,2026-04-07 00:00:00,CUST1269,Gaming Mouse Pad,1,14.49,India
INV502632,2026-04-07 00:00:00,CUST1269,Water Bottle,3,11.34,India
INV503009,2026-04-07 00:00:00,CUST1305,Water Bottle,6,20.07,UAE
INV503009,2026-04-07 00:00:00,CUST1305,Fitness Band,2,42.61,Singapore
INV503056,2026-04-07 00:00:00,CUST1307,Desk Lamp,2,24.3,India
INV503056,2026-04-07 00:00:00,CUST1307,USB-C Hub,4,28.93,India
INV503056,2026-04-07 00:00:00,CUST1307,Laptop Stand,3,30.43,India
INV503190,2026-04-07 00:00:00,CUST1322,Headphones,2,55.41,Singapore
INV503190,2026-04-07 00:00:00,CUST1322,Phone Case,4,10.32,India
INV503190,2026-04-07 00:00:00,CUST1322,Power Bank,2,29.06,India
INV503745,2026-04-07 00:00:00,CUST1383,Headphones,2,54.12,India
INV503862,2026-04-07 00:00:00,CUST1395,Wireless Mouse,4,23.68,India
INV503862,2026-04-07 00:00:00,CUST1395,Wireless Mouse,6,25.44,United Kingdom
INV503862,2026-04-07 00:00:00,CUST1395,Headphones,5,63.03,Singapore
INV500988,2026-04-08 00:00:00,CUST1096,Portable SSD,3,80.64,India
INV500988,2026-04-08 00:00:00,CUST1096,Water Bottle,3,13.83,United Kingdom
INV500988,2026-04-08 00:00:00,CUST1096,Charging Cable,4,5.58,UAE
INV501021,2026-04-08 00:00:00,CUST1101,Mini Tripod,5,18.91,India
INV501769,2026-04-08 00:00:00,CUST1177,Headphones,5,71.32,United Kingdom
INV502906,2026-04-08 00:00:00,CUST1295,Notebook Set,3,6.04,India
INV502906,2026-04-08 00:00:00,CUST1295,Laptop Stand,2,27.93,India
INV502953,2026-04-08 00:00:00,CUST1299,Mechanical Keyboard,5,74.82,India
INV502957,2026-04-08 00:00:00,CUST1299,Phone Case,2,14.31,Singapore
INV502957,2026-04-08 00:00:00,CUST1299,Charging Cable,4,9.26,India
INV502957,2026-04-08 00:00:00,CUST1299,Fitness Band,5,50.93,India
INV503375,2026-04-08 00:00:00,CUST1342,Notebook Set,3,6.43,Singapore
INV500218,2026-04-09 00:00:00,CUST1019,Headphones,2,49.28,Singapore
INV500218,2026-04-09 00:00:00,CUST1019,Power Bank,2,28.42,United Kingdom
INV500218,2026-04-09 00:00:00,CUST1019,Water Bottle,3,14.02,India
INV500572,2026-04-09 00:00:00,CUST1052,Backpack,3,36.45,India
INV501632,2026-04-09 00:00:00,CUST1165,Wireless Mouse,2,20.6,India
INV501632,2026-04-09 00:00:00,CUST1165,USB-C Hub,2,28.75,India
INV501877,2026-04-09 00:00:00,CUST1187,Portable SSD,3,89.8,Singapore
INV502326,2026-04-09 00:00:00,CUST1235,Phone Case,2,10.15,Singapore
INV502326,2026-04-09 00:00:00,CUST1235,Backpack,1,41.81,India
INV502326,2026-04-09 00:00:00,CUST1235,Desk Lamp,3,25.4,Singapore
INV500182,2026-04-10 00:00:00,CUST1014,Wireless Mouse,3,22.46,India
INV500263,2026-04-10 00:00:00,CUST1023,USB-C Hub,3,34.24,India
INV500389,2026-04-10 00:00:00,CUST1036,Mechanical Keyboard,1,54.12,UAE
INV500389,2026-04-10 00:00:00,CUST1036,Wireless Mouse,1,20.35,India
INV500389,2026-04-10 00:00:00,CUST1036,Charging Cable,2,6.0,India
INV500441,2026-04-10 00:00:00,CUST1042,Desk Lamp,4,35.73,India
INV500441,2026-04-10 00:00:00,CUST1042,Laptop Stand,2,48.74,India
INV500441,2026-04-10 00:00:00,CUST1042,Mechanical Keyboard,3,78.01,India
INV500490,2026-04-10 00:00:00,CUST1045,Portable SSD,3,104.6,Singapore
INV500490,2026-04-10 00:00:00,CUST1045,Phone Case,4,12.77,United Kingdom
INV501460,2026-04-10 00:00:00,CUST1145,Smartwatch Strap,4,11.95,India
INV501897,2026-04-10 00:00:00,CUST1189,Mechanical Keyboard,4,55.17,United Kingdom
INV501897,2026-04-10 00:00:00,CUST1189,Smartwatch Strap,4,12.01,UAE
INV502701,2026-04-10 00:00:00,CUST1276,Mini Tripod,4,15.26,United Kingdom
INV502701,2026-04-10 00:00:00,CUST1276,Desk Lamp,5,30.26,United Kingdom
INV502701,2026-04-10 00:00:00,CUST1276,Laptop Stand,5,40.68,India
INV502741,2026-04-10 00:00:00,CUST1277,Laptop Stand,5,47.09,India
INV502741,2026-04-10 00:00:00,CUST1277,Portable SSD,2,113.19,India
INV503606,2026-04-10 00:00:00,CUST1367,Charging Cable,4,7.2,India
INV503606,2026-04-10 00:00:00,CUST1367,Charging Cable,4,6.89,India
INV500021,2026-04-11 00:00:00,CUST1002,Portable SSD,5,111.06,India
INV500681,2026-04-11 00:00:00,CUST1068,Headphones,5,53.34,United Kingdom
INV500681,2026-04-11 00:00:00,CUST1068,Water Bottle,5,17.15,India
INV501452,2026-04-11 00:00:00,CUST1144,Webcam,3,42.44,UAE
INV501452,2026-04-11 00:00:00,CUST1144,Headphones,3,49.08,Singapore
INV502392,2026-04-11 00:00:00,CUST1242,Mechanical Keyboard,3,44.33,United Kingdom
INV502411,2026-04-11 00:00:00,CUST1245,Desk Lamp,2,28.01,India
INV502411,2026-04-11 00:00:00,CUST1245,USB-C Hub,2,30.83,India
INV503029,2026-04-11 00:00:00,CUST1305,USB-C Hub,2,39.37,India
INV503029,2026-04-11 00:00:00,CUST1305,Smartwatch Strap,4,18.8,UAE
INV503029,2026-04-11 00:00:00,CUST1305,Water Bottle,5,18.47,India
INV503227,2026-04-11 00:00:00,CUST1325,Headphones,2,70.45,India
INV503252,2026-04-11 00:00:00,CUST1327,Laptop Stand,3,30.22,United Kingdom
INV503252,2026-04-11 00:00:00,CUST1327,Mini Tripod,2,10.97,India
INV503252,2026-04-11 00:00:00,CUST1327,Headphones,3,40.86,India
INV503794,2026-04-11 00:00:00,CUST1387,Phone Case,3,14.76,Singapore
INV503794,2026-04-11 00:00:00,CUST1387,Desk Lamp,6,37.02,Singapore
INV503794,2026-04-11 00:00:00,CUST1387,Laptop Stand,3,51.54,United Kingdom
INV500444,2026-04-12 00:00:00,CUST1042,Water Bottle,2,23.0,India
INV500444,2026-04-12 00:00:00,CUST1042,HDMI Cable,2,13.89,Singapore
INV500620,2026-04-12 00:00:00,CUST1059,Bluetooth Speaker,4,40.93,India
INV500620,2026-04-12 00:00:00,CUST1059,Backpack,4,41.96,United Kingdom
INV501260,2026-04-12 00:00:00,CUST1127,Water Bottle,2,19.14,United Kingdom
INV501260,2026-04-12 00:00:00,CUST1127,Wireless Mouse,2,26.38,India
INV501260,2026-04-12 00:00:00,CUST1127,Wireless Mouse,6,27.67,Singapore
INV501326,2026-04-12 00:00:00,CUST1133,Mini Tripod,4,10.56,India
INV501326,2026-04-12 00:00:00,CUST1133,Water Bottle,4,13.26,India
INV501648,2026-04-12 00:00:00,CUST1166,HDMI Cable,3,14.33,Singapore
INV501648,2026-04-12 00:00:00,CUST1166,Wireless Mouse,6,29.63,India
INV503105,2026-04-12 00:00:00,CUST1313,Mini Tripod,1,12.15,India
INV503105,2026-04-12 00:00:00,CUST1313,Charging Cable,4,7.67,UAE
INV503105,2026-04-12 00:00:00,CUST1313,HDMI Cable,2,9.88,India
INV503146,2026-04-12 00:00:00,CUST1316,Smartwatch Strap,2,10.39,India
INV503146,2026-04-12 00:00:00,CUST1316,Notebook Set,3,6.75,UAE
INV503146,2026-04-12 00:00:00,CUST1316,,4,7.87,India
INV503710,2026-04-12 00:00:00,CUST1378,Phone Case,4,10.55,India
INV503710,2026-04-12 00:00:00,CUST1378,Bluetooth Speaker,4,41.93,United Kingdom
INV503710,2026-04-12 00:00:00,CUST1378,Power Bank,1,30.66,India
INV503758,2026-04-12 00:00:00,CUST1385,Headphones,4,62.77,India
INV503758,2026-04-12 00:00:00,CUST1385,Webcam,4,50.19,India
INV503758,2026-04-12 00:00:00,CUST1385,Bluetooth Speaker,1,46.79,India
INV500357,2026-04-13 00:00:00,CUST1031,Laptop Stand,2,33.89,UAE
INV500357,2026-04-13 00:00:00,CUST1031,Headphones,1,55.04,India
INV500411,2026-04-13 00:00:00,CUST1040,Water Bottle,1,13.88,India
INV500411,2026-04-13 00:00:00,CUST1040,Charging Cable,1,6.54,UAE
INV500764,2026-04-13 00:00:00,CUST1075,Smartwatch Strap,3,10.83,India
INV500963,2026-04-13 00:00:00,CUST1095,Charging Cable,2,9.45,UAE
INV500963,2026-04-13 00:00:00,CUST1095,Headphones,5,68.91,India
INV500963,2026-04-13 00:00:00,CUST1095,Power Bank,3,36.19,India
INV501098,2026-04-13 00:00:00,CUST1108,Water Bottle,1,15.67,India
INV502546,2026-04-13 00:00:00,CUST1259,Charging Cable,1,7.86,UAE
INV502546,2026-04-13 00:00:00,CUST1259,Desk Lamp,3,29.0,India
INV502546,2026-04-13 00:00:00,CUST1259,Charging Cable,3,7.3,India
INV502666,2026-04-13 00:00:00,CUST1272,HDMI Cable,4,10.05,India
INV502666,2026-04-13 00:00:00,CUST1272,Water Bottle,4,16.27,United Kingdom
INV502666,2026-04-13 00:00:00,CUST1272,Charging Cable,2,6.53,India
INV502744,2026-04-13 00:00:00,CUST1278,Gaming Mouse Pad,2,14.75,India
INV503287,2026-04-13 00:00:00,CUST1332,Mechanical Keyboard,2,60.91,UAE
INV503510,2026-04-13 00:00:00,CUST1356,Fitness Band,1,35.31,India
INV500457,2026-04-14 00:00:00,CUST1043,HDMI Cable,2,9.33,India
INV500457,2026-04-14 00:00:00,CUST1043,Headphones,3,58.2,United Kingdom
INV500457,2026-04-14 00:00:00,CUST1043,USB-C Hub,1,34.32,India
INV501299,2026-04-14 00:00:00,CUST1131,Portable SSD,3,96.42,India
INV501299,2026-04-14 00:00:00,CUST1131,Laptop Stand,2,36.13,India
INV501299,2026-04-14 00:00:00,CUST1131,Mechanical Keyboard,2,61.76,India
INV501409,2026-04-14 00:00:00,CUST1140,USB-C Hub,5,39.98,India
INV501409,2026-04-14 00:00:00,CUST1140,Backpack,6,48.37,India
INV501409,2026-04-14 00:00:00,CUST1140,Wireless Mouse,5,24.37,India
INV501945,2026-04-14 00:00:00,CUST1194,Webcam,4,48.25,India
INV502009,2026-04-14 00:00:00,CUST1200,Headphones,2,51.93,India
INV502009,2026-04-14 00:00:00,CUST1200,USB-C Hub,4,35.02,Singapore
INV502009,2026-04-14 00:00:00,CUST1200,Webcam,2,47.78,India
INV502385,2026-04-14 00:00:00,CUST1241,Headphones,1,47.37,United Kingdom
INV502385,2026-04-14 00:00:00,CUST1241,Mechanical Keyboard,1,57.23,United Kingdom
INV502745,2026-04-14 00:00:00,CUST1278,Mechanical Keyboard,1,46.48,India
INV502745,2026-04-14 00:00:00,CUST1278,Desk Lamp,2,22.58,UAE
INV503732,2026-04-14 00:00:00,CUST1381,Bluetooth Speaker,2,39.29,United Kingdom
INV503732,2026-04-14 00:00:00,CUST1381,Bluetooth Speaker,1,33.69,Singapore
INV503732,2026-04-14 00:00:00,CUST1381,Bluetooth Speaker,3,40.82,United Kingdom
INV501479,2026-04-15 00:00:00,CUST1148,Wireless Mouse,2,16.93,UAE
INV501479,2026-04-15 00:00:00,CUST1148,Webcam,1,44.43,Singapore
INV501479,2026-04-15 00:00:00,CUST1148,HDMI Cable,1,9.07,India
INV501495,2026-04-15 00:00:00,CUST1150,Smartwatch Strap,4,12.14,India
INV501663,2026-04-15 00:00:00,CUST1167,Water Bottle,3,15.08,UAE
INV501935,2026-04-15 00:00:00,CUST1193,Notebook Set,3,7.03,India
INV502201,2026-04-15 00:00:00,CUST1221,Charging Cable,2,6.4,India
INV502201,2026-04-15 00:00:00,CUST1221,Charging Cable,2,7.62,United Kingdom
INV502552,2026-04-15 00:00:00,CUST1259,USB-C Hub,4,36.37,UAE
INV502552,2026-04-15 00:00:00,CUST1259,Backpack,1,42.82,United Kingdom
INV502552,2026-04-15 00:00:00,CUST1259,Mini Tripod,3,13.64,India
INV502860,2026-04-15 00:00:00,CUST1290,Notebook Set,3,9.32,India
INV502860,2026-04-15 00:00:00,CUST1290,Mini Tripod,1,13.43,UAE
INV502946,2026-04-15 00:00:00,CUST1298,Notebook Set,2,9.6,India
INV502946,2026-04-15 00:00:00,CUST1298,Charging Cable,2,8.38,India
INV503565,2026-04-15 00:00:00,CUST1360,Gaming Mouse Pad,2,15.03,India
INV500566,2026-04-16 00:00:00,CUST1052,Webcam,1,45.34,India
INV500566,2026-04-16 00:00:00,CUST1052,Headphones,2,49.53,India
INV500775,2026-04-16 00:00:00,CUST1076,Mechanical Keyboard,2,53.84,India
INV500775,2026-04-16 00:00:00,CUST1076,Phone Case,3,9.38,India
INV500976,2026-04-16 00:00:00,CUST1096,Power Bank,4,24.23,India
INV500976,2026-04-16 00:00:00,CUST1096,Headphones,2,48.21,Singapore
INV500976,2026-04-16 00:00:00,CUST1096,Mini Tripod,1,10.21,India
INV501738,2026-04-16 00:00:00,CUST1174,Portable SSD,3,89.34,India
INV501738,2026-04-16 00:00:00,CUST1174,Gaming Mouse Pad,1,17.7,India
CINV501738,2026-04-16 00:00:00,CUST1174,Water Bottle,-2,15.51,India
INV503028,2026-04-16 00:00:00,CUST1305,Wireless Mouse,4,29.23,India
INV503028,2026-04-16 00:00:00,CUST1305,Charging Cable,4,8.46,Singapore
INV503028,2026-04-16 00:00:00,CUST1305,Smartwatch Strap,3,17.11,India
INV500019,2026-04-17 00:00:00,CUST1002,Backpack,4,43.86,Singapore
INV500019,2026-04-17 00:00:00,CUST1002,Notebook Set,3,9.43,India
INV500019,2026-04-17 00:00:00,CUST1002,Phone Case,4,12.04,United Kingdom
INV500452,2026-04-17 00:00:00,CUST1043,Power Bank,1,32.61,Singapore
INV500452,2026-04-17 00:00:00,CUST1043,Portable SSD,2,99.87,UAE
INV500452,2026-04-17 00:00:00,CUST1043,Mini Tripod,1,13.52,India
INV500847,2026-04-17 00:00:00,CUST1084,Phone Case,1,8.68,India
INV502694,2026-04-17 00:00:00,CUST1275,Fitness Band,5,40.43,India
INV502694,2026-04-17 00:00:00,CUST1275,Notebook Set,6,9.96,India
INV502740,2026-04-17 00:00:00,CUST1277,HDMI Cable,6,12.35,United Kingdom
INV502740,2026-04-17 00:00:00,CUST1277,Mini Tripod,2,17.37,India
INV502801,2026-04-17 00:00:00,CUST1285,Power Bank,4,25.67,India
INV502801,2026-04-17 00:00:00,CUST1285,Smartwatch Strap,3,11.29,India
INV502880,2026-04-17 00:00:00,CUST1291,Bluetooth Speaker,4,42.76,United Kingdom
INV503288,2026-04-17 00:00:00,CUST1332,Water Bottle,1,17.35,India
INV503288,2026-04-17 00:00:00,CUST1332,Water Bottle,1,15.49,India
INV503288,2026-04-17 00:00:00,CUST1332,Gaming Mouse Pad,3,16.92,India
INV500398,2026-04-18 00:00:00,CUST1038,Power Bank,2,26.02,India
INV500489,2026-04-18 00:00:00,CUST1045,Bluetooth Speaker,5,53.38,India
INV500489,2026-04-18 00:00:00,CUST1045,Mechanical Keyboard,2,73.67,India
INV500489,2026-04-18 00:00:00,CUST1045,Water Bottle,5,19.28,Singapore
INV501292,2026-04-18 00:00:00,CUST1131,Mechanical Keyboard,2,54.15,United Kingdom
INV501292,2026-04-18 00:00:00,CUST1131,Bluetooth Speaker,4,45.39,India
INV502908,2026-04-18 00:00:00,CUST1295,Headphones,1,46.42,Singapore
INV502908,2026-04-18 00:00:00,CUST1295,Power Bank,1,23.84,India
INV502908,2026-04-18 00:00:00,CUST1295,Notebook Set,2,6.22,India
INV503183,2026-04-18 00:00:00,CUST1322,Portable SSD,3,93.61,India
INV503395,2026-04-18 00:00:00,CUST1343,Fitness Band,3,37.32,United Kingdom
CINV503395,2026-04-18 00:00:00,CUST1343,Portable SSD,-3,99.68,India
INV503395,2026-04-18 00:00:00,CUST1343,Laptop Stand,6,37.53,India
INV503688,2026-04-18 00:00:00,CUST1376,Mini Tripod,5,17.41,United Kingdom
INV503688,2026-04-18 00:00:00,CUST1376,Smartwatch Strap,3,17.01,India
INV503711,2026-04-18 00:00:00,CUST1378,USB-C Hub,2,33.43,UAE
INV503711,2026-04-18 00:00:00,CUST1378,Smartwatch Strap,2,13.06,UAE
INV501169,2026-04-19 00:00:00,CUST1117,Bluetooth Speaker,4,40.77,India
INV501169,2026-04-19 00:00:00,CUST1117,USB-C Hub,3,26.33,India
INV501249,2026-04-19 00:00:00,CUST1127,Phone Case,4,15.25,India
INV501249,2026-04-19 00:00:00,CUST1127,Headphones,4,69.85,India
INV501365,2026-04-19 00:00:00,CUST1136,Headphones,1,47.73,UAE
INV501365,2026-04-19 00:00:00,CUST1136,Fitness Band,2,35.95,Singapore
INV501365,2026-04-19 00:00:00,CUST1136,Power Bank,1,30.29,United Kingdom
INV501972,2026-04-19 00:00:00,CUST1198,Mechanical Keyboard,2,64.36,United Kingdom
INV501984,2026-04-19 00:00:00,CUST1198,USB-C Hub,2,36.05,Singapore
INV501984,2026-04-19 00:00:00,CUST1198,Gaming Mouse Pad,3,22.31,India
INV501984,2026-04-19 00:00:00,CUST1198,Desk Lamp,3,31.78,India
INV501998,2026-04-19 00:00:00,CUST1198,Headphones,5,62.94,UAE
INV502333,2026-04-19 00:00:00,CUST1236,Mini Tripod,5,18.9,India
INV502333,2026-04-19 00:00:00,CUST1236,Laptop Stand,6,53.05,India
INV502333,2026-04-19 00:00:00,CUST1236,Backpack,5,58.57,United Kingdom
INV502443,2026-04-19 00:00:00,CUST1249,USB-C Hub,1,29.71,India
INV502443,2026-04-19 00:00:00,CUST1249,Notebook Set,2,7.15,Singapore
INV502840,2026-04-19 00:00:00,CUST1288,Mechanical Keyboard,3,70.7,India
INV502840,2026-04-19 00:00:00,CUST1288,Mini Tripod,2,16.85,Singapore
INV502840,2026-04-19 00:00:00,CUST1288,Laptop Stand,6,44.36,UAE
INV503138,2026-04-19 00:00:00,CUST1314,Mini Tripod,3,18.54,United Kingdom
INV503138,2026-04-19 00:00:00,CUST1314,Headphones,6,72.58,United Kingdom
INV503138,2026-04-19 00:00:00,CUST1314,Headphones,5,67.27,India
INV503453,2026-04-19 00:00:00,CUST1350,Desk Lamp,3,23.59,United Kingdom
INV500050,2026-04-20 00:00:00,CUST1004,Bluetooth Speaker,3,44.25,India
INV500050,2026-04-20 00:00:00,CUST1004,Notebook Set,1,7.36,India
INV500607,2026-04-20 00:00:00,CUST1057,HDMI Cable,2,8.3,India
INV501128,2026-04-20 00:00:00,CUST1112,Wireless Mouse,2,19.26,India
INV501128,2026-04-20 00:00:00,CUST1112,Charging Cable,2,7.17,United Kingdom
INV501128,2026-04-20 00:00:00,CUST1112,Webcam,2,46.91,Singapore
INV502109,2026-04-20 00:00:00,CUST1209,Fitness Band,2,32.92,Singapore
INV502304,2026-04-20 00:00:00,CUST1232,Bluetooth Speaker,2,40.28,Singapore
INV503098,2026-04-20 00:00:00,CUST1312,Mechanical Keyboard,2,59.52,UAE
INV503137,2026-04-20 00:00:00,CUST1314,Backpack,4,51.3,India
INV503694,2026-04-20 00:00:00,CUST1377,Wireless Mouse,1,17.61,India
INV503694,2026-04-20 00:00:00,CUST1377,Smartwatch Strap,3,11.08,India
INV503909,2026-04-20 00:00:00,CUST1400,Power Bank,1,25.08,India
INV503909,2026-04-20 00:00:00,CUST1400,Mini Tripod,1,11.5,India
INV500399,2026-04-21 00:00:00,CUST1038,Smartwatch Strap,1,11.94,Singapore
INV501705,2026-04-21 00:00:00,CUST1170,Mechanical Keyboard,4,85.72,India
INV501887,2026-04-21 00:00:00,CUST1188,Webcam,1,42.6,India
INV502308,2026-04-21 00:00:00,CUST1232,HDMI Cable,4,8.27,Singapore
INV502308,2026-04-21 00:00:00,CUST1232,Gaming Mouse Pad,2,16.43,United Kingdom
INV503064,2026-04-21 00:00:00,CUST1308,Fitness Band,1,33.19,United Kingdom
INV503064,2026-04-21 00:00:00,CUST1308,Power Bank,3,22.86,UAE
INV503064,2026-04-21 00:00:00,CUST1308,Charging Cable,1,5.8,India
INV503549,2026-04-21 00:00:00,CUST1359,USB-C Hub,5,38.99,India
INV503549,2026-04-21 00:00:00,CUST1359,Power Bank,3,40.91,Singapore
INV503549,2026-04-21 00:00:00,CUST1359,Desk Lamp,6,30.83,India
INV500052,2026-04-22 00:00:00,CUST1004,Fitness Band,3,33.82,UAE
INV500135,2026-04-22 00:00:00,CUST1011,Mechanical Keyboard,3,56.98,Singapore
INV500161,2026-04-22 00:00:00,CUST1013,HDMI Cable,5,11.34,India
INV500571,2026-04-22 00:00:00,CUST1052,Fitness Band,2,33.77,India
INV500571,2026-04-22 00:00:00,CUST1052,Bluetooth Speaker,3,38.69,UAE
INV501071,2026-04-22 00:00:00,CUST1107,Water Bottle,5,16.99,India
INV501071,2026-04-22 00:00:00,CUST1107,Desk Lamp,3,30.57,UAE
INV501071,2026-04-22 00:00:00,CUST1107,Portable SSD,5,111.7,India
INV501880,2026-04-22 00:00:00,CUST1187,Webcam,1,44.38,Singapore
INV502075,2026-04-22 00:00:00,CUST1207,Charging Cable,4,7.61,Singapore
INV502075,2026-04-22 00:00:00,CUST1207,Fitness Band,3,37.81,India
INV502558,2026-04-22 00:00:00,CUST1259,Laptop Stand,2,37.67,Singapore
INV502558,2026-04-22 00:00:00,CUST1259,Backpack,4,43.49,India
INV502996,2026-04-22 00:00:00,CUST1302,Charging Cable,2,5.08,UAE
INV502996,2026-04-22 00:00:00,CUST1302,Charging Cable,3,5.46,India
INV503255,2026-04-22 00:00:00,CUST1328,Desk Lamp,1,22.28,United Kingdom
INV503255,2026-04-22 00:00:00,CUST1328,Fitness Band,2,35.76,UAE
INV503492,2026-04-22 00:00:00,CUST1354,Headphones,3,67.91,India
INV503707,2026-04-22 00:00:00,CUST1378,Portable SSD,2,91.01,United Kingdom
INV503707,2026-04-22 00:00:00,CUST1378,Gaming Mouse Pad,1,17.99,India
INV503707,2026-04-22 00:00:00,CUST1378,Bluetooth Speaker,3,45.84,UAE
INV500765,2026-04-23 00:00:00,CUST1075,Fitness Band,3,29.2,India
INV500765,2026-04-23 00:00:00,CUST1075,USB-C Hub,2,26.02,India
INV500765,2026-04-23 00:00:00,CUST1075,Headphones,1,40.66,Singapore
INV500803,2026-04-23 00:00:00,CUST1079,HDMI Cable,2,8.9,India
INV501480,2026-04-23 00:00:00,,Power Bank,2,26.46,India
INV501480,2026-04-23 00:00:00,CUST1148,Headphones,1,48.2,India
INV501480,2026-04-23 00:00:00,CUST1148,Power Bank,3,25.12,India
INV501497,2026-04-23 00:00:00,CUST1150,Phone Case,4,9.75,India
INV502686,2026-04-23 00:00:00,CUST1275,Mechanical Keyboard,6,72.94,India
INV502686,2026-04-23 00:00:00,CUST1275,Phone Case,5,12.62,India
INV502913,2026-04-23 00:00:00,CUST1296,Wireless Mouse,2,18.26,India
INV502933,2026-04-23 00:00:00,CUST1298,Webcam,6,56.7,Singapore
INV502933,2026-04-23 00:00:00,CUST1298,Mechanical Keyboard,3,67.88,Singapore
INV503220,2026-04-23 00:00:00,CUST1325,Water Bottle,2,22.05,India
INV503882,2026-04-23 00:00:00,CUST1397,Fitness Band,2,39.36,Singapore
INV503882,2026-04-23 00:00:00,CUST1397,HDMI Cable,2,10.92,Singapore
INV500303,2026-04-24 00:00:00,CUST1027,Desk Lamp,2,29.91,UAE
INV500975,2026-04-24 00:00:00,CUST1096,HDMI Cable,3,8.57,India
INV500975,2026-04-24 00:00:00,CUST1096,Fitness Band,2,33.17,India
INV500975,2026-04-24 00:00:00,CUST1096,Webcam,2,45.3,India
INV501124,2026-04-24 00:00:00,CUST1112,Notebook Set,1,7.78,Singapore
INV501481,2026-04-24 00:00:00,CUST1148,Desk Lamp,2,21.53,Singapore
INV501481,2026-04-24 00:00:00,CUST1148,Laptop Stand,3,29.74,UAE
INV501481,2026-04-24 00:00:00,CUST1148,Charging Cable,2,5.53,India
INV501604,2026-04-24 00:00:00,CUST1161,Smartwatch Strap,4,14.97,Singapore
INV501604,2026-04-24 00:00:00,CUST1161,Water Bottle,2,16.03,United Kingdom
INV501604,2026-04-24 00:00:00,CUST1161,Laptop Stand,6,39.71,India
INV501869,2026-04-24 00:00:00,CUST1186,Phone Case,4,11.27,India
INV501869,2026-04-24 00:00:00,CUST1186,Fitness Band,1,33.85,UAE
INV501942,2026-04-24 00:00:00,CUST1193,Bluetooth Speaker,1,42.35,India
INV501942,2026-04-24 00:00:00,CUST1193,Bluetooth Speaker,4,36.83,India
INV502603,2026-04-24 00:00:00,CUST1264,Webcam,4,50.65,India
INV502603,2026-04-24 00:00:00,CUST1264,Desk Lamp,4,29.69,United Kingdom
INV502668,2026-04-24 00:00:00,CUST1272,Fitness Band,1,38.44,United Kingdom
INV502668,2026-04-24 00:00:00,CUST1272,Wireless Mouse,2,20.9,India
INV502668,2026-04-24 00:00:00,CUST1272,Notebook Set,1,8.67,UAE
INV503232,2026-04-24 00:00:00,CUST1325,Laptop Stand,3,51.3,India
INV503232,2026-04-24 00:00:00,CUST1325,Portable SSD,5,143.38,India
INV503527,2026-04-24 00:00:00,CUST1358,Laptop Stand,1,31.59,India
INV503691,2026-04-24 00:00:00,CUST1376,Smartwatch Strap,3,17.51,United Kingdom
INV503691,2026-04-24 00:00:00,CUST1376,Fitness Band,5,53.93,India
INV503691,2026-04-24 00:00:00,CUST1376,Headphones,2,80.92,India
INV500128,2026-04-25 00:00:00,CUST1010,Webcam,3,62.54,UAE
INV500128,2026-04-25 00:00:00,CUST1010,Charging Cable,4,9.38,United Kingdom
INV500128,2026-04-25 00:00:00,CUST1010,Mechanical Keyboard,2,68.02,UAE
INV500529,2026-04-25 00:00:00,CUST1047,Fitness Band,4,49.03,India
INV501227,2026-04-25 00:00:00,CUST1126,Water Bottle,1,14.82,India
INV502147,2026-04-25 00:00:00,CUST1214,Wireless Mouse,1,19.03,India
INV502147,2026-04-25 00:00:00,CUST1214,HDMI Cable,2,8.84,UAE
INV502398,2026-04-25 00:00:00,CUST1243,Notebook Set,2,6.19,UAE
INV502398,2026-04-25 00:00:00,CUST1243,Backpack,1,31.12,Singapore
INV502398,2026-04-25 00:00:00,CUST1243,HDMI Cable,2,7.85,Singapore
INV503126,2026-04-25 00:00:00,CUST1314,Backpack,4,55.34,United Kingdom
INV503126,2026-04-25 00:00:00,CUST1314,Bluetooth Speaker,4,63.96,India
INV503126,2026-04-25 00:00:00,CUST1314,Smartwatch Strap,4,17.49,India
INV500090,2026-04-26 00:00:00,CUST1008,Fitness Band,6,40.05,Singapore
INV500090,2026-04-26 00:00:00,CUST1008,Mechanical Keyboard,5,70.77,United Kingdom
INV500434,2026-04-26 00:00:00,CUST1042,USB-C Hub,3,41.66,India
INV500434,2026-04-26 00:00:00,CUST1042,Charging Cable,4,10.7,Singapore
INV500657,2026-04-26 00:00:00,CUST1064,USB-C Hub,2,27.7,India
INV501782,2026-04-26 00:00:00,CUST1177,Water Bottle,6,22.45,UAE
INV501785,2026-04-26 00:00:00,CUST1177,Mechanical Keyboard,6,85.59,Singapore
INV501785,2026-04-26 00:00:00,CUST1177,Desk Lamp,2,33.41,India
INV501950,2026-04-26 00:00:00,CUST1195,Backpack,4,37.7,India
INV502064,2026-04-26 00:00:00,CUST1206,Mini Tripod,1,12.53,Singapore
INV502064,2026-04-26 00:00:00,CUST1206,Phone Case,1,12.59,India
INV502064,2026-04-26 00:00:00,CUST1206,Desk Lamp,4,29.56,India
INV502100,2026-04-26 00:00:00,CUST1208,Portable SSD,4,102.56,India
INV502100,2026-04-26 00:00:00,CUST1208,Headphones,2,60.38,Singapore
INV502935,2026-04-26 00:00:00,CUST1298,Power Bank,3,39.65,India
INV503011,2026-04-26 00:00:00,CUST1305,Mechanical Keyboard,2,72.21,UAE
INV503420,2026-04-26 00:00:00,CUST1346,Webcam,4,42.95,UAE
INV503420,2026-04-26 00:00:00,CUST1346,Charging Cable,3,5.64,India
INV503420,2026-04-26 00:00:00,CUST1346,Phone Case,3,10.39,India
INV503850,2026-04-26 00:00:00,CUST1395,Gaming Mouse Pad,5,19.84,India
INV503850,2026-04-26 00:00:00,CUST1395,Mechanical Keyboard,4,66.26,United Kingdom
INV503850,2026-04-26 00:00:00,CUST1395,Mini Tripod,6,15.25,India
INV500036,2026-04-27 00:00:00,CUST1003,Notebook Set,3,7.69,India
INV500036,2026-04-27 00:00:00,CUST1003,Mini Tripod,1,14.7,UAE
INV500168,2026-04-27 00:00:00,CUST1013,Mechanical Keyboard,3,70.33,India
INV500168,2026-04-27 00:00:00,CUST1013,Fitness Band,3,40.96,Singapore
INV500168,2026-04-27 00:00:00,CUST1013,Mechanical Keyboard,3,67.15,India
INV501441,2026-04-27 00:00:00,CUST1143,Backpack,1,40.27,India
INV501441,2026-04-27 00:00:00,CUST1143,Wireless Mouse,2,21.82,India
INV501441,2026-04-27 00:00:00,CUST1143,USB-C Hub,2,36.93,India
INV501555,2026-04-27 00:00:00,CUST1157,Charging Cable,4,7.81,United Kingdom
INV501555,2026-04-27 00:00:00,CUST1157,Backpack,3,46.71,UAE
INV501555,2026-04-27 00:00:00,CUST1157,Charging Cable,4,6.81,United Kingdom
INV503325,2026-04-27 00:00:00,CUST1336,HDMI Cable,4,8.98,India
INV503325,2026-04-27 00:00:00,CUST1336,Water Bottle,1,14.38,UAE
INV503325,2026-04-27 00:00:00,CUST1336,Laptop Stand,4,33.41,India
INV503392,2026-04-27 00:00:00,CUST1343,Headphones,5,57.02,India
INV503392,2026-04-27 00:00:00,CUST1343,Portable SSD,5,116.29,India
INV500232,2026-04-28 00:00:00,CUST1020,Desk Lamp,2,34.55,UAE
INV500232,2026-04-28 00:00:00,CUST1020,Desk Lamp,3,32.41,United Kingdom
INV500232,2026-04-28 00:00:00,CUST1020,Power Bank,5,35.82,India
INV500612,2026-04-28 00:00:00,CUST1057,Fitness Band,2,30.59,India
INV500612,2026-04-28 00:00:00,CUST1057,Headphones,2,48.58,Singapore
INV500755,2026-04-28 00:00:00,CUST1074,Smartwatch Strap,1,15.23,United Kingdom
INV500755,2026-04-28 00:00:00,CUST1074,Power Bank,3,33.98,India
INV500755,2026-04-28 00:00:00,CUST1074,Smartwatch Strap,1,14.84,India
INV501019,2026-04-28 00:00:00,CUST1101,Wireless Mouse,3,29.78,India
INV501019,2026-04-28 00:00:00,CUST1101,Phone Case,5,15.32,India
INV501149,2026-04-28 00:00:00,CUST1114,Notebook Set,1,6.91,India
INV501149,2026-04-28 00:00:00,CUST1114,Notebook Set,2,6.68,India
INV501149,2026-04-28 00:00:00,CUST1114,Charging Cable,4,6.45,UAE
INV501159,2026-04-28 00:00:00,CUST1115,Backpack,2,40.05,India
INV501159,2026-04-28 00:00:00,CUST1115,Fitness Band,3,33.9,India
INV501159,2026-04-28 00:00:00,CUST1115,Bluetooth Speaker,4,42.38,India
INV501315,2026-04-28 00:00:00,CUST1132,Desk Lamp,3,28.91,Singapore
INV501315,2026-04-28 00:00:00,CUST1132,Water Bottle,3,17.53,UAE
INV501315,2026-04-28 00:00:00,CUST1132,Phone Case,4,12.84,India
INV501436,2026-04-28 00:00:00,CUST1143,Fitness Band,2,41.19,UAE
INV501704,2026-04-28 00:00:00,CUST1170,Portable SSD,2,116.43,United Kingdom
INV501704,2026-04-28 00:00:00,CUST1170,Mini Tripod,4,18.01,India
INV502228,2026-04-28 00:00:00,CUST1225,USB-C Hub,6,47.47,Singapore
INV502228,2026-04-28 00:00:00,CUST1225,Desk Lamp,3,33.12,India
INV502228,2026-04-28 00:00:00,CUST1225,Webcam,5,66.02,India
INV502633,2026-04-28 00:00:00,CUST1269,Wireless Mouse,3,16.77,India
INV502633,2026-04-28 00:00:00,CUST1269,Phone Case,3,8.0,India
INV503499,2026-04-28 00:00:00,CUST1354,Water Bottle,2,20.44,India
INV503499,2026-04-28 00:00:00,CUST1354,Power Bank,3,38.71,India
INV503499,2026-04-28 00:00:00,CUST1354,Smartwatch Strap,6,16.4,India
INV503690,2026-04-28 00:00:00,CUST1376,Wireless Mouse,6,26.87,UAE
INV503690,2026-04-28 00:00:00,CUST1376,Mini Tripod,4,15.89,India
INV503690,2026-04-28 00:00:00,CUST1376,Notebook Set,6,10.95,United Kingdom
INV500402,2026-04-29 00:00:00,CUST1039,Phone Case,4,9.68,Singapore
INV500402,2026-04-29 00:00:00,CUST1039,HDMI Cable,3,8.86,Singapore
INV500402,2026-04-29 00:00:00,CUST1039,Mini Tripod,2,11.11,Singapore
INV500852,2026-04-29 00:00:00,CUST1085,Desk Lamp,1,23.95,India
INV502252,2026-04-29 00:00:00,CUST1228,Charging Cable,4,6.33,UAE
INV502252,2026-04-29 00:00:00,CUST1228,Gaming Mouse Pad,4,16.21,India
INV502252,2026-04-29 00:00:00,CUST1228,Water Bottle,4,13.25,India
INV500498,2026-04-30 00:00:00,CUST1046,Charging Cable,1,8.34,Singapore
INV501063,2026-04-30 00:00:00,CUST1106,Smartwatch Strap,3,12.33,India
INV501317,2026-04-30 00:00:00,CUST1132,Mini Tripod,4,15.08,India
INV502111,2026-04-30 00:00:00,CUST1209,Fitness Band,2,35.7,India
INV502182,2026-04-30 00:00:00,CUST1219,Webcam,1,45.09,India
INV502182,2026-04-30 00:00:00,CUST1219,Fitness Band,1,31.95,India
INV502182,2026-04-30 00:00:00,CUST1219,Charging Cable,2,6.64,India
INV502885,2026-04-30 00:00:00,CUST1291,Wireless Mouse,4,22.15,India
INV502885,2026-04-30 00:00:00,CUST1291,USB-C Hub,4,32.75,India
INV502885,2026-04-30 00:00:00,CUST1291,Charging Cable,2,7.9,India
INV502903,2026-04-30 00:00:00,CUST1294,Backpack,2,32.85,Singapore
INV502903,2026-04-30 00:00:00,CUST1294,Headphones,4,49.26,India
INV502916,2026-04-30 00:00:00,CUST1297,Laptop Stand,2,40.16,United Kingdom
INV503535,2026-04-30 00:00:00,CUST1358,Charging Cable,2,6.23,India
INV503535,2026-04-30 00:00:00,CUST1358,Phone Case,4,9.01,Singapore
INV503535,2026-04-30 00:00:00,CUST1358,Smartwatch Strap,3,12.39,India
INV503590,2026-04-30 00:00:00,CUST1365,Mini Tripod,1,10.94,Singapore
INV503590,2026-04-30 00:00:00,CUST1365,Wireless Mouse,1,17.99,Singapore
INV500208,2026-05-01 00:00:00,CUST1018,Mini Tripod,2,10.02,UAE
INV500208,2026-05-01 00:00:00,CUST1018,Power Bank,1,23.04,UAE
INV500588,2026-05-01 00:00:00,CUST1053,Mini Tripod,2,14.8,Singapore
INV501980,2026-05-01 00:00:00,CUST1198,Gaming Mouse Pad,2,19.91,India
INV501980,2026-05-01 00:00:00,CUST1198,Mini Tripod,2,16.36,India
INV502884,2026-05-01 00:00:00,CUST1291,Desk Lamp,3,26.11,India
INV503350,2026-05-01 00:00:00,CUST1339,Phone Case,1,10.07,India
INV503350,2026-05-01 00:00:00,CUST1339,Phone Case,1,9.4,UAE
INV503617,2026-05-01 00:00:00,CUST1369,Backpack,3,53.97,United Kingdom
INV503617,2026-05-01 00:00:00,CUST1369,Desk Lamp,5,31.89,India
INV503858,2026-05-01 00:00:00,CUST1395,Smartwatch Strap,4,16.89,United Kingdom
INV500102,2026-05-02 00:00:00,CUST1009,Headphones,1,53.45,India
INV500238,2026-05-02 00:00:00,CUST1020,Desk Lamp,3,29.84,UAE
INV501024,2026-05-02 00:00:00,CUST1101,Gaming Mouse Pad,5,26.0,India
INV501445,2026-05-02 00:00:00,CUST1144,USB-C Hub,4,27.14,India
INV501510,2026-05-02 00:00:00,CUST1151,Gaming Mouse Pad,1,15.72,United Kingdom
INV501717,2026-05-02 00:00:00,CUST1171,Smartwatch Strap,4,10.69,United Kingdom
INV501717,2026-05-02 00:00:00,CUST1171,Backpack,1,33.63,India
INV502284,2026-05-02 00:00:00,CUST1231,Wireless Mouse,3,26.67,Singapore
INV502284,2026-05-02 00:00:00,CUST1231,Power Bank,3,36.97,United Kingdom
INV502928,2026-05-02 00:00:00,CUST1298,Mini Tripod,2,15.3,United Kingdom
INV502928,2026-05-02 00:00:00,CUST1298,Mini Tripod,5,15.0,Singapore
INV503518,2026-05-02 00:00:00,CUST1356,Backpack,3,39.64,India
INV503518,2026-05-02 00:00:00,CUST1356,Portable SSD,2,91.91,India
INV501574,2026-05-03 00:00:00,CUST1160,Backpack,4,36.34,United Kingdom
INV501574,2026-05-03 00:00:00,CUST1160,Webcam,3,37.14,Singapore
INV501574,2026-05-03 00:00:00,CUST1160,USB-C Hub,4,28.21,Singapore
INV501616,2026-05-03 00:00:00,CUST1163,USB-C Hub,4,31.88,India
INV501746,2026-05-03 00:00:00,CUST1175,Gaming Mouse Pad,2,15.09,United Kingdom
INV501746,2026-05-03 00:00:00,CUST1175,Power Bank,3,26.5,India
INV502621,2026-05-03 00:00:00,CUST1268,Charging Cable,4,6.52,India
INV502621,2026-05-03 00:00:00,CUST1268,Portable SSD,3,85.91,UAE
INV502621,2026-05-03 00:00:00,CUST1268,Desk Lamp,2,24.65,Singapore
INV500003,2026-05-04 00:00:00,CUST1001,Power Bank,3,27.48,India
INV500003,2026-05-04 00:00:00,CUST1001,Backpack,1,34.0,UAE
INV500003,2026-05-04 00:00:00,CUST1001,Wireless Mouse,1,19.1,India
INV500561,2026-05-04 00:00:00,CUST1051,Mechanical Keyboard,1,62.18,United Kingdom
INV500561,2026-05-04 00:00:00,CUST1051,Bluetooth Speaker,2,45.61,India
INV501981,2026-05-04 00:00:00,CUST1198,Mini Tripod,3,16.19,India
INV501981,2026-05-04 00:00:00,CUST1198,Fitness Band,6,38.96,India
INV501981,2026-05-04 00:00:00,CUST1198,Webcam,6,61.94,India
INV502179,2026-05-04 00:00:00,CUST1218,Fitness Band,1,23.3,India
INV502179,2026-05-04 00:00:00,CUST1218,Charging Cable,3,4.71,India
INV502179,2026-05-04 00:00:00,CUST1218,Smartwatch Strap,3,10.52,UAE
INV502337,2026-05-04 00:00:00,CUST1236,Laptop Stand,5,52.79,United Kingdom
INV502587,2026-05-04 00:00:00,CUST1263,Smartwatch Strap,1,14.12,India
INV502587,2026-05-04 00:00:00,CUST1263,Bluetooth Speaker,2,45.37,India
INV502587,2026-05-04 00:00:00,CUST1263,Wireless Mouse,1,23.54,India
INV502608,2026-05-04 00:00:00,CUST1265,Bluetooth Speaker,2,37.46,India
INV502608,2026-05-04 00:00:00,CUST1265,Water Bottle,4,14.16,India
INV502608,2026-05-04 00:00:00,CUST1265,Wireless Mouse,3,17.94,India
INV502862,2026-05-04 00:00:00,CUST1290,Mini Tripod,2,13.17,India
INV502862,2026-05-04 00:00:00,CUST1290,Water Bottle,2,17.0,UAE
INV502862,2026-05-04 00:00:00,CUST1290,Laptop Stand,4,37.65,India
INV502900,2026-05-04 00:00:00,CUST1294,Gaming Mouse Pad,3,15.61,India
INV502900,2026-05-04 00:00:00,CUST1294,Headphones,2,43.46,India
INV502900,2026-05-04 00:00:00,CUST1294,Wireless Mouse,2,17.28,India
INV503170,2026-05-04 00:00:00,CUST1319,Power Bank,3,24.65,India
INV503170,2026-05-04 00:00:00,CUST1319,Fitness Band,3,32.1,Singapore
INV500925,2026-05-05 00:00:00,CUST1091,Webcam,5,59.28,Singapore
INV500925,2026-05-05 00:00:00,CUST1091,Charging Cable,4,8.59,UAE
INV500925,2026-05-05 00:00:00,CUST1091,Headphones,6,67.01,UAE
INV501245,2026-05-05 00:00:00,CUST1127,Charging Cable,6,10.23,India
INV501245,2026-05-05 00:00:00,CUST1127,Smartwatch Strap,5,19.16,India
INV501772,2026-05-05 00:00:00,CUST1177,USB-C Hub,4,49.05,India
INV501772,2026-05-05 00:00:00,CUST1177,Power Bank,6,39.57,Singapore
INV501824,2026-05-05 00:00:00,CUST1182,Desk Lamp,2,24.12,India
INV501824,2026-05-05 00:00:00,CUST1182,Water Bottle,3,11.92,United Kingdom
INV501824,2026-05-05 00:00:00,CUST1182,Smartwatch Strap,1,10.89,India
INV502146,2026-05-05 00:00:00,CUST1214,Bluetooth Speaker,3,43.46,India
INV503049,2026-05-05 00:00:00,CUST1307,Mini Tripod,4,12.13,India
INV503083,2026-05-05 00:00:00,CUST1311,Webcam,3,46.03,India
INV503083,2026-05-05 00:00:00,CUST1311,Laptop Stand,2,31.73,UAE
INV503083,2026-05-05 00:00:00,CUST1311,Gaming Mouse Pad,1,17.69,India
INV500277,2026-05-06 00:00:00,CUST1025,USB-C Hub,1,32.39,United Kingdom
INV500299,2026-05-06 00:00:00,CUST1027,Laptop Stand,2,40.2,UAE
INV500299,2026-05-06 00:00:00,CUST1027,Water Bottle,6,18.39,United Kingdom
INV500299,2026-05-06 00:00:00,CUST1027,Desk Lamp,4,31.19,India
INV502049,2026-05-06 00:00:00,CUST1205,Smartwatch Strap,1,13.96,UAE
INV502049,2026-05-06 00:00:00,CUST1205,Power Bank,3,31.79,India
INV502053,2026-05-06 00:00:00,CUST1205,Fitness Band,1,39.46,United Kingdom
INV502053,2026-05-06 00:00:00,CUST1205,Mechanical Keyboard,2,61.36,India
INV502889,2026-05-06 00:00:00,CUST1292,Charging Cable,3,4.97,India
INV502889,2026-05-06 00:00:00,CUST1292,Fitness Band,1,26.25,Singapore
INV500736,2026-05-07 00:00:00,CUST1072,Portable SSD,4,98.03,United Kingdom
INV501267,2026-05-07 00:00:00,CUST1127,Headphones,5,65.8,India
INV501267,2026-05-07 00:00:00,CUST1127,Portable SSD,2,123.48,India
INV502263,2026-05-07 00:00:00,CUST1229,Webcam,4,50.87,India
INV502718,2026-05-07 00:00:00,CUST1276,Notebook Set,3,10.32,India
INV502968,2026-05-07 00:00:00,CUST1299,Charging Cable,3,8.54,India
INV502968,2026-05-07 00:00:00,CUST1299,Bluetooth Speaker,6,62.61,India
INV502968,2026-05-07 00:00:00,CUST1299,Water Bottle,6,21.85,India
INV500130,2026-05-08 00:00:00,CUST1010,Desk Lamp,5,30.75,Singapore
INV500130,2026-05-08 00:00:00,CUST1010,Backpack,4,51.36,UAE
INV500579,2026-05-08 00:00:00,CUST1053,Headphones,2,58.95,India
INV500579,2026-05-08 00:00:00,CUST1053,Fitness Band,1,37.89,India
INV500617,2026-05-08 00:00:00,CUST1057,Wireless Mouse,1,18.08,Singapore
INV500948,2026-05-08 00:00:00,CUST1094,Webcam,1,42.65,United Kingdom
INV500948,2026-05-08 00:00:00,CUST1094,USB-C Hub,4,24.78,UAE
INV500948,2026-05-08 00:00:00,CUST1094,Webcam,4,42.79,Singapore
INV501494,2026-05-08 00:00:00,CUST1149,Mechanical Keyboard,3,57.54,Singapore
INV501494,2026-05-08 00:00:00,CUST1149,Smartwatch Strap,3,13.45,India
INV501572,2026-05-08 00:00:00,CUST1159,Mini Tripod,4,12.5,UAE
INV501594,2026-05-08 00:00:00,CUST1161,USB-C Hub,4,34.05,UAE
INV501594,2026-05-08 00:00:00,CUST1161,Gaming Mouse Pad,6,19.13,Singapore
INV501594,2026-05-08 00:00:00,CUST1161,Mechanical Keyboard,5,60.13,India
INV502037,2026-05-08 00:00:00,CUST1203,Smartwatch Strap,4,10.18,India
INV502037,2026-05-08 00:00:00,CUST1203,HDMI Cable,1,7.49,UAE
INV502037,2026-05-08 00:00:00,CUST1203,Charging Cable,3,6.0,India
INV502997,2026-05-08 00:00:00,CUST1302,Gaming Mouse Pad,2,12.81,India
INV502997,2026-05-08 00:00:00,CUST1302,Notebook Set,1,5.44,India
INV502997,2026-05-08 00:00:00,CUST1302,Smartwatch Strap,3,9.32,United Kingdom
INV503515,2026-05-08 00:00:00,CUST1356,Gaming Mouse Pad,3,17.11,India
INV503515,2026-05-08 00:00:00,CUST1356,Mechanical Keyboard,2,52.69,Singapore
INV500107,2026-05-09 00:00:00,CUST1010,Smartwatch Strap,3,16.17,India
INV500107,2026-05-09 00:00:00,CUST1010,Charging Cable,4,8.32,India
INV500107,2026-05-09 00:00:00,CUST1010,Bluetooth Speaker,2,54.24,India
INV500712,2026-05-09 00:00:00,CUST1069,Desk Lamp,1,26.05,India
INV500712,2026-05-09 00:00:00,CUST1069,Power Bank,1,31.95,United Kingdom
INV500712,2026-05-09 00:00:00,CUST1069,Power Bank,4,29.29,India
INV500882,2026-05-09 00:00:00,CUST1089,Notebook Set,2,9.42,United Kingdom
INV500882,2026-05-09 00:00:00,CUST1089,Phone Case,3,11.31,United Kingdom
INV501055,2026-05-09 00:00:00,CUST1105,Bluetooth Speaker,4,39.06,India
INV501087,2026-05-09 00:00:00,CUST1108,Laptop Stand,2,30.52,India
INV501571,2026-05-09 00:00:00,CUST1159,Notebook Set,1,7.65,Singapore
INV501925,2026-05-09 00:00:00,CUST1191,Bluetooth Speaker,3,43.05,United Kingdom
INV501925,2026-05-09 00:00:00,CUST1191,Smartwatch Strap,1,15.42,United Kingdom
INV502310,2026-05-09 00:00:00,CUST1232,Charging Cable,1,6.76,India
INV502310,2026-05-09 00:00:00,CUST1232,USB-C Hub,1,27.82,United Kingdom
INV502310,2026-05-09 00:00:00,CUST1232,Gaming Mouse Pad,4,17.55,Singapore
INV502833,2026-05-09 00:00:00,CUST1288,Wireless Mouse,3,23.15,India
INV500086,2026-05-10 00:00:00,CUST1008,HDMI Cable,3,11.25,India
INV500086,2026-05-10 00:00:00,CUST1008,Water Bottle,3,16.06,India
INV500086,2026-05-10 00:00:00,CUST1008,Phone Case,3,11.11,India
INV500595,2026-05-10 00:00:00,CUST1055,Bluetooth Speaker,2,38.56,UAE
INV500595,2026-05-10 00:00:00,CUST1055,Smartwatch Strap,1,10.3,India
INV500867,2026-05-10 00:00:00,CUST1086,Laptop Stand,2,29.27,India
INV501217,2026-05-10 00:00:00,CUST1125,Bluetooth Speaker,5,50.83,United Kingdom
INV501224,2026-05-10 00:00:00,CUST1125,Smartwatch Strap,3,16.61,United Kingdom
INV501224,2026-05-10 00:00:00,CUST1125,Headphones,3,62.85,India
INV501224,2026-05-10 00:00:00,CUST1125,Desk Lamp,5,34.17,India
INV501851,2026-05-10 00:00:00,CUST1185,Desk Lamp,3,31.47,India
INV501851,2026-05-10 00:00:00,CUST1185,Gaming Mouse Pad,2,20.16,UAE
INV501851,2026-05-10 00:00:00,CUST1185,Bluetooth Speaker,2,49.94,India
INV501908,2026-05-10 00:00:00,CUST1190,Bluetooth Speaker,3,40.59,India
INV502396,2026-05-10 00:00:00,CUST1242,Portable SSD,3,76.19,UAE
INV502396,2026-05-10 00:00:00,,Fitness Band,3,27.08,UAE
INV503430,2026-05-10 00:00:00,CUST1347,Portable SSD,3,74.29,UAE
INV503517,2026-05-10 00:00:00,CUST1356,Notebook Set,4,7.89,India
INV503864,2026-05-10 00:00:00,CUST1395,Notebook Set,3,10.11,India
INV503864,2026-05-10 00:00:00,CUST1395,Desk Lamp,5,29.41,UAE
INV500720,2026-05-11 00:00:00,CUST1070,Webcam,3,52.41,India
INV500983,2026-05-11 00:00:00,CUST1096,Charging Cable,3,6.34,India
INV500983,2026-05-11 00:00:00,CUST1096,Bluetooth Speaker,4,39.03,Singapore
INV500983,2026-05-11 00:00:00,CUST1096,Smartwatch Strap,2,11.21,India
INV501112,2026-05-11 00:00:00,CUST1110,Notebook Set,1,7.44,India
INV501541,2026-05-11 00:00:00,CUST1155,Phone Case,4,16.46,United Kingdom
INV501541,2026-05-11 00:00:00,CUST1155,Laptop Stand,5,53.64,United Kingdom
INV501573,2026-05-11 00:00:00,CUST1160,Wireless Mouse,4,17.17,United Kingdom
INV501573,2026-05-11 00:00:00,CUST1160,Desk Lamp,4,20.48,UAE
INV502643,2026-05-11 00:00:00,CUST1270,Laptop Stand,5,40.45,India
INV502643,2026-05-11 00:00:00,CUST1270,Notebook Set,6,9.96,India
INV502643,2026-05-11 00:00:00,CUST1270,Mini Tripod,6,14.19,UAE
INV502735,2026-05-11 00:00:00,CUST1277,Webcam,4,66.36,India
INV502735,2026-05-11 00:00:00,CUST1277,Wireless Mouse,3,24.06,India
INV502959,2026-05-11 00:00:00,CUST1299,USB-C Hub,5,40.68,India
INV502959,2026-05-11 00:00:00,CUST1299,Wireless Mouse,2,26.65,Singapore
INV502959,2026-05-11 00:00:00,CUST1299,Portable SSD,2,132.75,India
INV503806,2026-05-11 00:00:00,CUST1388,Portable SSD,4,82.38,India
INV503806,2026-05-11 00:00:00,CUST1388,Headphones,1,52.39,UAE
INV503806,2026-05-11 00:00:00,CUST1388,Mini Tripod,3,12.21,Singapore
INV500061,2026-05-12 00:00:00,CUST1006,Laptop Stand,3,25.11,India
INV500061,2026-05-12 00:00:00,CUST1006,Charging Cable,3,5.2,United Kingdom
INV502867,2026-05-12 00:00:00,CUST1291,Smartwatch Strap,4,14.3,India
INV502867,2026-05-12 00:00:00,CUST1291,Laptop Stand,2,36.05,India
INV503299,2026-05-12 00:00:00,CUST1334,Smartwatch Strap,5,16.91,India
INV503299,2026-05-12 00:00:00,CUST1334,Mechanical Keyboard,3,71.84,India
INV503299,2026-05-12 00:00:00,CUST1334,Laptop Stand,2,38.03,India
INV503825,2026-05-12 00:00:00,CUST1391,Notebook Set,3,7.31,Singapore
INV503903,2026-05-12 00:00:00,CUST1400,Webcam,2,41.62,India
INV503903,2026-05-12 00:00:00,CUST1400,Backpack,1,37.68,India
INV503903,2026-05-12 00:00:00,CUST1400,Desk Lamp,3,22.24,India
INV500835,2026-05-13 00:00:00,CUST1082,Smartwatch Strap,1,12.52,United Kingdom
INV500835,2026-05-13 00:00:00,CUST1082,Portable SSD,3,91.03,India
INV500835,2026-05-13 00:00:00,CUST1082,Mini Tripod,2,11.35,UAE
INV501221,2026-05-13 00:00:00,CUST1125,Webcam,2,55.95,India
INV501221,2026-05-13 00:00:00,CUST1125,Laptop Stand,2,42.6,India
INV501221,2026-05-13 00:00:00,CUST1125,Webcam,4,56.89,India
INV501469,2026-05-13 00:00:00,CUST1146,Mechanical Keyboard,1,61.86,India
INV502251,2026-05-13 00:00:00,CUST1228,Mini Tripod,4,11.9,UAE
INV502251,2026-05-13 00:00:00,CUST1228,Desk Lamp,4,24.91,India
INV502251,2026-05-13 00:00:00,CUST1228,Notebook Set,4,8.25,United Kingdom
INV502256,2026-05-13 00:00:00,CUST1229,Backpack,2,41.83,India
INV502256,2026-05-13 00:00:00,CUST1229,Portable SSD,2,104.36,UAE
INV502317,2026-05-13 00:00:00,CUST1233,Portable SSD,3,84.87,UAE
INV502317,2026-05-13 00:00:00,CUST1233,Smartwatch Strap,3,11.15,Singapore
INV502317,2026-05-13 00:00:00,CUST1233,Phone Case,2,8.48,India
INV503026,2026-05-13 00:00:00,CUST1305,Mini Tripod,4,15.37,Singapore
INV503207,2026-05-13 00:00:00,CUST1324,Charging Cable,4,6.17,Singapore
INV503207,2026-05-13 00:00:00,CUST1324,Water Bottle,3,15.91,India
INV503581,2026-05-13 00:00:00,CUST1363,Bluetooth Speaker,1,42.77,India
INV503581,2026-05-13 00:00:00,CUST1363,Headphones,1,47.32,Singapore
INV503884,2026-05-13 00:00:00,CUST1397,Water Bottle,1,16.39,India
INV503884,2026-05-13 00:00:00,CUST1397,Charging Cable,4,7.04,United Kingdom
INV500118,2026-05-14 00:00:00,CUST1010,Backpack,6,46.99,India
INV500118,2026-05-14 00:00:00,CUST1010,Fitness Band,4,43.8,Singapore
INV500203,2026-05-14 00:00:00,CUST1017,Backpack,3,43.08,India
INV500203,2026-05-14 00:00:00,CUST1017,Laptop Stand,1,30.21,India
INV500203,2026-05-14 00:00:00,CUST1017,HDMI Cable,2,8.88,India
INV501845,2026-05-14 00:00:00,CUST1184,Portable SSD,3,131.34,UAE
INV501845,2026-05-14 00:00:00,CUST1184,Water Bottle,6,21.06,Singapore
INV501845,2026-05-14 00:00:00,CUST1184,Power Bank,3,39.3,India
INV501849,2026-05-14 00:00:00,CUST1185,Smartwatch Strap,2,15.53,Singapore
INV501849,2026-05-14 00:00:00,CUST1185,Portable SSD,4,115.14,Singapore
INV501849,2026-05-14 00:00:00,CUST1185,Phone Case,3,12.58,India
INV502708,2026-05-14 00:00:00,CUST1276,Mechanical Keyboard,5,71.92,UAE
INV502708,2026-05-14 00:00:00,CUST1276,Charging Cable,3,9.18,India
INV502708,2026-05-14 00:00:00,CUST1276,Notebook Set,2,9.53,UAE
INV503034,2026-05-14 00:00:00,CUST1306,USB-C Hub,6,36.45,India
INV503034,2026-05-14 00:00:00,CUST1306,Desk Lamp,4,28.3,India
INV503034,2026-05-14 00:00:00,CUST1306,Mini Tripod,2,15.46,Singapore
INV503855,2026-05-14 00:00:00,CUST1395,Mini Tripod,4,15.49,Singapore
INV500155,2026-05-15 00:00:00,CUST1013,HDMI Cable,4,9.79,UAE
INV500155,2026-05-15 00:00:00,CUST1013,Laptop Stand,3,42.81,India
INV500175,2026-05-15 00:00:00,CUST1014,Phone Case,3,11.76,India
INV500175,2026-05-15 00:00:00,CUST1014,Fitness Band,1,41.48,UAE
INV500325,2026-05-15 00:00:00,CUST1028,Laptop Stand,3,47.25,India
INV500838,2026-05-15 00:00:00,CUST1082,Charging Cable,2,5.77,India
INV502700,2026-05-15 00:00:00,CUST1275,Portable SSD,4,100.63,United Kingdom
INV502700,2026-05-15 00:00:00,CUST1275,Notebook Set,4,9.17,United Kingdom
INV502700,2026-05-15 00:00:00,CUST1275,Notebook Set,3,8.74,India
INV502951,2026-05-15 00:00:00,CUST1298,Webcam,6,55.53,India
INV503018,2026-05-15 00:00:00,CUST1305,Backpack,3,55.16,UAE
INV503018,2026-05-15 00:00:00,CUST1305,USB-C Hub,5,38.62,United Kingdom
INV503018,2026-05-15 00:00:00,CUST1305,Water Bottle,4,21.82,United Kingdom
INV500018,2026-05-16 00:00:00,CUST1002,Gaming Mouse Pad,5,20.28,Singapore
INV500018,2026-05-16 00:00:00,CUST1002,Mini Tripod,4,14.35,India
INV500018,2026-05-16 00:00:00,CUST1002,USB-C Hub,4,40.04,India
INV500229,2026-05-16 00:00:00,CUST1020,Water Bottle,3,19.67,India
INV500229,2026-05-16 00:00:00,CUST1020,Headphones,6,69.66,Singapore
INV500356,2026-05-16 00:00:00,CUST1030,HDMI Cable,1,9.74,India
INV500356,2026-05-16 00:00:00,CUST1030,Gaming Mouse Pad,3,14.92,India
INV500919,2026-05-16 00:00:00,CUST1091,Fitness Band,3,43.72,India
INV500919,2026-05-16 00:00:00,CUST1091,Charging Cable,5,8.01,UAE
INV501335,2026-05-16 00:00:00,CUST1134,USB-C Hub,3,31.73,India
INV501335,2026-05-16 00:00:00,CUST1134,Fitness Band,4,36.47,United Kingdom
INV502519,2026-05-16 00:00:00,CUST1257,Gaming Mouse Pad,3,23.64,UAE
INV502519,2026-05-16 00:00:00,CUST1257,Phone Case,4,13.41,UAE
INV502519,2026-05-16 00:00:00,CUST1257,Headphones,6,73.3,Singapore
INV502580,2026-05-16 00:00:00,CUST1263,Bluetooth Speaker,2,45.11,India
INV503365,2026-05-16 00:00:00,CUST1340,Desk Lamp,1,25.78,Singapore
INV503721,2026-05-16 00:00:00,CUST1379,Mechanical Keyboard,2,60.01,India
INV500087,2026-05-17 00:00:00,CUST1008,Portable SSD,5,111.27,Singapore
INV500157,2026-05-17 00:00:00,CUST1013,Smartwatch Strap,2,15.76,India
INV500157,2026-05-17 00:00:00,CUST1013,Desk Lamp,3,28.73,United Kingdom
INV500157,2026-05-17 00:00:00,CUST1013,Desk Lamp,2,30.1,India
INV500366,2026-05-17 00:00:00,CUST1032,Desk Lamp,3,17.48,India
INV500551,2026-05-17 00:00:00,CUST1050,Fitness Band,2,35.66,India
INV500551,2026-05-17 00:00:00,CUST1050,USB-C Hub,1,31.56,India
INV500551,2026-05-17 00:00:00,CUST1050,Wireless Mouse,4,20.98,United Kingdom
INV500884,2026-05-17 00:00:00,CUST1089,Charging Cable,6,7.06,India
INV500884,2026-05-17 00:00:00,CUST1089,Smartwatch Strap,4,13.75,United Kingdom
INV500884,2026-05-17 00:00:00,CUST1089,Backpack,3,43.82,UAE
INV500894,2026-05-17 00:00:00,CUST1089,Backpack,2,44.22,India
INV500991,2026-05-17 00:00:00,CUST1097,HDMI Cable,2,8.91,UAE
INV500991,2026-05-17 00:00:00,CUST1097,Water Bottle,3,14.89,India
INV501266,2026-05-17 00:00:00,CUST1127,Mini Tripod,6,17.66,United Kingdom
INV501266,2026-05-17 00:00:00,CUST1127,Backpack,6,56.83,India
INV501266,2026-05-17 00:00:00,CUST1127,Notebook Set,3,10.68,India
INV501720,2026-05-17 00:00:00,CUST1172,Fitness Band,2,27.94,Singapore
INV501720,2026-05-17 00:00:00,CUST1172,Power Bank,1,20.49,India
INV503777,2026-05-17 00:00:00,CUST1386,Power Bank,4,30.43,India
INV503777,2026-05-17 00:00:00,CUST1386,Laptop Stand,3,35.71,UAE
INV503777,2026-05-17 00:00:00,CUST1386,Water Bottle,1,15.76,India
INV501461,2026-05-18 00:00:00,CUST1145,Headphones,1,45.51,India
INV501956,2026-05-18 00:00:00,CUST1195,USB-C Hub,4,28.74,Singapore
INV502230,2026-05-18 00:00:00,CUST1225,Desk Lamp,5,38.33,UAE
INV502729,2026-05-18 00:00:00,CUST1277,HDMI Cable,5,12.6,India
INV502942,2026-05-18 00:00:00,CUST1298,Wireless Mouse,4,24.24,India
INV502942,2026-05-18 00:00:00,CUST1298,Headphones,6,67.73,India
INV502942,2026-05-18 00:00:00,CUST1298,Wireless Mouse,4,24.17,India
INV503540,2026-05-18 00:00:00,CUST1359,Gaming Mouse Pad,3,22.15,India
INV503852,2026-05-18 00:00:00,CUST1395,Smartwatch Strap,3,16.35,Singapore
INV503852,2026-05-18 00:00:00,CUST1395,Laptop Stand,3,43.48,India
INV503852,2026-05-18 00:00:00,CUST1395,HDMI Cable,6,10.18,Singapore
INV500115,2026-05-19 00:00:00,CUST1010,Fitness Band,6,46.91,India
INV500115,2026-05-19 00:00:00,CUST1010,Fitness Band,4,44.48,UAE
INV500367,2026-05-19 00:00:00,CUST1033,Mini Tripod,1,10.71,India
INV500367,2026-05-19 00:00:00,CUST1033,Notebook Set,2,6.27,India
INV500367,2026-05-19 00:00:00,CUST1033,Smartwatch Strap,1,11.67,UAE
INV501305,2026-05-19 00:00:00,CUST1132,Gaming Mouse Pad,2,18.35,United Kingdom
INV501305,2026-05-19 00:00:00,CUST1132,Wireless Mouse,6,20.99,India
INV501647,2026-05-19 00:00:00,CUST1166,Desk Lamp,6,33.38,Singapore
INV501647,2026-05-19 00:00:00,CUST1166,Desk Lamp,3,33.35,India
INV501992,2026-05-19 00:00:00,CUST1198,Smartwatch Strap,5,16.04,India
INV501992,2026-05-19 00:00:00,CUST1198,Wireless Mouse,3,24.65,India
INV501992,2026-05-19 00:00:00,CUST1198,Backpack,5,44.51,India
INV502212,2026-05-19 00:00:00,CUST1222,Backpack,1,35.57,India
INV502212,2026-05-19 00:00:00,CUST1222,Portable SSD,2,85.8,India
INV502610,2026-05-19 00:00:00,CUST1265,Headphones,1,48.57,UAE
INV502610,2026-05-19 00:00:00,CUST1265,Gaming Mouse Pad,2,17.13,Singapore
INV502610,2026-05-19 00:00:00,CUST1265,Fitness Band,1,31.3,India
INV503169,2026-05-19 00:00:00,CUST1319,USB-C Hub,1,27.77,India
INV503169,2026-05-19 00:00:00,CUST1319,Mini Tripod,4,10.03,India
INV503169,2026-05-19 00:00:00,CUST1319,Bluetooth Speaker,4,35.39,India
INV503680,2026-05-19 00:00:00,CUST1376,Portable SSD,4,140.26,Singapore
INV503680,2026-05-19 00:00:00,CUST1376,Power Bank,6,40.2,India
INV503840,2026-05-19 00:00:00,CUST1393,Charging Cable,1,7.12,India
INV503840,2026-05-19 00:00:00,CUST1393,Backpack,4,45.48,India
INV503840,2026-05-19 00:00:00,CUST1393,Charging Cable,4,7.62,India
INV500098,2026-05-20 00:00:00,CUST1009,Fitness Band,1,35.78,UAE
INV500098,2026-05-20 00:00:00,CUST1009,Smartwatch Strap,4,13.98,Singapore
INV500098,2026-05-20 00:00:00,CUST1009,Fitness Band,2,36.67,India
INV501384,2026-05-20 00:00:00,CUST1137,Portable SSD,3,104.09,India
INV501384,2026-05-20 00:00:00,CUST1137,Gaming Mouse Pad,6,22.08,India
INV501593,2026-05-20 00:00:00,CUST1161,Headphones,6,61.99,India
INV501593,2026-05-20 00:00:00,CUST1161,HDMI Cable,4,10.73,India
INV501593,2026-05-20 00:00:00,CUST1161,Charging Cable,4,8.27,United Kingdom
INV501886,2026-05-20 00:00:00,CUST1188,Mini Tripod,4,10.89,UAE
INV501886,2026-05-20 00:00:00,CUST1188,Backpack,1,32.09,Singapore
INV501886,2026-05-20 00:00:00,CUST1188,Notebook Set,2,7.01,India
INV502330,2026-05-20 00:00:00,CUST1235,Mini Tripod,1,12.14,India
INV502330,2026-05-20 00:00:00,CUST1235,Laptop Stand,2,33.82,India
INV502518,2026-05-20 00:00:00,CUST1257,Portable SSD,4,126.56,India
INV502518,2026-05-20 00:00:00,CUST1257,HDMI Cable,6,11.86,India
INV502732,2026-05-20 00:00:00,CUST1277,Charging Cable,5,9.13,India
INV502846,2026-05-20 00:00:00,CUST1289,Laptop Stand,3,37.58,United Kingdom
INV502846,2026-05-20 00:00:00,CUST1289,Fitness Band,2,34.62,India
INV503357,2026-05-20 00:00:00,CUST1340,Notebook Set,1,9.65,India
INV503357,2026-05-20 00:00:00,CUST1340,Phone Case,1,13.05,India
INV501234,2026-05-21 00:00:00,CUST1126,Portable SSD,4,100.03,Singapore
INV502090,2026-05-21 00:00:00,CUST1208,Power Bank,2,32.92,India
INV502281,2026-05-21 00:00:00,CUST1231,Backpack,4,49.11,Singapore
INV502281,2026-05-21 00:00:00,CUST1231,Water Bottle,5,18.32,India
INV502281,2026-05-21 00:00:00,CUST1231,Phone Case,5,13.05,India
INV503118,2026-05-21 00:00:00,CUST1314,Water Bottle,6,20.41,India
INV503118,2026-05-21 00:00:00,CUST1314,USB-C Hub,5,47.72,Singapore
INV503118,2026-05-21 00:00:00,CUST1314,Mechanical Keyboard,6,83.75,United Kingdom
INV503553,2026-05-21 00:00:00,CUST1359,Wireless Mouse,4,27.6,Singapore
INV503560,2026-05-21 00:00:00,CUST1359,Fitness Band,4,47.8,India
INV501246,2026-05-22 00:00:00,CUST1127,Wireless Mouse,5,25.82,UAE
INV501246,2026-05-22 00:00:00,CUST1127,Smartwatch Strap,3,19.33,India
INV501983,2026-05-22 00:00:00,CUST1198,Webcam,5,52.22,UAE
INV501665,2026-05-23 00:00:00,CUST1167,Charging Cable,4,6.47,Singapore
INV501799,2026-05-23 00:00:00,CUST1178,Wireless Mouse,2,18.97,India
INV501858,2026-05-23 00:00:00,CUST1185,Backpack,2,46.64,India
INV501858,2026-05-23 00:00:00,CUST1185,Gaming Mouse Pad,4,18.77,India
INV501858,2026-05-23 00:00:00,CUST1185,Mechanical Keyboard,4,69.57,Singapore
INV502197,2026-05-23 00:00:00,CUST1220,Mechanical Keyboard,3,51.55,United Kingdom
INV502388,2026-05-23 00:00:00,CUST1241,Mini Tripod,1,10.75,United Kingdom
INV502388,2026-05-23 00:00:00,CUST1241,Backpack,1,34.05,Singapore
INV500371,2026-05-24 00:00:00,CUST1034,Phone Case,4,10.0,India
INV500371,2026-05-24 00:00:00,CUST1034,Water Bottle,4,13.08,Singapore
INV500371,2026-05-24 00:00:00,CUST1034,Mini Tripod,3,10.62,United Kingdom
INV501958,2026-05-24 00:00:00,CUST1195,Notebook Set,2,7.22,UAE
INV501958,2026-05-24 00:00:00,CUST1195,Desk Lamp,2,25.57,India
INV501958,2026-05-24 00:00:00,CUST1195,Webcam,3,42.49,India
INV502069,2026-05-24 00:00:00,CUST1206,HDMI Cable,1,10.08,Singapore
INV502069,2026-05-24 00:00:00,CUST1206,Fitness Band,1,40.25,India
INV502121,2026-05-24 00:00:00,CUST1210,Water Bottle,1,14.74,UAE
INV502121,2026-05-24 00:00:00,CUST1210,Smartwatch Strap,3,13.41,Singapore
INV502641,2026-05-24 00:00:00,CUST1270,Webcam,4,56.34,India
INV502826,2026-05-24 00:00:00,CUST1288,Laptop Stand,3,40.15,India
INV502898,2026-05-24 00:00:00,CUST1294,Bluetooth Speaker,4,37.83,India
INV502898,2026-05-24 00:00:00,CUST1294,Power Bank,4,24.78,India
INV503332,2026-05-24 00:00:00,CUST1337,Portable SSD,3,93.49,India
INV503332,2026-05-24 00:00:00,CUST1337,Laptop Stand,2,34.14,India
INV503332,2026-05-24 00:00:00,CUST1337,Mini Tripod,2,11.92,India
INV503838,2026-05-24 00:00:00,CUST1393,Portable SSD,4,96.73,India
INV503838,2026-05-24 00:00:00,CUST1393,Webcam,4,52.3,Singapore
INV503838,2026-05-24 00:00:00,CUST1393,Notebook Set,4,7.95,India
INV500665,2026-05-25 00:00:00,CUST1065,Webcam,2,51.58,Singapore
INV500665,2026-05-25 00:00:00,CUST1065,Desk Lamp,3,27.24,UAE
INV500665,2026-05-25 00:00:00,CUST1065,USB-C Hub,4,29.02,India
INV500831,2026-05-25 00:00:00,CUST1082,Backpack,4,39.17,India
INV501905,2026-05-25 00:00:00,CUST1189,Phone Case,4,11.03,India
INV501905,2026-05-25 00:00:00,CUST1189,Power Bank,1,29.75,Singapore
INV501905,2026-05-25 00:00:00,CUST1189,Power Bank,2,31.37,India
INV501997,2026-05-25 00:00:00,CUST1198,Laptop Stand,6,43.27,India
INV501997,2026-05-25 00:00:00,CUST1198,Mini Tripod,4,16.08,India
INV503450,2026-05-25 00:00:00,CUST1350,HDMI Cable,4,10.31,India
INV503450,2026-05-25 00:00:00,CUST1350,Fitness Band,3,0.0,United Kingdom
INV503450,2026-05-25 00:00:00,CUST1350,Wireless Mouse,2,19.18,India
INV503607,2026-05-25 00:00:00,CUST1367,Wireless Mouse,4,20.61,India
INV503607,2026-05-25 00:00:00,CUST1367,Bluetooth Speaker,1,40.98,United Kingdom
INV503641,2026-05-25 00:00:00,CUST1371,Wireless Mouse,1,20.54,India
INV503641,2026-05-25 00:00:00,CUST1371,USB-C Hub,2,30.02,UAE
INV503641,2026-05-25 00:00:00,CUST1371,Mechanical Keyboard,3,56.1,India
INV500088,2026-05-26 00:00:00,CUST1008,Charging Cable,4,8.3,UAE
INV500088,2026-05-26 00:00:00,CUST1008,Notebook Set,3,8.82,India
INV500088,2026-05-26 00:00:00,CUST1008,Fitness Band,4,41.96,United Kingdom
INV500204,2026-05-26 00:00:00,CUST1017,HDMI Cable,2,8.7,India
INV500204,2026-05-26 00:00:00,CUST1017,Portable SSD,1,87.61,India
INV500204,2026-05-26 00:00:00,CUST1017,Laptop Stand,2,31.85,India
INV500431,2026-05-26 00:00:00,CUST1042,Notebook Set,3,11.66,India
INV500431,2026-05-26 00:00:00,CUST1042,Gaming Mouse Pad,6,22.7,India
INV500663,2026-05-26 00:00:00,CUST1065,Laptop Stand,4,33.41,India
INV500663,2026-05-26 00:00:00,CUST1065,Notebook Set,2,7.28,India
INV500663,2026-05-26 00:00:00,CUST1065,Portable SSD,4,97.77,India
INV502051,2026-05-26 00:00:00,CUST1205,Bluetooth Speaker,4,45.46,India
INV502051,2026-05-26 00:00:00,CUST1205,HDMI Cable,4,10.74,UAE
INV503226,2026-05-26 00:00:00,CUST1325,Notebook Set,2,10.87,United Kingdom
INV503226,2026-05-26 00:00:00,CUST1325,Phone Case,6,15.93,India
INV503226,2026-05-26 00:00:00,CUST1325,Mini Tripod,5,16.45,India
INV503248,2026-05-26 00:00:00,CUST1327,HDMI Cable,1,7.69,India
INV500285,2026-05-27 00:00:00,CUST1026,Webcam,3,45.3,UAE
INV500864,2026-05-27 00:00:00,CUST1086,Notebook Set,4,7.67,UAE
INV501702,2026-05-27 00:00:00,CUST1170,Smartwatch Strap,6,18.11,Singapore
INV503664,2026-05-27 00:00:00,CUST1375,Mechanical Keyboard,2,65.9,United Kingdom
INV503664,2026-05-27 00:00:00,CUST1375,Phone Case,1,12.35,India
INV503664,2026-05-27 00:00:00,CUST1375,Water Bottle,2,16.01,UAE
INV503796,2026-05-27 00:00:00,CUST1387,Mechanical Keyboard,6,75.87,India
INV503796,2026-05-27 00:00:00,CUST1387,Power Bank,3,39.63,Singapore
INV503796,2026-05-27 00:00:00,CUST1387,Wireless Mouse,4,31.15,United Kingdom
INV500259,2026-05-28 00:00:00,CUST1023,USB-C Hub,3,37.98,India
INV500259,2026-05-28 00:00:00,CUST1023,Wireless Mouse,1,21.2,UAE
INV500259,2026-05-28 00:00:00,CUST1023,Fitness Band,2,36.34,Singapore
INV500670,2026-05-28 00:00:00,CUST1067,Portable SSD,1,92.45,India
INV501037,2026-05-28 00:00:00,CUST1101,Phone Case,6,13.89,India
INV501037,2026-05-28 00:00:00,CUST1101,Notebook Set,6,10.9,India
INV501270,2026-05-28 00:00:00,CUST1128,Fitness Band,2,36.37,UAE
INV501327,2026-05-28 00:00:00,CUST1133,Portable SSD,3,88.23,United Kingdom
INV501327,2026-05-28 00:00:00,CUST1133,Notebook Set,2,7.95,India
INV501939,2026-05-28 00:00:00,CUST1193,Phone Case,3,10.28,Singapore
INV501939,2026-05-28 00:00:00,CUST1193,Mini Tripod,3,11.49,India
INV502346,2026-05-28 00:00:00,CUST1236,Mini Tripod,3,16.87,India
INV502346,2026-05-28 00:00:00,CUST1236,Laptop Stand,4,51.14,United Kingdom
INV502397,2026-05-28 00:00:00,CUST1243,Backpack,3,30.59,United Kingdom
INV502397,2026-05-28 00:00:00,CUST1243,Charging Cable,1,5.93,India
INV502852,2026-05-28 00:00:00,CUST1289,USB-C Hub,1,36.9,United Kingdom
INV502949,2026-05-28 00:00:00,CUST1298,Mini Tripod,2,16.16,India
INV502964,2026-05-28 00:00:00,CUST1299,Laptop Stand,4,43.33,India
INV502964,2026-05-28 00:00:00,CUST1299,Fitness Band,2,50.43,India
INV503030,2026-05-28 00:00:00,CUST1305,Bluetooth Speaker,5,55.9,India
INV503030,2026-05-28 00:00:00,CUST1305,USB-C Hub,3,41.79,India
INV500492,2026-05-29 00:00:00,CUST1046,Desk Lamp,4,29.33,India
INV500492,2026-05-29 00:00:00,CUST1046,Phone Case,3,12.97,United Kingdom
INV500492,2026-05-29 00:00:00,CUST1046,Mini Tripod,4,14.17,UAE
INV501467,2026-05-29 00:00:00,CUST1146,USB-C Hub,1,31.24,India
INV501467,2026-05-29 00:00:00,CUST1146,Bluetooth Speaker,2,45.22,Singapore
INV501467,2026-05-29 00:00:00,CUST1146,Water Bottle,1,15.67,India
INV501743,2026-05-29 00:00:00,CUST1175,Headphones,4,46.42,India
INV501743,2026-05-29 00:00:00,CUST1175,USB-C Hub,1,30.13,India
INV502065,2026-05-29 00:00:00,CUST1206,Laptop Stand,4,39.03,United Kingdom
INV502065,2026-05-29 00:00:00,CUST1206,Headphones,1,61.08,India
INV502065,2026-05-29 00:00:00,CUST1206,Backpack,2,46.82,India
INV503038,2026-05-29 00:00:00,CUST1306,USB-C Hub,6,34.47,United Kingdom
INV503038,2026-05-29 00:00:00,CUST1306,Portable SSD,4,102.21,Singapore
INV503038,2026-05-29 00:00:00,CUST1306,Wireless Mouse,2,22.79,India
INV503337,2026-05-29 00:00:00,CUST1337,Water Bottle,1,16.1,India
INV503337,2026-05-29 00:00:00,CUST1337,Fitness Band,2,31.96,India
INV503514,2026-05-29 00:00:00,CUST1356,Wireless Mouse,1,19.26,India
INV503514,2026-05-29 00:00:00,CUST1356,Bluetooth Speaker,4,40.03,United Kingdom
INV503514,2026-05-29 00:00:00,CUST1356,Smartwatch Strap,3,11.9,United Kingdom
INV503583,2026-05-29 00:00:00,CUST1363,Bluetooth Speaker,2,37.65,India
INV503583,2026-05-29 00:00:00,CUST1363,HDMI Cable,3,8.6,India
INV503728,2026-05-29 00:00:00,CUST1380,Webcam,2,41.34,United Kingdom
INV503728,2026-05-29 00:00:00,CUST1380,Power Bank,3,23.09,India
INV503910,2026-05-29 00:00:00,CUST1400,Smartwatch Strap,1,10.69,UAE
INV500048,2026-05-30 00:00:00,CUST1004,USB-C Hub,3,32.34,Singapore
INV500048,2026-05-30 00:00:00,CUST1004,Gaming Mouse Pad,4,18.1,UAE
INV500048,2026-05-30 00:00:00,CUST1004,Portable SSD,1,93.27,India
INV500748,2026-05-30 00:00:00,CUST1074,Charging Cable,3,8.05,United Kingdom
INV500748,2026-05-30 00:00:00,CUST1074,Notebook Set,3,8.54,India
INV500901,2026-05-30 00:00:00,CUST1089,Charging Cable,4,6.96,UAE
INV500901,2026-05-30 00:00:00,CUST1089,Smartwatch Strap,5,14.18,India
INV500955,2026-05-30 00:00:00,CUST1094,Phone Case,3,9.24,India
INV501546,2026-05-30 00:00:00,CUST1155,Webcam,5,73.37,India
INV501675,2026-05-30 00:00:00,CUST1168,Fitness Band,1,30.39,Singapore
INV501675,2026-05-30 00:00:00,CUST1168,Phone Case,1,10.75,Singapore
INV501675,2026-05-30 00:00:00,CUST1168,Webcam,1,42.29,India
INV502223,2026-05-30 00:00:00,CUST1225,Fitness Band,6,50.59,India
INV502292,2026-05-30 00:00:00,CUST1231,HDMI Cable,2,11.76,India
INV502292,2026-05-30 00:00:00,CUST1231,Smartwatch Strap,6,15.73,India
INV502589,2026-05-30 00:00:00,CUST1263,Water Bottle,1,17.03,India
INV502782,2026-05-30 00:00:00,CUST1284,Desk Lamp,4,26.48,India
INV502915,2026-05-30 00:00:00,CUST1297,Water Bottle,2,15.38,UAE
INV502915,2026-05-30 00:00:00,CUST1297,Water Bottle,4,16.72,India
INV500347,2026-05-31 00:00:00,CUST1028,Mechanical Keyboard,5,76.37,Singapore
INV500347,2026-05-31 00:00:00,CUST1028,Notebook Set,6,9.7,UAE
INV500347,2026-05-31 00:00:00,CUST1028,Phone Case,3,14.54,Singapore
INV500830,2026-05-31 00:00:00,CUST1082,Webcam,2,41.72,UAE
INV500830,2026-05-31 00:00:00,CUST1082,Power Bank,1,26.57,Singapore
INV500905,2026-05-31 00:00:00,CUST1090,Backpack,2,57.82,India
INV501057,2026-05-31 00:00:00,CUST1105,Desk Lamp,1,25.11,Singapore
INV501106,2026-05-31 00:00:00,CUST1109,Laptop Stand,4,37.79,India
INV501106,2026-05-31 00:00:00,CUST1109,Wireless Mouse,3,23.31,Singapore
INV501484,2026-05-31 00:00:00,CUST1149,Laptop Stand,3,32.45,India
INV501484,2026-05-31 00:00:00,CUST1149,Webcam,1,51.93,India
INV501501,2026-05-31 00:00:00,CUST1150,Fitness Band,2,27.28,India
INV501501,2026-05-31 00:00:00,CUST1150,Mini Tripod,1,11.04,India
INV501994,2026-05-31 00:00:00,CUST1198,Power Bank,4,35.96,Singapore
INV501994,2026-05-31 00:00:00,CUST1198,Desk Lamp,5,32.91,India
INV502661,2026-05-31 00:00:00,CUST1272,Gaming Mouse Pad,3,18.21,UAE
INV502661,2026-05-31 00:00:00,CUST1272,Webcam,3,52.34,United Kingdom
INV502788,2026-05-31 00:00:00,CUST1284,Webcam,2,46.11,United Kingdom
INV502788,2026-05-31 00:00:00,CUST1284,Webcam,1,44.73,Singapore
INV502788,2026-05-31 00:00:00,CUST1284,Charging Cable,2,6.25,Singapore
INV502937,2026-05-31 00:00:00,CUST1298,Webcam,2,53.27,India
INV502956,2026-05-31 00:00:00,CUST1299,Notebook Set,3,10.57,India
INV502956,2026-05-31 00:00:00,CUST1299,Fitness Band,6,47.94,India
INV503032,2026-05-31 00:00:00,CUST1305,HDMI Cable,2,13.64,India
INV503036,2026-05-31 00:00:00,CUST1306,Fitness Band,3,39.91,India
INV503374,2026-05-31 00:00:00,CUST1341,Water Bottle,2,14.2,India
INV500347,2026-05-31 00:00:00,CUST1028,Notebook Set,6,9.7,UAE
INV500388,2026-06-01 00:00:00,CUST1036,Laptop Stand,1,32.26,Singapore
INV500510,2026-06-01 00:00:00,CUST1047,Notebook Set,4,10.31,India
INV500510,2026-06-01 00:00:00,CUST1047,USB-C Hub,5,37.75,India
INV500510,2026-06-01 00:00:00,CUST1047,Fitness Band,3,44.18,India
INV500813,2026-06-01 00:00:00,CUST1080,Webcam,1,42.95,Singapore
INV500813,2026-06-01 00:00:00,CUST1080,HDMI Cable,3,8.94,Singapore
INV500813,2026-06-01 00:00:00,CUST1080,Smartwatch Strap,3,11.6,UAE
INV501457,2026-06-01 00:00:00,CUST1145,Mini Tripod,2,12.09,Singapore
INV501457,2026-06-01 00:00:00,CUST1145,Mini Tripod,2,11.03,India
INV501457,2026-06-01 00:00:00,CUST1145,Mechanical Keyboard,2,53.68,United Kingdom
INV501559,2026-06-01 00:00:00,CUST1157,Portable SSD,2,99.48,India
INV501559,2026-06-01 00:00:00,CUST1157,Fitness Band,4,41.58,India
INV501559,2026-06-01 00:00:00,CUST1157,Fitness Band,2,39.89,India
INV501790,2026-06-01 00:00:00,CUST1178,Smartwatch Strap,1,11.34,India
INV501790,2026-06-01 00:00:00,CUST1178,Fitness Band,4,35.29,Singapore
INV501829,2026-06-01 00:00:00,CUST1183,Mini Tripod,3,13.66,United Kingdom
INV502022,2026-06-01 00:00:00,CUST1202,Wireless Mouse,3,16.75,Singapore
INV502022,2026-06-01 00:00:00,CUST1202,Fitness Band,4,32.9,India
INV502022,2026-06-01 00:00:00,CUST1202,Charging Cable,1,5.62,India
INV502868,2026-06-01 00:00:00,CUST1291,Gaming Mouse Pad,6,17.5,India
INV502868,2026-06-01 00:00:00,CUST1291,Phone Case,5,11.06,India
INV502868,2026-06-01 00:00:00,CUST1291,Mini Tripod,6,14.13,India
INV502966,2026-06-01 00:00:00,CUST1299,Desk Lamp,5,31.89,India
INV502966,2026-06-01 00:00:00,CUST1299,Notebook Set,2,9.98,Singapore
INV502966,2026-06-01 00:00:00,CUST1299,Mini Tripod,2,15.57,India
INV503483,2026-06-01 00:00:00,CUST1354,Mechanical Keyboard,5,84.68,India
INV503483,2026-06-01 00:00:00,CUST1354,Charging Cable,6,9.22,UAE
INV500159,2026-06-02 00:00:00,CUST1013,Gaming Mouse Pad,3,20.8,UAE
INV500159,2026-06-02 00:00:00,CUST1013,Charging Cable,2,7.97,United Kingdom
INV500163,2026-06-02 00:00:00,CUST1013,Mechanical Keyboard,2,73.62,India
INV500163,2026-06-02 00:00:00,CUST1013,Mechanical Keyboard,4,65.88,Singapore
INV500163,2026-06-02 00:00:00,CUST1013,Webcam,5,53.41,India
INV500552,2026-06-02 00:00:00,CUST1050,Wireless Mouse,2,19.92,India
INV500906,2026-06-02 00:00:00,CUST1090,Mini Tripod,2,17.02,United Kingdom
INV500906,2026-06-02 00:00:00,CUST1090,Bluetooth Speaker,2,53.85,India
INV500906,2026-06-02 00:00:00,CUST1090,USB-C Hub,3,39.12,United Kingdom
INV502627,2026-06-02 00:00:00,CUST1268,Mechanical Keyboard,3,51.56,Singapore
INV502781,2026-06-02 00:00:00,CUST1283,Gaming Mouse Pad,2,13.34,United Kingdom
INV502781,2026-06-02 00:00:00,CUST1283,Headphones,1,37.7,India
INV500706,2026-06-03 00:00:00,CUST1069,Laptop Stand,2,33.46,India
INV500706,2026-06-03 00:00:00,CUST1069,Bluetooth Speaker,3,45.74,India
INV500706,2026-06-03 00:00:00,CUST1069,Charging Cable,4,6.32,India
INV501031,2026-06-03 00:00:00,CUST1101,Smartwatch Strap,5,19.2,India
INV501031,2026-06-03 00:00:00,CUST1101,Gaming Mouse Pad,4,25.63,India
INV501074,2026-06-03 00:00:00,CUST1107,Portable SSD,6,0.0,India
CINV501074,2026-06-03 00:00:00,CUST1107,Wireless Mouse,-4,21.45,India
INV501530,2026-06-03 00:00:00,CUST1154,Smartwatch Strap,3,9.18,India
INV501827,2026-06-03 00:00:00,CUST1183,Power Bank,3,32.36,India
INV501827,2026-06-03 00:00:00,CUST1183,Water Bottle,4,16.69,India
INV502325,2026-06-03 00:00:00,CUST1235,Bluetooth Speaker,2,37.78,India
INV502325,2026-06-03 00:00:00,CUST1235,USB-C Hub,4,31.57,UAE
INV503697,2026-06-03 00:00:00,CUST1377,Gaming Mouse Pad,3,15.71,Singapore
INV503697,2026-06-03 00:00:00,CUST1377,Mechanical Keyboard,1,47.6,India
INV503697,2026-06-03 00:00:00,CUST1377,HDMI Cable,2,8.01,India
INV500092,2026-06-04 00:00:00,CUST1009,HDMI Cable,2,9.31,India
INV500092,2026-06-04 00:00:00,CUST1009,Backpack,4,44.31,UAE
INV500094,2026-06-04 00:00:00,CUST1009,Backpack,2,42.8,India
INV500094,2026-06-04 00:00:00,CUST1009,Desk Lamp,4,27.01,India
INV500302,2026-06-04 00:00:00,CUST1027,Power Bank,4,36.36,India
INV500302,2026-06-04 00:00:00,CUST1027,Gaming Mouse Pad,5,21.96,UAE
INV500302,2026-06-04 00:00:00,CUST1027,Water Bottle,6,17.15,India
INV501307,2026-06-04 00:00:00,CUST1132,Water Bottle,4,17.61,India
INV501379,2026-06-04 00:00:00,CUST1137,Water Bottle,6,16.69,India
INV501379,2026-06-04 00:00:00,CUST1137,Mechanical Keyboard,4,69.03,UAE
INV501379,2026-06-04 00:00:00,CUST1137,Headphones,2,57.93,India
INV501404,2026-06-04 00:00:00,CUST1140,Laptop Stand,2,39.43,India
INV501404,2026-06-04 00:00:00,CUST1140,Headphones,6,69.55,Singapore
INV502149,2026-06-04 00:00:00,CUST1214,Water Bottle,1,13.1,India
INV502149,2026-06-04 00:00:00,CUST1214,Smartwatch Strap,4,11.9,India
INV502149,2026-06-04 00:00:00,CUST1214,Headphones,1,50.25,India
INV502324,2026-06-04 00:00:00,CUST1234,Webcam,3,44.16,India
INV502324,2026-06-04 00:00:00,CUST1234,HDMI Cable,2,9.52,Singapore
INV502324,2026-06-04 00:00:00,CUST1234,Power Bank,3,25.08,United Kingdom
INV502655,2026-06-04 00:00:00,CUST1271,Wireless Mouse,4,20.17,UAE
INV503144,2026-06-04 00:00:00,CUST1315,Mini Tripod,2,9.68,India
INV503144,2026-06-04 00:00:00,CUST1315,Notebook Set,2,5.85,India
INV503270,2026-06-04 00:00:00,CUST1329,Smartwatch Strap,2,12.38,India
INV503270,2026-06-04 00:00:00,CUST1329,Smartwatch Strap,4,11.58,India
INV503270,2026-06-04 00:00:00,CUST1329,Wireless Mouse,2,17.44,UAE
INV503772,2026-06-04 00:00:00,CUST1385,Fitness Band,1,38.08,India
INV503772,2026-06-04 00:00:00,CUST1385,Notebook Set,1,8.53,Singapore
INV503772,2026-06-04 00:00:00,CUST1385,Desk Lamp,2,30.56,India
INV500292,2026-06-05 00:00:00,CUST1026,Webcam,1,43.93,Singapore
INV500292,2026-06-05 00:00:00,CUST1026,Power Bank,1,27.59,India
INV500298,2026-06-05 00:00:00,CUST1027,Headphones,5,66.95,India
INV500298,2026-06-05 00:00:00,CUST1027,Phone Case,3,12.44,UAE
INV501809,2026-06-05 00:00:00,CUST1179,Wireless Mouse,2,21.01,UAE
INV501809,2026-06-05 00:00:00,CUST1179,Wireless Mouse,2,18.2,India
INV501809,2026-06-05 00:00:00,CUST1179,Mechanical Keyboard,3,63.19,UAE
INV501866,2026-06-05 00:00:00,CUST1186,Webcam,4,54.14,India
INV503022,2026-06-05 00:00:00,CUST1305,Webcam,2,67.56,India
INV503022,2026-06-05 00:00:00,CUST1305,Webcam,5,65.35,Singapore
INV503435,2026-06-05 00:00:00,CUST1348,Webcam,4,43.54,United Kingdom
INV503435,2026-06-05 00:00:00,CUST1348,Smartwatch Strap,2,12.4,UAE
INV500393,2026-06-06 00:00:00,CUST1037,Desk Lamp,3,22.37,Singapore
INV500393,2026-06-06 00:00:00,CUST1037,Phone Case,2,9.81,India
INV500393,2026-06-06 00:00:00,CUST1037,Fitness Band,4,32.49,India
INV500451,2026-06-06 00:00:00,CUST1043,Gaming Mouse Pad,2,16.74,India
INV500451,2026-06-06 00:00:00,CUST1043,Water Bottle,2,14.87,India
INV500451,2026-06-06 00:00:00,CUST1043,Mini Tripod,2,12.56,Singapore
INV500502,2026-06-06 00:00:00,CUST1046,Laptop Stand,1,36.83,India
INV500502,2026-06-06 00:00:00,CUST1046,Charging Cable,1,7.52,India
INV500502,2026-06-06 00:00:00,CUST1046,Laptop Stand,3,34.62,Singapore
INV500757,2026-06-06 00:00:00,CUST1074,Portable SSD,4,102.49,United Kingdom
INV500757,2026-06-06 00:00:00,CUST1074,Backpack,1,41.85,India
INV500757,2026-06-06 00:00:00,CUST1074,Fitness Band,2,37.75,India
INV501408,2026-06-06 00:00:00,CUST1140,Backpack,6,53.69,India
INV501670,2026-06-06 00:00:00,CUST1167,Phone Case,1,10.29,UAE
INV501670,2026-06-06 00:00:00,CUST1167,USB-C Hub,3,33.34,India
INV501670,2026-06-06 00:00:00,CUST1167,Phone Case,1,11.34,India
INV501721,2026-06-06 00:00:00,CUST1172,Desk Lamp,3,19.66,UAE
INV501721,2026-06-06 00:00:00,CUST1172,Portable SSD,3,77.53,UAE
INV503314,2026-06-06 00:00:00,CUST1334,Desk Lamp,2,30.92,UAE
INV503314,2026-06-06 00:00:00,CUST1334,Desk Lamp,4,33.72,UAE
INV503615,2026-06-06 00:00:00,CUST1369,Desk Lamp,3,34.3,UAE
INV503804,2026-06-06 00:00:00,CUST1388,Laptop Stand,2,28.18,United Kingdom
INV503804,2026-06-06 00:00:00,CUST1388,Charging Cable,3,6.77,India
INV503804,2026-06-06 00:00:00,CUST1388,Smartwatch Strap,4,11.66,India
INV503835,2026-06-06 00:00:00,CUST1393,Water Bottle,4,16.92,India
INV503835,2026-06-06 00:00:00,CUST1393,Bluetooth Speaker,2,43.81,UAE
INV503835,2026-06-06 00:00:00,CUST1393,Desk Lamp,4,25.98,UAE
INV500337,2026-06-07 00:00:00,CUST1028,Headphones,2,67.41,India
INV500337,2026-06-07 00:00:00,CUST1028,Power Bank,2,42.82,India
INV500337,2026-06-07 00:00:00,CUST1028,Power Bank,5,41.98,India
INV500358,2026-06-07 00:00:00,CUST1031,USB-C Hub,1,28.24,Singapore
INV500641,2026-06-07 00:00:00,CUST1060,Wireless Mouse,1,19.82,UAE
INV500641,2026-06-07 00:00:00,CUST1060,Mechanical Keyboard,2,51.07,India
INV501161,2026-06-07 00:00:00,CUST1116,Smartwatch Strap,4,11.62,India
INV501264,2026-06-07 00:00:00,CUST1127,Gaming Mouse Pad,5,24.63,India
INV501264,2026-06-07 00:00:00,CUST1127,Gaming Mouse Pad,2,22.55,India
INV501395,2026-06-07 00:00:00,CUST1140,Fitness Band,6,41.92,India
INV501395,2026-06-07 00:00:00,CUST1140,Charging Cable,2,8.03,India
INV501395,2026-06-07 00:00:00,CUST1140,Gaming Mouse Pad,5,18.97,India
INV501770,2026-06-07 00:00:00,CUST1177,Desk Lamp,6,36.56,United Kingdom
INV501770,2026-06-07 00:00:00,CUST1177,Desk Lamp,3,35.21,India
INV501810,2026-06-07 00:00:00,CUST1180,Water Bottle,2,14.3,India
INV501810,2026-06-07 00:00:00,CUST1180,Smartwatch Strap,3,12.6,India
INV501934,2026-06-07 00:00:00,CUST1192,Webcam,4,51.57,UAE
INV501934,2026-06-07 00:00:00,CUST1192,Backpack,4,47.6,United Kingdom
INV501934,2026-06-07 00:00:00,CUST1192,Water Bottle,1,15.57,India
INV502434,2026-06-07 00:00:00,CUST1248,Fitness Band,4,30.37,India
INV502434,2026-06-07 00:00:00,CUST1248,Headphones,3,42.1,India
INV502434,2026-06-07 00:00:00,CUST1248,Portable SSD,4,75.23,India
INV503341,2026-06-07 00:00:00,CUST1338,Desk Lamp,2,24.36,Singapore
INV500049,2026-06-08 00:00:00,CUST1004,USB-C Hub,4,33.1,Singapore
INV500216,2026-06-08 00:00:00,CUST1019,Power Bank,4,24.65,Singapore
INV500216,2026-06-08 00:00:00,CUST1019,Smartwatch Strap,3,12.97,India
INV500216,2026-06-08 00:00:00,CUST1019,Fitness Band,3,31.16,Singapore
INV500697,2026-06-08 00:00:00,CUST1068,HDMI Cable,6,9.69,India
INV500733,2026-06-08 00:00:00,CUST1072,Phone Case,4,10.43,India
INV501168,2026-06-08 00:00:00,CUST1117,HDMI Cable,4,8.23,India
INV501168,2026-06-08 00:00:00,CUST1117,Water Bottle,2,13.69,United Kingdom
INV501168,2026-06-08 00:00:00,CUST1117,Notebook Set,3,6.91,India
INV501757,2026-06-08 00:00:00,CUST1176,Wireless Mouse,1,16.35,United Kingdom
INV501757,2026-06-08 00:00:00,CUST1176,HDMI Cable,2,7.65,India
INV501780,2026-06-08 00:00:00,CUST1177,Water Bottle,6,20.65,UAE
INV501913,2026-06-08 00:00:00,CUST1190,Headphones,2,54.91,UAE
INV502257,2026-06-08 00:00:00,CUST1229,Webcam,1,47.66,UAE
INV502257,2026-06-08 00:00:00,CUST1229,Bluetooth Speaker,1,46.46,India
INV502507,2026-06-08 00:00:00,CUST1256,Phone Case,3,9.75,UAE
INV503163,2026-06-08 00:00:00,CUST1319,Phone Case,3,9.89,India
INV503163,2026-06-08 00:00:00,CUST1319,Notebook Set,2,6.56,India
INV503163,2026-06-08 00:00:00,CUST1319,Smartwatch Strap,2,10.57,UAE
INV503663,2026-06-08 00:00:00,CUST1375,Desk Lamp,4,26.02,India
INV503663,2026-06-08 00:00:00,CUST1375,Smartwatch Strap,2,14.24,Singapore
INV503663,2026-06-08 00:00:00,CUST1375,Notebook Set,3,8.41,India
INV503757,2026-06-08 00:00:00,CUST1384,Mini Tripod,1,12.69,United Kingdom
INV503757,2026-06-08 00:00:00,CUST1384,Fitness Band,2,34.66,India
INV503757,2026-06-08 00:00:00,CUST1384,Desk Lamp,1,24.39,India
INV503793,2026-06-08 00:00:00,CUST1387,Charging Cable,6,9.77,India
INV500179,2026-06-09 00:00:00,CUST1014,Portable SSD,4,97.59,Singapore
INV500179,2026-06-09 00:00:00,CUST1014,Water Bottle,2,15.53,United Kingdom
INV500179,2026-06-09 00:00:00,CUST1014,Portable SSD,2,113.24,United Kingdom
INV500521,2026-06-09 00:00:00,CUST1047,Headphones,3,63.47,UAE
INV500521,2026-06-09 00:00:00,CUST1047,Headphones,5,74.66,UAE
INV500795,2026-06-09 00:00:00,CUST1078,Headphones,2,46.04,India
INV501118,2026-06-09 00:00:00,CUST1110,Desk Lamp,2,23.32,UAE
INV501394,2026-06-09 00:00:00,CUST1139,Smartwatch Strap,1,11.51,UAE
INV501394,2026-06-09 00:00:00,CUST1139,Notebook Set,1,7.3,Singapore
INV501646,2026-06-09 00:00:00,CUST1166,HDMI Cable,5,14.36,India
INV501646,2026-06-09 00:00:00,CUST1166,Charging Cable,3,8.91,United Kingdom
INV501646,2026-06-09 00:00:00,CUST1166,Power Bank,5,40.91,India
INV502176,2026-06-09 00:00:00,CUST1218,Headphones,2,39.64,India
INV502176,2026-06-09 00:00:00,CUST1218,Backpack,3,28.6,India
INV502176,2026-06-09 00:00:00,CUST1218,Power Bank,3,22.41,United Kingdom
INV502479,2026-06-09 00:00:00,CUST1253,HDMI Cable,3,10.9,Singapore
INV502479,2026-06-09 00:00:00,CUST1253,Phone Case,2,11.98,UAE
INV502548,2026-06-09 00:00:00,CUST1259,Headphones,1,50.92,India
INV502660,2026-06-09 00:00:00,CUST1272,,4,14.5,India
INV502660,2026-06-09 00:00:00,CUST1272,Gaming Mouse Pad,4,16.19,India
INV502660,2026-06-09 00:00:00,CUST1272,Bluetooth Speaker,2,39.81,UAE
INV502947,2026-06-09 00:00:00,CUST1298,Laptop Stand,3,37.95,India
INV502947,2026-06-09 00:00:00,CUST1298,Mini Tripod,3,14.65,United Kingdom
INV503109,2026-06-09 00:00:00,CUST1313,Wireless Mouse,2,20.82,India
INV503644,2026-06-09 00:00:00,CUST1371,Webcam,3,48.18,India
INV500200,2026-06-10 00:00:00,CUST1017,Power Bank,4,30.18,Singapore
INV500200,2026-06-10 00:00:00,CUST1017,USB-C Hub,4,31.32,India
INV500200,2026-06-10 00:00:00,CUST1017,Desk Lamp,2,23.41,India
INV500261,2026-06-10 00:00:00,CUST1023,Wireless Mouse,4,23.39,India
INV500261,2026-06-10 00:00:00,CUST1023,Water Bottle,2,18.32,India
INV500426,2026-06-10 00:00:00,CUST1042,USB-C Hub,3,40.38,India
INV500532,2026-06-10 00:00:00,CUST1047,Power Bank,6,40.3,India
INV500682,2026-06-10 00:00:00,CUST1068,Water Bottle,5,15.61,India
INV500682,2026-06-10 00:00:00,CUST1068,Mini Tripod,4,14.81,Singapore
INV500699,2026-06-10 00:00:00,CUST1068,Laptop Stand,2,39.57,India
INV500699,2026-06-10 00:00:00,CUST1068,HDMI Cable,4,9.37,Singapore
INV500699,2026-06-10 00:00:00,CUST1068,Laptop Stand,5,35.55,UAE
INV501049,2026-06-10 00:00:00,CUST1104,USB-C Hub,1,32.18,India
INV501049,2026-06-10 00:00:00,CUST1104,Mini Tripod,3,12.96,UAE
INV501739,2026-06-10 00:00:00,CUST1174,Desk Lamp,2,25.39,UAE
INV501739,2026-06-10 00:00:00,CUST1174,USB-C Hub,3,30.37,India
INV501739,2026-06-10 00:00:00,CUST1174,Portable SSD,2,89.98,Singapore
INV501873,2026-06-10 00:00:00,CUST1186,Smartwatch Strap,3,14.36,Singapore
INV501873,2026-06-10 00:00:00,CUST1186,USB-C Hub,3,33.25,India
INV501873,2026-06-10 00:00:00,CUST1186,Mini Tripod,2,13.67,India
INV502406,2026-06-10 00:00:00,CUST1244,Phone Case,4,9.92,India
INV502406,2026-06-10 00:00:00,CUST1244,Smartwatch Strap,3,13.11,India
INV502406,2026-06-10 00:00:00,CUST1244,Laptop Stand,2,30.18,India
INV502493,2026-06-10 00:00:00,CUST1254,Gaming Mouse Pad,1,16.17,UAE
INV502493,2026-06-10 00:00:00,CUST1254,Smartwatch Strap,3,13.88,India
INV502877,2026-06-10 00:00:00,CUST1291,Desk Lamp,2,27.55,India
INV502877,2026-06-10 00:00:00,CUST1291,Smartwatch Strap,2,13.41,India
INV503117,2026-06-10 00:00:00,CUST1314,Fitness Band,3,53.71,UAE
INV503117,2026-06-10 00:00:00,CUST1314,Webcam,5,63.6,Singapore
INV503117,2026-06-10 00:00:00,CUST1314,Fitness Band,6,52.83,UAE
INV501017,2026-06-11 00:00:00,CUST1101,HDMI Cable,5,12.09,India
INV501017,2026-06-11 00:00:00,CUST1101,Mini Tripod,5,17.39,India
INV501017,2026-06-11 00:00:00,CUST1101,Charging Cable,6,10.25,Singapore
INV501610,2026-06-11 00:00:00,CUST1162,Laptop Stand,1,28.74,India
INV501610,2026-06-11 00:00:00,CUST1162,Notebook Set,1,5.74,United Kingdom
INV501610,2026-06-11 00:00:00,CUST1162,Phone Case,1,8.8,UAE
INV501644,2026-06-11 00:00:00,CUST1166,Headphones,5,79.18,India
INV501644,2026-06-11 00:00:00,CUST1166,Mechanical Keyboard,2,84.82,UAE
INV501716,2026-06-11 00:00:00,CUST1171,Mechanical Keyboard,2,48.81,India
INV501732,2026-06-11 00:00:00,CUST1173,Gaming Mouse Pad,4,16.84,India
INV501732,2026-06-11 00:00:00,CUST1173,Phone Case,2,10.77,Singapore
INV501732,2026-06-11 00:00:00,CUST1173,Gaming Mouse Pad,2,16.46,India
INV502163,2026-06-11 00:00:00,CUST1215,Gaming Mouse Pad,4,15.85,Singapore
INV502408,2026-06-11 00:00:00,CUST1244,Headphones,3,44.83,UAE
INV500109,2026-06-12 00:00:00,CUST1010,Laptop Stand,6,45.23,India
INV500109,2026-06-12 00:00:00,CUST1010,Webcam,2,58.82,India
INV500109,2026-06-12 00:00:00,CUST1010,Bluetooth Speaker,5,59.18,India
INV500827,2026-06-12 00:00:00,CUST1081,Mechanical Keyboard,1,60.83,UAE
INV501040,2026-06-12 00:00:00,CUST1102,Wireless Mouse,2,16.83,India
INV501226,2026-06-12 00:00:00,CUST1126,USB-C Hub,1,34.12,India
INV501226,2026-06-12 00:00:00,CUST1126,Webcam,4,52.6,Singapore
INV501226,2026-06-12 00:00:00,CUST1126,Smartwatch Strap,4,14.54,UAE
INV501977,2026-06-12 00:00:00,CUST1198,USB-C Hub,3,36.43,United Kingdom
INV501977,2026-06-12 00:00:00,CUST1198,Power Bank,6,38.61,India
INV501977,2026-06-12 00:00:00,CUST1198,USB-C Hub,5,34.27,India
INV502638,2026-06-12 00:00:00,CUST1270,Notebook Set,3,8.94,India
INV502638,2026-06-12 00:00:00,CUST1270,Desk Lamp,3,27.05,India
INV502638,2026-06-12 00:00:00,CUST1270,Charging Cable,4,7.78,India
INV503048,2026-06-12 00:00:00,CUST1307,Portable SSD,2,80.4,Singapore
INV503048,2026-06-12 00:00:00,CUST1307,Notebook Set,2,7.57,United Kingdom
INV503048,2026-06-12 00:00:00,CUST1307,Notebook Set,3,7.09,Singapore
INV503338,2026-06-12 00:00:00,CUST1337,Backpack,3,40.1,India
INV501216,2026-06-13 00:00:00,CUST1125,Backpack,2,53.59,India
INV502341,2026-06-13 00:00:00,CUST1236,Backpack,6,60.63,India
INV502341,2026-06-13 00:00:00,CUST1236,Mini Tripod,3,18.65,India
INV502341,2026-06-13 00:00:00,CUST1236,Fitness Band,5,54.8,India
INV502941,2026-06-13 00:00:00,CUST1298,Webcam,3,62.99,United Kingdom
INV503475,2026-06-13 00:00:00,CUST1353,HDMI Cable,4,7.19,India
INV503475,2026-06-13 00:00:00,CUST1353,Phone Case,2,8.05,India
INV503475,2026-06-13 00:00:00,CUST1353,Webcam,2,41.19,United Kingdom
INV503703,2026-06-13 00:00:00,CUST1378,Mechanical Keyboard,3,52.31,India
INV503703,2026-06-13 00:00:00,CUST1378,Gaming Mouse Pad,1,18.49,United Kingdom
INV503704,2026-06-13 00:00:00,CUST1378,Mini Tripod,2,11.71,India
INV500190,2026-06-14 00:00:00,CUST1015,USB-C Hub,3,29.2,India
INV500190,2026-06-14 00:00:00,CUST1015,Mechanical Keyboard,1,51.23,Singapore
INV500190,2026-06-14 00:00:00,CUST1015,USB-C Hub,2,28.42,United Kingdom
INV500460,2026-06-14 00:00:00,CUST1043,Charging Cable,2,7.85,Singapore
INV501294,2026-06-14 00:00:00,CUST1131,Notebook Set,1,8.1,Singapore
INV501294,2026-06-14 00:00:00,CUST1131,USB-C Hub,1,27.84,Singapore
INV502055,2026-06-14 00:00:00,CUST1205,Gaming Mouse Pad,2,20.25,India
INV502055,2026-06-14 00:00:00,CUST1205,USB-C Hub,3,35.82,India
INV502191,2026-06-14 00:00:00,CUST1220,Smartwatch Strap,4,12.88,India
INV502733,2026-06-14 00:00:00,CUST1277,Gaming Mouse Pad,6,20.2,India
INV502733,2026-06-14 00:00:00,CUST1277,Gaming Mouse Pad,3,22.3,India
INV503025,2026-06-14 00:00:00,CUST1305,Desk Lamp,2,35.66,India
INV503025,2026-06-14 00:00:00,CUST1305,Mini Tripod,3,18.41,India
INV503877,2026-06-14 00:00:00,CUST1396,Smartwatch Strap,4,12.14,India
INV503877,2026-06-14 00:00:00,CUST1396,Desk Lamp,1,23.3,United Kingdom
INV500069,2026-06-15 00:00:00,CUST1007,Laptop Stand,1,33.39,Singapore
INV500069,2026-06-15 00:00:00,CUST1007,Water Bottle,1,14.8,India
INV500069,2026-06-15 00:00:00,CUST1007,Charging Cable,1,7.12,Singapore
INV500623,2026-06-15 00:00:00,CUST1059,Notebook Set,4,7.16,India
INV500929,2026-06-15 00:00:00,CUST1091,Phone Case,5,12.3,India
INV501003,2026-06-15 00:00:00,CUST1099,HDMI Cable,1,9.02,United Kingdom
INV501003,2026-06-15 00:00:00,CUST1099,Webcam,4,41.24,UAE
INV501003,2026-06-15 00:00:00,CUST1099,Webcam,3,45.61,UAE
INV501033,2026-06-15 00:00:00,CUST1101,Laptop Stand,4,49.27,Singapore
INV501318,2026-06-15 00:00:00,CUST1132,Water Bottle,5,16.73,India
INV501318,2026-06-15 00:00:00,CUST1132,Notebook Set,6,10.09,India
INV501615,2026-06-15 00:00:00,CUST1163,Phone Case,3,10.3,India
INV501615,2026-06-15 00:00:00,CUST1163,Water Bottle,3,14.84,Singapore
INV501615,2026-06-15 00:00:00,CUST1163,Charging Cable,3,5.99,India
INV502455,2026-06-15 00:00:00,CUST1251,Power Bank,4,27.06,India
INV502657,2026-06-15 00:00:00,CUST1271,Gaming Mouse Pad,2,15.46,United Kingdom
INV502657,2026-06-15 00:00:00,CUST1271,Webcam,2,45.2,UAE
INV502776,2026-06-15 00:00:00,CUST1282,Notebook Set,1,7.04,india
INV502776,2026-06-15 00:00:00,CUST1282,Wireless Mouse,1,16.94,UAE
INV502776,2026-06-15 00:00:00,CUST1282,Laptop Stand,4,29.31,Singapore
INV502972,2026-06-15 00:00:00,CUST1299,Charging Cable,5,9.19,India
INV502972,2026-06-15 00:00:00,CUST1299,Backpack,2,59.42,India
INV502972,2026-06-15 00:00:00,CUST1299,Notebook Set,5,11.45,Singapore
INV503418,2026-06-15 00:00:00,CUST1346,Smartwatch Strap,3,12.64,United Kingdom
INV503418,2026-06-15 00:00:00,CUST1346,Phone Case,2,9.15,India
INV503418,2026-06-15 00:00:00,CUST1346,Laptop Stand,1,32.45,India
INV503541,2026-06-15 00:00:00,CUST1359,Portable SSD,5,122.69,Singapore
INV503541,2026-06-15 00:00:00,CUST1359,Webcam,3,60.78,India
INV503665,2026-06-15 00:00:00,CUST1375,Power Bank,2,33.53,UAE
INV503665,2026-06-15 00:00:00,CUST1375,Notebook Set,2,9.3,India
INV503665,2026-06-15 00:00:00,CUST1375,Notebook Set,4,8.61,India
INV500189,2026-06-16 00:00:00,CUST1015,Bluetooth Speaker,3,35.77,Singapore
INV500189,2026-06-16 00:00:00,CUST1015,Backpack,3,39.1,India
INV500271,2026-06-16 00:00:00,CUST1024,Smartwatch Strap,2,12.14,UAE
INV500271,2026-06-16 00:00:00,CUST1024,Desk Lamp,2,22.36,India
INV500456,2026-06-16 00:00:00,CUST1043,Backpack,3,39.61,United Kingdom
INV500456,2026-06-16 00:00:00,CUST1043,Headphones,2,59.07,India
INV500456,2026-06-16 00:00:00,CUST1043,Gaming Mouse Pad,2,18.18,UAE
INV500868,2026-06-16 00:00:00,CUST1086,Wireless Mouse,2,16.27,India
INV500868,2026-06-16 00:00:00,CUST1086,Backpack,4,36.01,UAE
INV501549,2026-06-16 00:00:00,CUST1156,Bluetooth Speaker,2,44.99,India
INV501671,2026-06-16 00:00:00,CUST1168,Charging Cable,3,7.13,UAE
INV501671,2026-06-16 00:00:00,CUST1168,Smartwatch Strap,3,11.4,India
INV502828,2026-06-16 00:00:00,CUST1288,Mini Tripod,6,16.84,Singapore
INV503112,2026-06-16 00:00:00,CUST1313,Water Bottle,4,16.4,UAE
INV503112,2026-06-16 00:00:00,CUST1313,Water Bottle,2,14.22,India
INV500082,2026-06-17 00:00:00,CUST1008,Webcam,5,53.76,India
INV500252,2026-06-17 00:00:00,CUST1023,Laptop Stand,2,39.07,India
INV500252,2026-06-17 00:00:00,CUST1023,USB-C Hub,1,34.6,India
INV500252,2026-06-17 00:00:00,CUST1023,Smartwatch Strap,3,14.14,India
INV500362,2026-06-17 00:00:00,CUST1032,,3,17.76,UAE
INV500362,2026-06-17 00:00:00,CUST1032,Water Bottle,1,11.48,United Kingdom
INV500362,2026-06-17 00:00:00,CUST1032,Webcam,1,32.5,United Kingdom
INV500534,2026-06-17 00:00:00,CUST1047,Smartwatch Strap,5,17.98,India
INV500534,2026-06-17 00:00:00,CUST1047,Portable SSD,4,114.69,Singapore
INV500534,2026-06-17 00:00:00,CUST1047,Headphones,2,66.29,Singapore
INV500606,2026-06-17 00:00:00,CUST1057,Mini Tripod,3,10.41,Singapore
INV500606,2026-06-17 00:00:00,CUST1057,HDMI Cable,2,7.96,India
INV500780,2026-06-17 00:00:00,CUST1076,Fitness Band,1,27.74,UAE
INV500780,2026-06-17 00:00:00,CUST1076,Smartwatch Strap,4,10.55,Singapore
INV501382,2026-06-17 00:00:00,CUST1137,Wireless Mouse,4,22.02,Singapore
INV501382,2026-06-17 00:00:00,CUST1137,Wireless Mouse,2,24.26,India
INV502203,2026-06-17 00:00:00,CUST1221,Charging Cable,1,7.59,India
INV502568,2026-06-17 00:00:00,CUST1261,Laptop Stand,4,33.46,India
INV503125,2026-06-17 00:00:00,CUST1314,Webcam,3,60.11,Singapore
INV503618,2026-06-17 00:00:00,CUST1369,Phone Case,2,14.56,India
INV500331,2026-06-18 00:00:00,CUST1028,Smartwatch Strap,4,19.43,India
INV500331,2026-06-18 00:00:00,CUST1028,HDMI Cable,3,12.56,India
INV501126,2026-06-18 00:00:00,CUST1112,Charging Cable,4,6.7,UAE
INV501126,2026-06-18 00:00:00,CUST1112,Headphones,4,50.22,India
INV501551,2026-06-18 00:00:00,CUST1156,Laptop Stand,2,36.38,United Kingdom
INV501715,2026-06-18 00:00:00,CUST1171,Fitness Band,2,32.29,India
INV501715,2026-06-18 00:00:00,CUST1171,Phone Case,2,9.06,India
INV501828,2026-06-18 00:00:00,CUST1183,HDMI Cable,4,10.19,India
INV501828,2026-06-18 00:00:00,CUST1183,Headphones,2,57.54,India
INV501828,2026-06-18 00:00:00,CUST1183,USB-C Hub,2,30.48,India
INV501890,2026-06-18 00:00:00,CUST1188,Bluetooth Speaker,2,34.66,United Kingdom
INV501890,2026-06-18 00:00:00,CUST1188,Webcam,2,37.32,India
INV501890,2026-06-18 00:00:00,CUST1188,Webcam,3,40.57,India
INV502175,2026-06-18 00:00:00,CUST1217,Laptop Stand,3,28.08,UAE
INV502175,2026-06-18 00:00:00,CUST1217,Notebook Set,1,7.46,India
INV502458,2026-06-18 00:00:00,CUST1251,Mechanical Keyboard,1,54.45,India
INV502458,2026-06-18 00:00:00,CUST1251,Desk Lamp,4,23.93,India
INV502594,2026-06-18 00:00:00,CUST1264,Bluetooth Speaker,1,49.15,India
INV502594,2026-06-18 00:00:00,CUST1264,Smartwatch Strap,4,14.61,India
INV502594,2026-06-18 00:00:00,CUST1264,Headphones,4,60.92,Singapore
INV502709,2026-06-18 00:00:00,CUST1276,Mini Tripod,3,15.8,Singapore
INV502709,2026-06-18 00:00:00,CUST1276,Mini Tripod,5,15.13,UAE
INV502746,2026-06-18 00:00:00,CUST1278,Fitness Band,3,29.57,Singapore
INV502746,2026-06-18 00:00:00,CUST1278,Smartwatch Strap,1,11.11,India
INV502746,2026-06-18 00:00:00,CUST1278,Smartwatch Strap,1,10.22,India
INV503304,2026-06-18 00:00:00,CUST1334,Notebook Set,2,10.03,India
INV503304,2026-06-18 00:00:00,CUST1334,Mechanical Keyboard,4,66.25,Singapore
INV503442,2026-06-18 00:00:00,CUST1348,Fitness Band,2,32.31,India
INV503442,2026-06-18 00:00:00,CUST1348,Fitness Band,2,31.54,Singapore
INV503442,2026-06-18 00:00:00,CUST1348,Mini Tripod,2,10.02,India
INV503458,2026-06-18 00:00:00,CUST1350,Backpack,4,41.2,India
INV503566,2026-06-18 00:00:00,CUST1360,Power Bank,3,25.18,India
INV500027,2026-06-19 00:00:00,CUST1002,Wireless Mouse,6,22.91,India
INV500570,2026-06-19 00:00:00,CUST1052,Headphones,2,43.62,India
INV500570,2026-06-19 00:00:00,CUST1052,Smartwatch Strap,1,10.65,UAE
INV500570,2026-06-19 00:00:00,CUST1052,Desk Lamp,2,23.56,Singapore
INV500608,2026-06-19 00:00:00,CUST1057,Laptop Stand,2,31.53,Singapore
INV500667,2026-06-19 00:00:00,CUST1066,Webcam,1,35.42,Singapore
INV500667,2026-06-19 00:00:00,CUST1066,Headphones,3,43.53,India
INV500667,2026-06-19 00:00:00,CUST1066,Charging Cable,1,5.19,India
INV501475,2026-06-19 00:00:00,CUST1146,Charging Cable,1,7.18,India
INV501475,2026-06-19 00:00:00,CUST1146,Phone Case,3,10.93,India
INV501475,2026-06-19 00:00:00,CUST1146,Bluetooth Speaker,2,46.16,India
INV503795,2026-06-19 00:00:00,CUST1387,Smartwatch Strap,2,19.51,United Kingdom
INV503795,2026-06-19 00:00:00,CUST1387,Wireless Mouse,4,28.44,Singapore
INV503795,2026-06-19 00:00:00,CUST1387,Mini Tripod,6,18.93,India
INV501500,2026-06-20 00:00:00,CUST1150,Wireless Mouse,4,18.27,India
INV501500,2026-06-20 00:00:00,CUST1150,Headphones,3,41.54,United Kingdom
INV501500,2026-06-20 00:00:00,CUST1150,Mini Tripod,2,11.59,India
INV501987,2026-06-20 00:00:00,CUST1198,Portable SSD,3,111.74,India
INV501987,2026-06-20 00:00:00,CUST1198,Webcam,5,52.9,UAE
INV501987,2026-06-20 00:00:00,CUST1198,Water Bottle,6,19.14,India
INV502071,2026-06-20 00:00:00,CUST1206,Backpack,3,44.34,Singapore
INV502071,2026-06-20 00:00:00,CUST1206,Laptop Stand,2,36.98,Singapore
INV502071,2026-06-20 00:00:00,CUST1206,Smartwatch Strap,1,14.33,India
INV502659,2026-06-20 00:00:00,CUST1271,Wireless Mouse,1,17.86,India
INV503528,2026-06-20 00:00:00,CUST1358,Power Bank,2,24.97,UAE
INV503528,2026-06-20 00:00:00,CUST1358,Water Bottle,1,12.6,UAE
INV501500,2026-06-20 00:00:00,CUST1150,Mini Tripod,2,11.59,India
INV501923,2026-06-21 00:00:00,CUST1191,Charging Cable,3,7.49,United Kingdom
INV501923,2026-06-21 00:00:00,CUST1191,Laptop Stand,2,36.41,India
INV501923,2026-06-21 00:00:00,CUST1191,Laptop Stand,1,33.09,India
INV502141,2026-06-21 00:00:00,CUST1213,Wireless Mouse,1,19.57,India
INV502312,2026-06-21 00:00:00,CUST1232,Mechanical Keyboard,1,50.66,United Kingdom
INV502312,2026-06-21 00:00:00,,Webcam,2,45.31,India
INV502312,2026-06-21 00:00:00,CUST1232,Mini Tripod,2,11.69,United Kingdom
INV502606,2026-06-21 00:00:00,CUST1265,Phone Case,4,9.0,India
INV502606,2026-06-21 00:00:00,CUST1265,Portable SSD,3,85.71,UAE
INV502606,2026-06-21 00:00:00,CUST1265,Notebook Set,1,7.57,India
INV503021,2026-06-21 00:00:00,CUST1305,Notebook Set,2,11.43,United Kingdom
INV503021,2026-06-21 00:00:00,CUST1305,Bluetooth Speaker,2,54.45,India
INV503094,2026-06-21 00:00:00,CUST1312,Backpack,2,37.84,India
INV503094,2026-06-21 00:00:00,CUST1312,HDMI Cable,3,8.29,India
INV503094,2026-06-21 00:00:00,CUST1312,Phone Case,4,9.98,India
INV503324,2026-06-21 00:00:00,CUST1336,Fitness Band,3,34.79,Singapore
INV503324,2026-06-21 00:00:00,CUST1336,Charging Cable,2,6.3,India
INV503324,2026-06-21 00:00:00,CUST1336,Portable SSD,3,81.88,India
INV503580,2026-06-21 00:00:00,CUST1362,Water Bottle,2,15.9,United Kingdom
INV503580,2026-06-21 00:00:00,CUST1362,USB-C Hub,4,32.6,India
INV503580,2026-06-21 00:00:00,CUST1362,Bluetooth Speaker,2,42.58,India
INV503787,2026-06-21 00:00:00,CUST1387,Fitness Band,4,45.49,United Kingdom
INV503787,2026-06-21 00:00:00,CUST1387,Power Bank,5,44.56,India
INV503787,2026-06-21 00:00:00,CUST1387,Mini Tripod,4,16.62,Singapore
INV500134,2026-06-22 00:00:00,CUST1010,HDMI Cable,5,11.81,India
INV500134,2026-06-22 00:00:00,CUST1010,Portable SSD,2,110.29,India
INV500689,2026-06-22 00:00:00,CUST1068,Laptop Stand,3,38.13,India
INV500689,2026-06-22 00:00:00,CUST1068,Webcam,2,55.6,India
INV500888,2026-06-22 00:00:00,CUST1089,Smartwatch Strap,2,13.75,UAE
INV501185,2026-06-22 00:00:00,CUST1120,Backpack,1,47.62,India
INV501914,2026-06-22 00:00:00,CUST1190,Mechanical Keyboard,4,55.4,India
INV502012,2026-06-22 00:00:00,CUST1200,Mechanical Keyboard,1,62.25,Singapore
INV502052,2026-06-22 00:00:00,CUST1205,Backpack,2,47.2,India
INV502052,2026-06-22 00:00:00,CUST1205,USB-C Hub,4,36.45,India
INV502052,2026-06-22 00:00:00,CUST1205,Gaming Mouse Pad,4,18.63,Singapore
INV502857,2026-06-22 00:00:00,CUST1290,HDMI Cable,1,9.22,India
INV502857,2026-06-22 00:00:00,CUST1290,Fitness Band,1,38.61,Singapore
INV500077,2026-06-23 00:00:00,CUST1008,Charging Cable,6,7.0,UAE
INV500077,2026-06-23 00:00:00,CUST1008,Phone Case,2,11.13,UAE
INV500077,2026-06-23 00:00:00,CUST1008,Desk Lamp,4,27.7,India
INV500329,2026-06-23 00:00:00,CUST1028,Mini Tripod,3,18.37,UAE
INV500329,2026-06-23 00:00:00,CUST1028,Notebook Set,6,10.7,UAE
INV500329,2026-06-23 00:00:00,CUST1028,Charging Cable,2,9.11,UAE
INV500866,2026-06-23 00:00:00,CUST1086,Smartwatch Strap,4,10.96,UAE
INV500866,2026-06-23 00:00:00,CUST1086,Laptop Stand,2,28.0,Singapore
INV501056,2026-06-23 00:00:00,CUST1105,Portable SSD,1,89.07,India
INV501056,2026-06-23 00:00:00,CUST1105,Headphones,1,56.03,India
INV501056,2026-06-23 00:00:00,CUST1105,Webcam,4,52.49,India
INV501101,2026-06-23 00:00:00,CUST1109,Mini Tripod,3,14.79,UAE
INV501101,2026-06-23 00:00:00,CUST1109,Charging Cable,4,7.02,India
INV501687,2026-06-23 00:00:00,CUST1169,Wireless Mouse,3,20.29,India
INV501687,2026-06-23 00:00:00,CUST1169,Webcam,1,47.89,India
INV502085,2026-06-23 00:00:00,CUST1207,Webcam,1,56.26,India
INV502298,2026-06-23 00:00:00,CUST1231,Headphones,2,69.23,India
INV502680,2026-06-23 00:00:00,CUST1275,Headphones,4,66.14,United Kingdom
INV502680,2026-06-23 00:00:00,CUST1275,Backpack,5,47.52,India
INV502680,2026-06-23 00:00:00,CUST1275,Smartwatch Strap,2,16.65,India
INV502705,2026-06-23 00:00:00,CUST1276,Laptop Stand,5,37.56,United Kingdom
INV502923,2026-06-23 00:00:00,CUST1297,Mini Tripod,4,13.72,India
INV503099,2026-06-23 00:00:00,CUST1312,Mechanical Keyboard,1,56.53,United Kingdom
INV503099,2026-06-23 00:00:00,CUST1312,Desk Lamp,2,25.22,India
INV503099,2026-06-23 00:00:00,CUST1312,Mechanical Keyboard,2,58.77,India
INV503529,2026-06-23 00:00:00,CUST1358,Backpack,2,37.45,India
INV503529,2026-06-23 00:00:00,CUST1358,Fitness Band,4,33.24,UAE
INV503529,2026-06-23 00:00:00,CUST1358,Mini Tripod,3,10.69,India
INV503579,2026-06-23 00:00:00,CUST1362,Gaming Mouse Pad,3,16.53,UAE
INV503579,2026-06-23 00:00:00,CUST1362,Fitness Band,2,36.26,India
INV500097,2026-06-24 00:00:00,CUST1009,HDMI Cable,1,9.88,Singapore
INV500097,2026-06-24 00:00:00,CUST1009,Charging Cable,2,7.25,India
INV500097,2026-06-24 00:00:00,CUST1009,Bluetooth Speaker,2,46.64,Singapore
INV500149,2026-06-24 00:00:00,CUST1011,Gaming Mouse Pad,2,16.49,India
INV500454,2026-06-24 00:00:00,CUST1043,Charging Cable,1,7.51,UAE
INV500454,2026-06-24 00:00:00,CUST1043,Backpack,1,41.5,India
INV500454,2026-06-24 00:00:00,CUST1043,Notebook Set,2,8.14,UAE
INV501354,2026-06-24 00:00:00,CUST1135,Desk Lamp,3,27.03,Singapore
INV501370,2026-06-24 00:00:00,CUST1137,,6,16.15,UAE
INV501370,2026-06-24 00:00:00,CUST1137,Portable SSD,2,110.45,India
INV501659,2026-06-24 00:00:00,CUST1167,Laptop Stand,1,32.21,Singapore
INV501659,2026-06-24 00:00:00,CUST1167,Headphones,2,49.09,India
INV501659,2026-06-24 00:00:00,CUST1167,Phone Case,1,10.66,India
INV501846,2026-06-24 00:00:00,CUST1184,Smartwatch Strap,6,17.86,United Kingdom
INV501846,2026-06-24 00:00:00,CUST1184,Charging Cable,6,9.26,India
INV501864,2026-06-24 00:00:00,CUST1186,Desk Lamp,2,23.98,United Kingdom
INV501864,2026-06-24 00:00:00,CUST1186,Mini Tripod,3,12.18,India
INV502074,2026-06-24 00:00:00,CUST1207,Backpack,2,41.5,Singapore
INV502551,2026-06-24 00:00:00,CUST1259,Power Bank,1,33.53,UAE
INV502551,2026-06-24 00:00:00,CUST1259,Backpack,1,45.04,UAE
INV502551,2026-06-24 00:00:00,CUST1259,Headphones,2,55.08,India
INV503158,2026-06-24 00:00:00,CUST1318,Backpack,2,27.99,India
INV503158,2026-06-24 00:00:00,CUST1318,Desk Lamp,3,19.49,India
INV503158,2026-06-24 00:00:00,CUST1318,Backpack,3,31.64,UAE
INV501286,2026-06-25 00:00:00,CUST1130,Backpack,3,44.26,India
INV501286,2026-06-25 00:00:00,CUST1130,Fitness Band,2,38.36,United Kingdom
INV501286,2026-06-25 00:00:00,CUST1130,Phone Case,3,12.17,UAE
INV501557,2026-06-25 00:00:00,CUST1157,Mini Tripod,2,14.68,India
INV501557,2026-06-25 00:00:00,CUST1157,Laptop Stand,2,38.99,Singapore
INV501606,2026-06-25 00:00:00,CUST1161,Phone Case,3,10.72,India
INV501606,2026-06-25 00:00:00,CUST1161,Charging Cable,2,8.32,United Kingdom
INV502873,2026-06-25 00:00:00,CUST1291,HDMI Cable,2,9.36,India
INV502873,2026-06-25 00:00:00,CUST1291,Smartwatch Strap,2,13.1,UAE
INV502873,2026-06-25 00:00:00,CUST1291,Gaming Mouse Pad,6,17.32,Singapore
INV503162,2026-06-25 00:00:00,CUST1319,Water Bottle,2,12.58,Singapore
INV500428,2026-06-26 00:00:00,CUST1042,Gaming Mouse Pad,5,23.0,Singapore
INV500604,2026-06-26 00:00:00,CUST1056,Mechanical Keyboard,1,42.74,Singapore
INV500604,2026-06-26 00:00:00,CUST1056,HDMI Cable,3,6.73,India
INV500638,2026-06-26 00:00:00,CUST1060,Phone Case,4,10.51,India
INV500638,2026-06-26 00:00:00,CUST1060,Charging Cable,1,6.7,India
INV500638,2026-06-26 00:00:00,CUST1060,Notebook Set,4,7.78,UAE
INV501068,2026-06-26 00:00:00,CUST1107,Notebook Set,2,8.77,UAE
INV501068,2026-06-26 00:00:00,CUST1107,HDMI Cable,4,9.72,United Kingdom
INV501068,2026-06-26 00:00:00,CUST1107,Mechanical Keyboard,2,61.84,United Kingdom
INV501421,2026-06-26 00:00:00,CUST1141,Fitness Band,2,36.14,India
INV501499,2026-06-26 00:00:00,CUST1150,Mechanical Keyboard,4,51.64,United Kingdom
INV501767,2026-06-26 00:00:00,CUST1177,Charging Cable,5,9.35,India
INV501767,2026-06-26 00:00:00,CUST1177,USB-C Hub,5,48.44,India
INV501767,2026-06-26 00:00:00,CUST1177,Water Bottle,5,20.64,Singapore
INV501855,2026-06-26 00:00:00,CUST1185,Backpack,1,45.88,India
INV502919,2026-06-26 00:00:00,CUST1297,Backpack,4,41.58,United Kingdom
INV503612,2026-06-26 00:00:00,CUST1368,Gaming Mouse Pad,2,14.15,Singapore
INV503612,2026-06-26 00:00:00,CUST1368,Mini Tripod,3,9.53,UAE
INV503612,2026-06-26 00:00:00,CUST1368,Portable SSD,2,83.31,Singapore
INV500403,2026-06-27 00:00:00,CUST1039,HDMI Cable,3,8.86,UAE
INV500613,2026-06-27 00:00:00,CUST1057,Bluetooth Speaker,1,39.97,India
INV500613,2026-06-27 00:00:00,CUST1057,Laptop Stand,4,28.72,UAE
INV500648,2026-06-27 00:00:00,CUST1061,Portable SSD,2,74.32,UAE
INV500648,2026-06-27 00:00:00,CUST1061,Mini Tripod,3,10.97,India
INV500703,2026-06-27 00:00:00,CUST1069,Laptop Stand,2,35.19,Singapore
INV500703,2026-06-27 00:00:00,CUST1069,Headphones,1,48.35,India
INV501223,2026-06-27 00:00:00,CUST1125,HDMI Cable,6,10.49,United Kingdom
INV501223,2026-06-27 00:00:00,CUST1125,Water Bottle,6,17.77,United Kingdom
INV501223,2026-06-27 00:00:00,CUST1125,Bluetooth Speaker,4,49.11,UAE
INV501596,2026-06-27 00:00:00,CUST1161,USB-C Hub,5,35.09,United Kingdom
INV501596,2026-06-27 00:00:00,CUST1161,Portable SSD,5,106.86,Singapore
INV501596,2026-06-27 00:00:00,CUST1161,Charging Cable,6,8.38,United Kingdom
INV501640,2026-06-27 00:00:00,CUST1166,Mini Tripod,3,18.82,UAE
INV501640,2026-06-27 00:00:00,CUST1166,Mini Tripod,4,18.41,India
INV501640,2026-06-27 00:00:00,CUST1166,Desk Lamp,3,36.09,UAE
INV502108,2026-06-27 00:00:00,CUST1208,Wireless Mouse,2,21.64,India
INV502108,2026-06-27 00:00:00,CUST1208,Power Bank,3,32.43,India
INV502952,2026-06-27 00:00:00,CUST1299,Desk Lamp,6,35.2,India
INV502952,2026-06-27 00:00:00,CUST1299,Gaming Mouse Pad,6,25.31,Singapore
INV503397,2026-06-27 00:00:00,CUST1343,Mechanical Keyboard,3,69.56,Singapore
INV503397,2026-06-27 00:00:00,CUST1343,Laptop Stand,4,42.46,Singapore
INV503397,2026-06-27 00:00:00,CUST1343,Notebook Set,6,8.94,India
INV503716,2026-06-27 00:00:00,CUST1379,Mechanical Keyboard,4,51.52,United Kingdom
INV503716,2026-06-27 00:00:00,CUST1379,Headphones,3,48.88,UAE
INV503891,2026-06-27 00:00:00,CUST1398,Laptop Stand,2,30.02,India
INV503891,2026-06-27 00:00:00,CUST1398,Gaming Mouse Pad,2,16.42,Singapore
INV503891,2026-06-27 00:00:00,CUST1398,Bluetooth Speaker,2,41.17,United Kingdom
INV501415,2026-06-28 00:00:00,CUST1140,Laptop Stand,5,42.04,India
INV501415,2026-06-28 00:00:00,CUST1140,Bluetooth Speaker,3,52.34,India
INV501415,2026-06-28 00:00:00,CUST1140,Smartwatch Strap,2,15.68,India
INV501564,2026-06-28 00:00:00,CUST1159,Mini Tripod,4,11.78,UAE
INV501564,2026-06-28 00:00:00,CUST1159,USB-C Hub,2,27.44,India
INV501709,2026-06-28 00:00:00,CUST1170,Backpack,5,58.34,Singapore
INV501709,2026-06-28 00:00:00,CUST1170,Bluetooth Speaker,5,55.62,India
INV502432,2026-06-28 00:00:00,CUST1248,Desk Lamp,3,21.66,India
INV500058,2026-06-29 00:00:00,CUST1005,HDMI Cable,3,7.82,Singapore
INV500058,2026-06-29 00:00:00,CUST1005,Bluetooth Speaker,2,35.73,India
INV500673,2026-06-29 00:00:00,CUST1067,Mechanical Keyboard,1,58.62,UAE
INV500673,2026-06-29 00:00:00,CUST1067,Desk Lamp,3,26.47,India
INV501488,2026-06-29 00:00:00,CUST1149,USB-C Hub,4,30.81,UAE
INV501488,2026-06-29 00:00:00,CUST1149,Smartwatch Strap,4,12.66,Singapore
INV501488,2026-06-29 00:00:00,CUST1149,Phone Case,4,11.76,India
INV501586,2026-06-29 00:00:00,CUST1161,Gaming Mouse Pad,5,18.91,India
INV501586,2026-06-29 00:00:00,CUST1161,Fitness Band,5,41.24,India
INV501586,2026-06-29 00:00:00,CUST1161,Portable SSD,3,114.45,United Kingdom
INV501831,2026-06-29 00:00:00,CUST1183,Mini Tripod,4,12.33,Singapore
INV501831,2026-06-29 00:00:00,CUST1183,Fitness Band,2,32.77,India
INV502381,2026-06-29 00:00:00,CUST1240,Wireless Mouse,1,18.25,UAE
INV502381,2026-06-29 00:00:00,CUST1240,Smartwatch Strap,3,12.5,UAE
INV502381,2026-06-29 00:00:00,CUST1240,Mini Tripod,1,12.17,India
INV503122,2026-06-29 00:00:00,CUST1314,Notebook Set,3,11.05,United Kingdom
INV503122,2026-06-29 00:00:00,CUST1314,Wireless Mouse,4,27.35,India
INV503122,2026-06-29 00:00:00,CUST1314,USB-C Hub,6,40.76,United Kingdom
INV503457,2026-06-29 00:00:00,CUST1350,Backpack,4,39.52,India
INV503457,2026-06-29 00:00:00,CUST1350,Fitness Band,4,36.49,UAE
INV503457,2026-06-29 00:00:00,CUST1350,Water Bottle,3,15.25,United Kingdom
INV503542,2026-06-29 00:00:00,CUST1359,Charging Cable,6,9.35,India
INV503542,2026-06-29 00:00:00,CUST1359,Bluetooth Speaker,3,58.86,India
INV503542,2026-06-29 00:00:00,CUST1359,USB-C Hub,5,37.7,United Kingdom
INV500093,2026-06-30 00:00:00,CUST1009,Notebook Set,1,7.92,United Kingdom
INV500093,2026-06-30 00:00:00,CUST1009,Backpack,3,39.92,Singapore
INV500093,2026-06-30 00:00:00,CUST1009,Charging Cable,2,6.87,United Kingdom
INV500581,2026-06-30 00:00:00,CUST1053,Phone Case,2,11.83,India
INV502135,2026-06-30 00:00:00,CUST1213,Notebook Set,4,7.53,UAE
INV502675,2026-06-30 00:00:00,CUST1274,Portable SSD,4,99.92,United Kingdom
INV502675,2026-06-30 00:00:00,CUST1274,Wireless Mouse,4,19.82,Singapore
INV503147,2026-06-30 00:00:00,CUST1316,Laptop Stand,3,30.12,India
INV503686,2026-06-30 00:00:00,CUST1376,Wireless Mouse,2,25.37,United Kingdom
INV503686,2026-06-30 00:00:00,CUST1376,Mechanical Keyboard,2,80.36,United Kingdom
INV503686,2026-06-30 00:00:00,CUST1376,HDMI Cable,4,12.29,India
INV503832,2026-06-30 00:00:00,CUST1392,Phone Case,1,8.48,India
INV503845,2026-06-30 00:00:00,CUST1395,Backpack,3,43.86,United Kingdom
INV500315,2026-07-01 00:00:00,CUST1027,Phone Case,6,12.83,United Kingdom
INV500315,2026-07-01 00:00:00,CUST1027,Mechanical Keyboard,2,71.05,India
INV500889,2026-07-01 00:00:00,CUST1089,Laptop Stand,6,38.66,India
INV501889,2026-07-01 00:00:00,CUST1188,Mechanical Keyboard,2,47.26,United Kingdom
INV501889,2026-07-01 00:00:00,CUST1188,Charging Cable,3,5.9,India
INV502693,2026-07-01 00:00:00,CUST1275,Bluetooth Speaker,4,46.31,India
INV502693,2026-07-01 00:00:00,CUST1275,Headphones,4,62.86,India
INV502693,2026-07-01 00:00:00,CUST1275,HDMI Cable,3,10.8,UAE
INV502747,2026-07-01 00:00:00,CUST1278,Fitness Band,2,31.17,India
INV502747,2026-07-01 00:00:00,CUST1278,Phone Case,2,7.97,India
INV502747,2026-07-01 00:00:00,CUST1278,Desk Lamp,3,19.84,United Kingdom
INV502848,2026-07-01 00:00:00,CUST1289,Phone Case,1,10.73,Singapore
INV502848,2026-07-01 00:00:00,CUST1289,Fitness Band,3,36.05,UAE
INV503381,2026-07-01 00:00:00,CUST1342,Charging Cable,2,5.92,Singapore
INV503381,2026-07-01 00:00:00,CUST1342,Desk Lamp,4,23.59,Singapore
INV503381,2026-07-01 00:00:00,CUST1342,Notebook Set,2,7.67,India
INV503619,2026-07-01 00:00:00,CUST1369,Phone Case,5,13.29,United Kingdom
INV500123,2026-07-02 00:00:00,CUST1010,Smartwatch Strap,2,18.51,Singapore
INV500123,2026-07-02 00:00:00,CUST1010,Webcam,3,64.13,India
INV500123,2026-07-02 00:00:00,CUST1010,Water Bottle,6,19.51,India
INV500233,2026-07-02 00:00:00,CUST1020,Portable SSD,5,110.5,India
INV500794,2026-07-02 00:00:00,CUST1078,Smartwatch Strap,1,11.13,India
INV500943,2026-07-02 00:00:00,CUST1093,Headphones,3,53.76,UAE
INV500943,2026-07-02 00:00:00,CUST1093,Backpack,1,43.25,Singapore
INV501874,2026-07-02 00:00:00,CUST1186,Phone Case,4,10.54,United Kingdom
INV501874,2026-07-02 00:00:00,CUST1186,Phone Case,4,10.49,United Kingdom
INV502118,2026-07-02 00:00:00,CUST1210,Charging Cable,1,6.97,United Kingdom
INV502792,2026-07-02 00:00:00,CUST1285,Notebook Set,4,7.72,UAE
INV502792,2026-07-02 00:00:00,CUST1285,Portable SSD,4,93.65,India
INV502792,2026-07-02 00:00:00,CUST1285,Water Bottle,2,15.18,India
INV503326,2026-07-02 00:00:00,CUST1336,Portable SSD,4,90.79,India
INV503326,2026-07-02 00:00:00,CUST1336,Charging Cable,3,6.69,India
INV503441,2026-07-02 00:00:00,CUST1348,Power Bank,2,24.8,India
INV503841,2026-07-02 00:00:00,CUST1393,USB-C Hub,4,29.96,India
INV503841,2026-07-02 00:00:00,CUST1393,Desk Lamp,2,25.68,India
INV503841,2026-07-02 00:00:00,CUST1393,HDMI Cable,2,10.16,UAE
INV500863,2026-07-03 00:00:00,CUST1086,Webcam,3,44.0,Singapore
INV500863,2026-07-03 00:00:00,CUST1086,Backpack,4,33.19,India
INV500863,2026-07-03 00:00:00,CUST1086,Wireless Mouse,2,16.5,United Kingdom
INV501173,2026-07-03 00:00:00,CUST1117,Smartwatch Strap,2,12.25,India
INV502035,2026-07-03 00:00:00,CUST1203,Fitness Band,1,28.92,United Kingdom
INV502035,2026-07-03 00:00:00,CUST1203,Notebook Set,3,6.72,Singapore
INV502035,2026-07-03 00:00:00,CUST1203,USB-C Hub,4,26.1,India
INV502288,2026-07-03 00:00:00,CUST1231,Mechanical Keyboard,6,74.46,United Kingdom
INV502288,2026-07-03 00:00:00,CUST1231,Smartwatch Strap,2,18.16,Singapore
INV502383,2026-07-03 00:00:00,CUST1241,USB-C Hub,1,31.15,Singapore
INV502383,2026-07-03 00:00:00,CUST1241,Headphones,4,49.27,India
INV502407,2026-07-03 00:00:00,CUST1244,Power Bank,3,29.52,India
INV502407,2026-07-03 00:00:00,CUST1244,Webcam,2,46.0,United Kingdom
INV500580,2026-07-04 00:00:00,CUST1053,Notebook Set,4,9.05,uae
INV500580,2026-07-04 00:00:00,CUST1053,Notebook Set,4,9.07,UAE
INV500580,2026-07-04 00:00:00,CUST1053,HDMI Cable,4,10.3,United Kingdom
INV500629,2026-07-04 00:00:00,CUST1059,Headphones,2,50.21,India
INV500629,2026-07-04 00:00:00,CUST1059,Desk Lamp,3,24.58,United Kingdom
INV500671,2026-07-04 00:00:00,CUST1067,Webcam,2,50.47,India
INV500671,2026-07-04 00:00:00,CUST1067,Smartwatch Strap,4,13.0,India
INV501207,2026-07-04 00:00:00,CUST1123,Desk Lamp,2,24.72,Singapore
INV501207,2026-07-04 00:00:00,CUST1123,Bluetooth Speaker,2,37.6,United Kingdom
INV501207,2026-07-04 00:00:00,CUST1123,Webcam,3,47.98,UAE
INV501255,2026-07-04 00:00:00,CUST1127,Gaming Mouse Pad,6,22.44,India
INV501398,2026-07-04 00:00:00,CUST1140,Mechanical Keyboard,2,68.3,United Kingdom
INV502076,2026-07-04 00:00:00,CUST1207,Water Bottle,1,16.31,UAE
INV502076,2026-07-04 00:00:00,CUST1207,Laptop Stand,2,37.67,India
INV502076,2026-07-04 00:00:00,CUST1207,Webcam,1,50.18,UAE
INV502591,2026-07-04 00:00:00,CUST1264,Laptop Stand,3,38.26,India
INV502591,2026-07-04 00:00:00,CUST1264,Charging Cable,1,8.4,India
INV503074,2026-07-04 00:00:00,CUST1310,Desk Lamp,3,19.8,Singapore
INV503074,2026-07-04 00:00:00,CUST1310,Desk Lamp,2,22.11,UAE
INV503074,2026-07-04 00:00:00,CUST1310,Smartwatch Strap,3,11.71,Singapore
INV503213,2026-07-04 00:00:00,CUST1325,Charging Cable,5,10.23,Singapore
INV503213,2026-07-04 00:00:00,CUST1325,Phone Case,4,14.86,UAE
INV503393,2026-07-04 00:00:00,CUST1343,Gaming Mouse Pad,6,20.21,UAE
INV503393,2026-07-04 00:00:00,CUST1343,Gaming Mouse Pad,5,19.95,India
INV503393,2026-07-04 00:00:00,CUST1343,Fitness Band,4,44.08,India
INV500053,2026-07-05 00:00:00,CUST1004,Gaming Mouse Pad,2,15.17,India
INV500053,2026-07-05 00:00:00,CUST1004,Mini Tripod,3,12.42,India
INV500384,2026-07-05 00:00:00,CUST1035,Mini Tripod,1,13.53,India
INV500384,2026-07-05 00:00:00,CUST1035,Portable SSD,2,112.05,India
INV500384,2026-07-05 00:00:00,CUST1035,Desk Lamp,4,26.57,India
INV502362,2026-07-05 00:00:00,CUST1238,Fitness Band,4,41.83,India
INV502362,2026-07-05 00:00:00,CUST1238,Phone Case,4,11.69,India
INV502362,2026-07-05 00:00:00,CUST1238,Bluetooth Speaker,1,49.63,United Kingdom
INV502561,2026-07-05 00:00:00,CUST1260,Laptop Stand,3,28.69,UAE
INV502561,2026-07-05 00:00:00,CUST1260,Laptop Stand,3,28.76,United Kingdom
INV502663,2026-07-05 00:00:00,CUST1272,Desk Lamp,1,24.65,Singapore
INV502931,2026-07-05 00:00:00,CUST1298,Fitness Band,5,39.97,UAE
INV502931,2026-07-05 00:00:00,CUST1298,Power Bank,4,37.4,UAE
INV503002,2026-07-05 00:00:00,CUST1303,Portable SSD,1,82.45,India
INV503002,2026-07-05 00:00:00,CUST1303,Power Bank,3,28.39,UAE
INV503217,2026-07-05 00:00:00,CUST1325,Phone Case,6,15.89,India
INV503217,2026-07-05 00:00:00,CUST1325,Portable SSD,6,118.9,India
INV503505,2026-07-05 00:00:00,CUST1355,Notebook Set,3,6.59,India
INV503505,2026-07-05 00:00:00,CUST1355,Desk Lamp,4,22.67,India
INV500304,2026-07-06 00:00:00,CUST1027,Notebook Set,2,8.88,India
INV500453,2026-07-06 00:00:00,CUST1043,USB-C Hub,1,35.98,India
INV500453,2026-07-06 00:00:00,CUST1043,Water Bottle,4,15.76,Singapore
INV500493,2026-07-06 00:00:00,CUST1046,Smartwatch Strap,3,16.39,India
INV500493,2026-07-06 00:00:00,CUST1046,Laptop Stand,1,38.01,Singapore
INV500493,2026-07-06 00:00:00,CUST1046,Laptop Stand,2,40.57,India
INV500815,2026-07-06 00:00:00,CUST1080,Fitness Band,2,31.88,India
INV500815,2026-07-06 00:00:00,CUST1080,Charging Cable,1,5.91,India
INV500960,2026-07-06 00:00:00,CUST1095,Bluetooth Speaker,4,54.4,India
INV500960,2026-07-06 00:00:00,CUST1095,Water Bottle,4,18.97,India
INV501076,2026-07-06 00:00:00,CUST1107,Backpack,4,49.25,India
INV501076,2026-07-06 00:00:00,CUST1107,Portable SSD,3,102.06,Singapore
INV501220,2026-07-06 00:00:00,CUST1125,Gaming Mouse Pad,5,22.05,UAE
INV501220,2026-07-06 00:00:00,CUST1125,Notebook Set,6,9.42,Singapore
INV501377,2026-07-06 00:00:00,CUST1137,Laptop Stand,3,37.75,UAE
INV501478,2026-07-06 00:00:00,CUST1147,Gaming Mouse Pad,1,13.02,United Kingdom
INV501478,2026-07-06 00:00:00,CUST1147,Gaming Mouse Pad,1,12.52,India
INV501718,2026-07-06 00:00:00,CUST1172,Desk Lamp,1,17.77,United Kingdom
INV502508,2026-07-06 00:00:00,CUST1256,Portable SSD,3,87.67,India
INV502508,2026-07-06 00:00:00,CUST1256,Smartwatch Strap,1,12.64,United Kingdom
INV502508,2026-07-06 00:00:00,CUST1256,Power Bank,1,24.59,UAE
INV502579,2026-07-06 00:00:00,CUST1262,Charging Cable,2,6.1,India
INV502704,2026-07-06 00:00:00,CUST1276,Smartwatch Strap,4,14.99,India
INV502704,2026-07-06 00:00:00,CUST1276,Notebook Set,6,9.41,India
INV502704,2026-07-06 00:00:00,CUST1276,HDMI Cable,3,11.34,India
INV502847,2026-07-06 00:00:00,CUST1289,Backpack,3,42.07,India
INV502847,2026-07-06 00:00:00,CUST1289,Webcam,4,49.33,India
INV502851,2026-07-06 00:00:00,CUST1289,Smartwatch Strap,1,14.8,United Kingdom
INV502851,2026-07-06 00:00:00,CUST1289,Mechanical Keyboard,3,62.42,India
INV502855,2026-07-06 00:00:00,CUST1289,Mechanical Keyboard,4,66.29,India
INV500110,2026-07-07 00:00:00,CUST1010,Fitness Band,2,43.1,India
INV501506,2026-07-07 00:00:00,CUST1150,HDMI Cable,3,8.53,India
INV501506,2026-07-07 00:00:00,CUST1150,Charging Cable,2,6.42,India
INV501636,2026-07-07 00:00:00,CUST1166,Fitness Band,6,50.33,Singapore
INV501636,2026-07-07 00:00:00,CUST1166,Mini Tripod,5,17.29,India
INV501636,2026-07-07 00:00:00,CUST1166,Water Bottle,6,20.91,India
INV502236,2026-07-07 00:00:00,CUST1225,Wireless Mouse,3,30.94,United Kingdom
INV502236,2026-07-07 00:00:00,CUST1225,Backpack,2,55.91,Singapore
INV502368,2026-07-07 00:00:00,CUST1238,Headphones,3,61.19,India
INV502368,2026-07-07 00:00:00,CUST1238,Power Bank,4,30.47,UAE
INV503131,2026-07-07 00:00:00,CUST1314,Smartwatch Strap,6,19.57,India
INV503221,2026-07-07 00:00:00,CUST1325,Phone Case,2,14.25,india
INV503221,2026-07-07 00:00:00,CUST1325,Webcam,5,64.69,India
INV503221,2026-07-07 00:00:00,CUST1325,Gaming Mouse Pad,5,24.64,India
INV503844,2026-07-07 00:00:00,CUST1395,Phone Case,5,13.0,India
INV503844,2026-07-07 00:00:00,CUST1395,Bluetooth Speaker,5,45.49,United Kingdom
INV500183,2026-07-08 00:00:00,CUST1014,Headphones,2,54.0,India
INV500183,2026-07-08 00:00:00,CUST1014,HDMI Cable,2,9.74,United Kingdom
INV500183,2026-07-08 00:00:00,CUST1014,HDMI Cable,3,10.92,India
INV500214,2026-07-08 00:00:00,CUST1019,HDMI Cable,4,8.29,India
INV500214,2026-07-08 00:00:00,CUST1019,Headphones,4,48.05,India
INV500214,2026-07-08 00:00:00,CUST1019,Mini Tripod,1,12.06,India
INV500475,2026-07-08 00:00:00,CUST1045,Power Bank,3,32.22,India
INV500660,2026-07-08 00:00:00,CUST1065,Fitness Band,1,33.45,India
INV500660,2026-07-08 00:00:00,CUST1065,Smartwatch Strap,2,12.15,India
INV500660,2026-07-08 00:00:00,CUST1065,Bluetooth Speaker,4,42.29,India
INV501240,2026-07-08 00:00:00,CUST1126,USB-C Hub,3,31.5,United Kingdom
INV501240,2026-07-08 00:00:00,CUST1126,Smartwatch Strap,3,14.66,India
INV501281,2026-07-08 00:00:00,CUST1129,Water Bottle,4,14.83,UAE
INV501438,2026-07-08 00:00:00,CUST1143,Headphones,4,62.32,India
INV501601,2026-07-08 00:00:00,CUST1161,Bluetooth Speaker,3,48.89,India
INV501601,2026-07-08 00:00:00,CUST1161,Gaming Mouse Pad,6,20.63,Singapore
INV501837,2026-07-08 00:00:00,CUST1184,Phone Case,3,15.01,United Kingdom
INV501837,2026-07-08 00:00:00,CUST1184,Fitness Band,4,48.36,UAE
INV501837,2026-07-08 00:00:00,CUST1184,Portable SSD,2,125.06,India
INV501854,2026-07-08 00:00:00,CUST1185,Gaming Mouse Pad,3,17.97,UAE
INV502048,2026-07-08 00:00:00,CUST1204,Phone Case,3,9.59,India
INV502048,2026-07-08 00:00:00,CUST1204,Desk Lamp,2,25.46,india
INV502048,2026-07-08 00:00:00,CUST1204,Headphones,2,52.52,India
INV502242,2026-07-08 00:00:00,CUST1226,Desk Lamp,3,17.97,Singapore
INV502242,2026-07-08 00:00:00,CUST1226,Phone Case,3,7.9,India
INV503124,2026-07-08 00:00:00,CUST1314,Mechanical Keyboard,6,86.16,United Kingdom
INV503124,2026-07-08 00:00:00,CUST1314,Notebook Set,6,10.41,India
INV503373,2026-07-08 00:00:00,CUST1341,Wireless Mouse,2,19.31,India
INV503373,2026-07-08 00:00:00,CUST1341,Gaming Mouse Pad,3,17.93,India
INV503373,2026-07-08 00:00:00,CUST1341,Mini Tripod,2,12.43,United Kingdom
INV503537,2026-07-08 00:00:00,CUST1359,HDMI Cable,6,12.94,United Kingdom
INV503537,2026-07-08 00:00:00,CUST1359,Bluetooth Speaker,4,59.31,United Kingdom
INV503614,2026-07-08 00:00:00,CUST1368,Charging Cable,1,5.36,Singapore
INV503614,2026-07-08 00:00:00,CUST1368,Smartwatch Strap,3,11.13,India
INV503614,2026-07-08 00:00:00,CUST1368,Mechanical Keyboard,2,43.94,United Kingdom
INV503779,2026-07-08 00:00:00,CUST1386,Backpack,4,40.59,India
INV503779,2026-07-08 00:00:00,CUST1386,Desk Lamp,1,24.8,UAE
INV500459,2026-07-09 00:00:00,CUST1043,Water Bottle,2,16.85,Singapore
INV500602,2026-07-09 00:00:00,CUST1056,HDMI Cable,2,6.9,India
INV500602,2026-07-09 00:00:00,CUST1056,Wireless Mouse,3,17.03,India
INV500602,2026-07-09 00:00:00,CUST1056,Webcam,3,35.16,India
INV500945,2026-07-09 00:00:00,CUST1093,Charging Cable,2,6.51,United Kingdom
INV500945,2026-07-09 00:00:00,CUST1093,Headphones,1,52.23,India
INV500945,2026-07-09 00:00:00,CUST1093,Power Bank,3,29.56,Singapore
INV501086,2026-07-09 00:00:00,CUST1108,Laptop Stand,4,30.63,India
INV501086,2026-07-09 00:00:00,CUST1108,Backpack,2,38.49,India
INV501086,2026-07-09 00:00:00,CUST1108,Mini Tripod,1,12.29,India
INV501550,2026-07-09 00:00:00,CUST1156,Gaming Mouse Pad,2,18.92,India
INV501550,2026-07-09 00:00:00,CUST1156,Portable SSD,4,103.71,United Kingdom
INV501550,2026-07-09 00:00:00,CUST1156,Webcam,2,58.27,Singapore
INV502031,2026-07-09 00:00:00,CUST1203,Bluetooth Speaker,1,33.56,United Kingdom
INV502031,2026-07-09 00:00:00,CUST1203,Headphones,3,42.33,India
INV502031,2026-07-09 00:00:00,CUST1203,Webcam,1,37.24,India
INV502371,2026-07-09 00:00:00,CUST1238,Gaming Mouse Pad,2,18.55,India
INV502371,2026-07-09 00:00:00,CUST1238,Desk Lamp,4,28.75,United Kingdom
INV502371,2026-07-09 00:00:00,CUST1238,Headphones,2,61.21,India
INV502454,2026-07-09 00:00:00,CUST1250,Power Bank,2,33.05,India
INV502454,2026-07-09 00:00:00,CUST1250,Headphones,4,56.0,India
INV502454,2026-07-09 00:00:00,CUST1250,Wireless Mouse,2,22.39,UAE
INV502487,2026-07-09 00:00:00,CUST1253,Headphones,4,61.53,United Kingdom
INV502487,2026-07-09 00:00:00,CUST1253,Webcam,4,58.31,India
INV502699,2026-07-09 00:00:00,CUST1275,Phone Case,6,12.25,India
INV502699,2026-07-09 00:00:00,CUST1275,Water Bottle,4,17.42,United Kingdom
INV502699,2026-07-09 00:00:00,CUST1275,Notebook Set,5,8.77,India
INV503045,2026-07-09 00:00:00,CUST1306,Mini Tripod,5,16.03,India
INV500044,2026-07-10 00:00:00,CUST1004,Desk Lamp,4,26.37,India
INV500044,2026-07-10 00:00:00,CUST1004,Gaming Mouse Pad,4,16.07,United Kingdom
INV500472,2026-07-10 00:00:00,CUST1045,Phone Case,3,13.41,India
INV500472,2026-07-10 00:00:00,CUST1045,Webcam,3,51.67,United Kingdom
INV500472,2026-07-10 00:00:00,CUST1045,Charging Cable,4,8.44,United Kingdom
INV500515,2026-07-10 00:00:00,CUST1047,Portable SSD,2,113.34,Singapore
INV500515,2026-07-10 00:00:00,CUST1047,Webcam,6,67.3,UAE
INV500692,2026-07-10 00:00:00,CUST1068,Water Bottle,2,16.31,Singapore
INV500692,2026-07-10 00:00:00,CUST1068,Wireless Mouse,6,23.93,India
INV500692,2026-07-10 00:00:00,CUST1068,Notebook Set,4,8.51,Singapore
INV501679,2026-07-10 00:00:00,CUST1169,Gaming Mouse Pad,4,18.85,India
INV502189,2026-07-10 00:00:00,CUST1220,Wireless Mouse,1,17.77,UAE
INV502189,2026-07-10 00:00:00,CUST1220,Desk Lamp,2,23.04,UAE
INV502535,2026-07-10 00:00:00,CUST1257,Webcam,3,68.8,UAE
INV502535,2026-07-10 00:00:00,CUST1257,Headphones,5,66.76,Singapore
INV502535,2026-07-10 00:00:00,CUST1257,Laptop Stand,3,49.38,India
INV503027,2026-07-10 00:00:00,CUST1305,Water Bottle,3,19.62,United Kingdom
INV503372,2026-07-10 00:00:00,CUST1341,Headphones,3,51.76,India
INV503372,2026-07-10 00:00:00,CUST1341,USB-C Hub,3,28.26,India
INV503372,2026-07-10 00:00:00,CUST1341,Desk Lamp,3,24.35,India
INV500035,2026-07-11 00:00:00,CUST1003,Fitness Band,1,37.48,India
INV500035,2026-07-11 00:00:00,CUST1003,Backpack,3,43.5,India
INV500935,2026-07-11 00:00:00,CUST1091,Charging Cable,3,8.07,UAE
INV500935,2026-07-11 00:00:00,CUST1091,Mini Tripod,6,14.87,UAE
INV500935,2026-07-11 00:00:00,CUST1091,Notebook Set,2,9.46,India
INV501579,2026-07-11 00:00:00,CUST1160,Notebook Set,2,6.82,United Kingdom
INV501579,2026-07-11 00:00:00,CUST1160,Mini Tripod,3,10.53,India
INV501579,2026-07-11 00:00:00,CUST1160,Power Bank,4,23.23,UAE
INV501651,2026-07-11 00:00:00,CUST1166,Smartwatch Strap,5,17.44,India
INV502266,2026-07-11 00:00:00,CUST1230,Portable SSD,3,79.19,India
INV502266,2026-07-11 00:00:00,CUST1230,Portable SSD,3,68.45,UAE
INV502266,2026-07-11 00:00:00,CUST1230,Headphones,4,44.86,India
INV500246,2026-07-12 00:00:00,CUST1021,Fitness Band,3,30.53,India
INV500370,2026-07-12 00:00:00,CUST1033,Power Bank,2,26.02,UAE
INV500370,2026-07-12 00:00:00,CUST1033,USB-C Hub,3,24.18,India
INV500370,2026-07-12 00:00:00,CUST1033,HDMI Cable,3,7.1,United Kingdom
INV501585,2026-07-12 00:00:00,CUST1161,Smartwatch Strap,2,15.92,India
INV501585,2026-07-12 00:00:00,CUST1161,Gaming Mouse Pad,4,18.94,India
INV501585,2026-07-12 00:00:00,CUST1161,Smartwatch Strap,6,15.63,UAE
INV501812,2026-07-12 00:00:00,CUST1180,Fitness Band,3,31.5,United Kingdom
INV501812,2026-07-12 00:00:00,CUST1180,Laptop Stand,2,28.63,India
INV502089,2026-07-12 00:00:00,CUST1208,Laptop Stand,4,37.18,India
INV502089,2026-07-12 00:00:00,CUST1208,Portable SSD,6,116.33,Singapore
INV503444,2026-07-12 00:00:00,CUST1348,HDMI Cable,4,8.85,United Kingdom
INV503444,2026-07-12 00:00:00,CUST1348,Backpack,3,33.59,India
INV503444,2026-07-12 00:00:00,CUST1348,USB-C Hub,3,29.56,India
INV503635,2026-07-12 00:00:00,CUST1370,Charging Cable,3,6.72,India
INV503635,2026-07-12 00:00:00,CUST1370,Notebook Set,1,7.47,UAE
INV500318,2026-07-13 00:00:00,CUST1027,HDMI Cable,6,10.13,India
INV500966,2026-07-13 00:00:00,CUST1095,Desk Lamp,4,33.14,India
INV500966,2026-07-13 00:00:00,CUST1095,Backpack,2,55.66,India
INV501199,2026-07-13 00:00:00,CUST1122,Notebook Set,1,7.61,India
INV501199,2026-07-13 00:00:00,CUST1122,Desk Lamp,1,23.25,India
INV501725,2026-07-13 00:00:00,CUST1173,Charging Cable,2,6.26,India
INV501725,2026-07-13 00:00:00,CUST1173,Desk Lamp,1,21.72,Singapore
INV501896,2026-07-13 00:00:00,CUST1189,Gaming Mouse Pad,4,17.49,India
INV501896,2026-07-13 00:00:00,CUST1189,Portable SSD,4,88.59,India
INV501896,2026-07-13 00:00:00,CUST1189,Headphones,1,52.77,Singapore
INV501912,2026-07-13 00:00:00,CUST1190,Power Bank,1,26.66,India
INV501912,2026-07-13 00:00:00,CUST1190,Notebook Set,4,7.33,India
INV501919,2026-07-13 00:00:00,CUST1191,Notebook Set,4,8.74,India
INV501919,2026-07-13 00:00:00,CUST1191,Backpack,3,45.97,India
INV501919,2026-07-13 00:00:00,CUST1191,Charging Cable,4,7.71,India
INV502078,2026-07-13 00:00:00,CUST1207,HDMI Cable,3,10.94,India
INV502078,2026-07-13 00:00:00,CUST1207,Desk Lamp,2,28.94,UAE
INV502078,2026-07-13 00:00:00,CUST1207,Laptop Stand,2,37.67,India
INV502101,2026-07-13 00:00:00,CUST1208,Phone Case,3,12.7,India
INV502101,2026-07-13 00:00:00,CUST1208,Power Bank,5,34.65,India
INV502101,2026-07-13 00:00:00,CUST1208,Fitness Band,3,37.07,UAE
INV502887,2026-07-13 00:00:00,CUST1292,Fitness Band,1,23.2,India
INV502910,2026-07-13 00:00:00,CUST1295,Desk Lamp,2,23.46,India
INV502910,2026-07-13 00:00:00,CUST1295,Notebook Set,3,7.16,India
INV502910,2026-07-13 00:00:00,CUST1295,Charging Cable,2,5.26,India
INV500083,2026-07-14 00:00:00,CUST1008,USB-C Hub,5,37.63,India
INV500083,2026-07-14 00:00:00,CUST1008,Headphones,2,58.89,India
INV500554,2026-07-14 00:00:00,CUST1050,Backpack,3,36.26,UAE
INV500554,2026-07-14 00:00:00,CUST1050,Mini Tripod,2,11.63,Singapore
INV500554,2026-07-14 00:00:00,CUST1050,Power Bank,1,28.88,India
INV500710,2026-07-14 00:00:00,CUST1069,Webcam,2,47.41,India
INV500710,2026-07-14 00:00:00,CUST1069,Fitness Band,4,32.66,UAE
INV500710,2026-07-14 00:00:00,CUST1069,Notebook Set,1,8.39,UAE
INV501433,2026-07-14 00:00:00,CUST1143,Mini Tripod,3,13.8,India
INV501433,2026-07-14 00:00:00,CUST1143,HDMI Cable,2,10.31,Singapore
INV501523,2026-07-14 00:00:00,CUST1153,Gaming Mouse Pad,1,15.64,UAE
INV501608,2026-07-14 00:00:00,CUST1161,Mini Tripod,3,13.4,India
INV501608,2026-07-14 00:00:00,CUST1161,USB-C Hub,4,33.09,India
INV501639,2026-07-14 00:00:00,CUST1166,Power Bank,6,45.26,Singapore
INV501754,2026-07-14 00:00:00,CUST1176,Headphones,2,42.15,United Kingdom
INV501754,2026-07-14 00:00:00,CUST1176,Webcam,2,45.02,India
INV502145,2026-07-14 00:00:00,CUST1214,Mechanical Keyboard,1,58.43,United Kingdom
INV502145,2026-07-14 00:00:00,CUST1214,USB-C Hub,1,31.47,India
INV502145,2026-07-14 00:00:00,CUST1214,Mini Tripod,2,11.4,Singapore
INV503154,2026-07-14 00:00:00,CUST1317,Mechanical Keyboard,4,52.49,United Kingdom
INV503154,2026-07-14 00:00:00,CUST1317,Phone Case,1,9.63,UAE
INV503154,2026-07-14 00:00:00,CUST1317,Charging Cable,1,6.25,India
INV503363,2026-07-14 00:00:00,CUST1340,Bluetooth Speaker,2,47.86,India
INV503363,2026-07-14 00:00:00,CUST1340,Mechanical Keyboard,4,65.0,India
INV503547,2026-07-14 00:00:00,CUST1359,Charging Cable,4,8.99,Singapore
INV500728,2026-07-15 00:00:00,CUST1071,Wireless Mouse,1,17.3,India
INV500728,2026-07-15 00:00:00,CUST1071,Fitness Band,1,28.87,India
INV500728,2026-07-15 00:00:00,CUST1071,Phone Case,3,8.61,Singapore
INV501064,2026-07-15 00:00:00,CUST1106,Wireless Mouse,3,21.17,United Kingdom
INV501248,2026-07-15 00:00:00,CUST1127,Gaming Mouse Pad,6,25.63,India
INV501248,2026-07-15 00:00:00,CUST1127,Headphones,3,76.79,United Kingdom
INV501325,2026-07-15 00:00:00,CUST1133,Bluetooth Speaker,3,40.23,UAE
INV501325,2026-07-15 00:00:00,CUST1133,Charging Cable,4,6.52,United Kingdom
INV501325,2026-07-15 00:00:00,CUST1133,Webcam,3,42.63,India
INV501407,2026-07-15 00:00:00,CUST1140,Power Bank,4,33.51,India
INV501407,2026-07-15 00:00:00,CUST1140,Charging Cable,5,7.89,India
INV501407,2026-07-15 00:00:00,CUST1140,Power Bank,3,34.73,India
INV501507,2026-07-15 00:00:00,CUST1150,Phone Case,3,8.61,India
INV501507,2026-07-15 00:00:00,CUST1150,Wireless Mouse,2,16.86,India
INV502481,2026-07-15 00:00:00,CUST1253,USB-C Hub,4,37.14,United Kingdom
INV502481,2026-07-15 00:00:00,CUST1253,Wireless Mouse,5,22.79,UAE
INV502481,2026-07-15 00:00:00,CUST1253,Desk Lamp,5,32.94,India
INV503292,2026-07-15 00:00:00,CUST1332,Mini Tripod,4,13.17,United Kingdom
INV503292,2026-07-15 00:00:00,CUST1332,Wireless Mouse,3,23.31,India
INV503670,2026-07-15 00:00:00,CUST1376,Desk Lamp,6,37.94,United Kingdom
INV503670,2026-07-15 00:00:00,CUST1376,Desk Lamp,3,36.63,UAE
INV503670,2026-07-15 00:00:00,CUST1376,Phone Case,4,14.62,Singapore
INV500176,2026-07-16 00:00:00,CUST1014,Water Bottle,3,16.45,United Kingdom
INV500180,2026-07-16 00:00:00,CUST1014,Mechanical Keyboard,1,70.33,UAE
INV500180,2026-07-16 00:00:00,CUST1014,Mechanical Keyboard,1,63.45,Singapore
INV500180,2026-07-16 00:00:00,CUST1014,Smartwatch Strap,1,15.29,India
INV500249,2026-07-16 00:00:00,CUST1022,Notebook Set,1,6.47,India
INV500368,2026-07-16 00:00:00,CUST1033,Notebook Set,2,6.67,India
INV500678,2026-07-16 00:00:00,CUST1067,Power Bank,1,28.89,India
INV500678,2026-07-16 00:00:00,CUST1067,Webcam,4,47.92,India
INV500678,2026-07-16 00:00:00,CUST1067,Bluetooth Speaker,2,45.43,India
INV501209,2026-07-16 00:00:00,CUST1124,Notebook Set,1,6.81,India
INV501209,2026-07-16 00:00:00,CUST1124,Wireless Mouse,2,14.8,Singapore
INV501209,2026-07-16 00:00:00,CUST1124,Webcam,2,35.09,India
INV501588,2026-07-16 00:00:00,CUST1161,Smartwatch Strap,4,14.37,India
INV501976,2026-07-16 00:00:00,CUST1198,Bluetooth Speaker,3,47.04,UAE
INV502117,2026-07-16 00:00:00,CUST1209,Charging Cable,1,5.92,Singapore
INV502430,2026-07-16 00:00:00,CUST1248,Phone Case,4,8.44,UAE
INV502430,2026-07-16 00:00:00,CUST1248,Water Bottle,3,14.43,India
INV502451,2026-07-16 00:00:00,CUST1250,Smartwatch Strap,2,13.4,UAE
INV503269,2026-07-16 00:00:00,CUST1329,Mechanical Keyboard,2,49.13,India
INV503409,2026-07-16 00:00:00,CUST1345,Headphones,4,53.48,India
INV503409,2026-07-16 00:00:00,CUST1345,Charging Cable,1,7.1,UAE
INV503409,2026-07-16 00:00:00,CUST1345,Mechanical Keyboard,3,60.55,India
INV500342,2026-07-17 00:00:00,CUST1028,Notebook Set,6,10.94,India
INV500342,2026-07-17 00:00:00,CUST1028,Power Bank,6,41.12,UAE
INV500342,2026-07-17 00:00:00,CUST1028,Water Bottle,3,22.19,UAE
INV500615,2026-07-17 00:00:00,CUST1057,Laptop Stand,2,31.05,UAE
INV500615,2026-07-17 00:00:00,CUST1057,Portable SSD,3,85.16,Singapore
INV500701,2026-07-17 00:00:00,CUST1068,Water Bottle,4,15.79,Singapore
INV501597,2026-07-17 00:00:00,CUST1161,Notebook Set,6,9.07,India
INV501701,2026-07-17 00:00:00,CUST1170,Water Bottle,3,21.3,India
INV501701,2026-07-17 00:00:00,CUST1170,Mechanical Keyboard,4,72.96,India
INV501761,2026-07-17 00:00:00,CUST1177,USB-C Hub,4,42.09,India
INV502375,2026-07-17 00:00:00,CUST1239,Wireless Mouse,3,19.51,India
INV502375,2026-07-17 00:00:00,CUST1239,Phone Case,3,8.96,India
INV502375,2026-07-17 00:00:00,CUST1239,Laptop Stand,2,29.85,India
INV502439,2026-07-17 00:00:00,CUST1248,Desk Lamp,2,20.09,India
INV502439,2026-07-17 00:00:00,CUST1248,Smartwatch Strap,4,12.33,Singapore
INV502439,2026-07-17 00:00:00,CUST1248,Smartwatch Strap,2,12.43,UAE
INV503602,2026-07-17 00:00:00,CUST1367,USB-C Hub,3,33.69,India
INV503602,2026-07-17 00:00:00,CUST1367,HDMI Cable,3,10.31,UAE
INV503713,2026-07-17 00:00:00,CUST1379,Bluetooth Speaker,3,40.4,United Kingdom
INV503713,2026-07-17 00:00:00,CUST1379,Smartwatch Strap,1,11.93,India
INV503713,2026-07-17 00:00:00,CUST1379,Mechanical Keyboard,2,53.44,India
INV503803,2026-07-17 00:00:00,CUST1388,Headphones,3,47.77,UAE
INV503803,2026-07-17 00:00:00,CUST1388,Water Bottle,4,14.47,Singapore
INV503803,2026-07-17 00:00:00,CUST1388,Laptop Stand,4,30.47,India
INV500745,2026-07-18 00:00:00,CUST1073,Desk Lamp,2,23.15,India
INV500745,2026-07-18 00:00:00,CUST1073,Charging Cable,3,6.46,India
INV500858,2026-07-18 00:00:00,CUST1085,Mechanical Keyboard,4,54.32,Singapore
INV500858,2026-07-18 00:00:00,CUST1085,Portable SSD,1,79.16,United Kingdom
INV500858,2026-07-18 00:00:00,CUST1085,Fitness Band,3,29.27,India
INV501138,2026-07-18 00:00:00,CUST1113,Headphones,1,45.66,India
INV501138,2026-07-18 00:00:00,CUST1113,Laptop Stand,3,32.36,India
INV502092,2026-07-18 00:00:00,CUST1208,Fitness Band,3,38.68,India
INV502092,2026-07-18 00:00:00,CUST1208,Mini Tripod,3,13.56,Singapore
INV502092,2026-07-18 00:00:00,CUST1208,Backpack,6,44.78,India
INV502829,2026-07-18 00:00:00,CUST1288,Fitness Band,3,44.04,India
INV502829,2026-07-18 00:00:00,CUST1288,Webcam,4,57.69,India
INV503526,2026-07-18 00:00:00,CUST1358,Gaming Mouse Pad,1,14.75,India
INV500244,2026-07-19 00:00:00,CUST1021,Gaming Mouse Pad,4,13.3,India
INV500391,2026-07-19 00:00:00,CUST1037,Desk Lamp,2,20.92,United Kingdom
INV500391,2026-07-19 00:00:00,CUST1037,HDMI Cable,2,8.6,UAE
INV500391,2026-07-19 00:00:00,CUST1037,Mechanical Keyboard,3,50.1,India
INV500589,2026-07-19 00:00:00,CUST1054,USB-C Hub,4,25.17,India
INV500589,2026-07-19 00:00:00,CUST1054,Charging Cable,1,6.39,India
INV500589,2026-07-19 00:00:00,CUST1054,Backpack,2,36.4,India
INV500903,2026-07-19 00:00:00,CUST1089,Gaming Mouse Pad,5,20.4,India
INV500903,2026-07-19 00:00:00,CUST1089,Mechanical Keyboard,4,61.67,Singapore
INV501568,2026-07-19 00:00:00,CUST1159,Charging Cable,4,7.24,India
INV501568,2026-07-19 00:00:00,CUST1159,USB-C Hub,1,28.06,Singapore
INV501617,2026-07-19 00:00:00,CUST1163,Mechanical Keyboard,2,57.44,India
INV502545,2026-07-19 00:00:00,CUST1258,Charging Cable,1,6.17,India
INV502545,2026-07-19 00:00:00,CUST1258,Mechanical Keyboard,3,51.14,India
INV502545,2026-07-19 00:00:00,CUST1258,Wireless Mouse,2,16.67,Singapore
INV500072,2026-07-20 00:00:00,CUST1008,Gaming Mouse Pad,3,19.0,India
INV500072,2026-07-20 00:00:00,CUST1008,Headphones,4,63.25,India
INV500072,2026-07-20 00:00:00,CUST1008,Headphones,2,57.14,India
INV500485,2026-07-20 00:00:00,CUST1045,Wireless Mouse,6,25.99,India
INV500485,2026-07-20 00:00:00,CUST1045,Power Bank,6,36.4,India
INV500485,2026-07-20 00:00:00,CUST1045,Headphones,5,58.1,United Kingdom
INV501035,2026-07-20 00:00:00,CUST1101,Portable SSD,2,140.65,India
INV501035,2026-07-20 00:00:00,CUST1101,Fitness Band,2,46.36,India
INV501794,2026-07-20 00:00:00,CUST1178,Wireless Mouse,1,19.41,UAE
INV502389,2026-07-20 00:00:00,CUST1241,Portable SSD,1,81.03,India
INV502715,2026-07-20 00:00:00,CUST1276,Wireless Mouse,2,26.66,UAE
INV502715,2026-07-20 00:00:00,CUST1276,Smartwatch Strap,4,17.1,India
INV502715,2026-07-20 00:00:00,CUST1276,Water Bottle,6,19.64,India
INV502874,2026-07-20 00:00:00,CUST1291,Backpack,6,45.35,Singapore
INV502874,2026-07-20 00:00:00,CUST1291,Gaming Mouse Pad,5,18.59,India
INV502874,2026-07-20 00:00:00,CUST1291,Power Bank,2,29.17,UAE
INV500152,2026-07-21 00:00:00,CUST1012,Mechanical Keyboard,1,49.88,United Kingdom
INV500152,2026-07-21 00:00:00,CUST1012,Laptop Stand,2,28.94,UAE
INV500499,2026-07-21 00:00:00,CUST1046,Mechanical Keyboard,3,64.64,India
INV500499,2026-07-21 00:00:00,CUST1046,Smartwatch Strap,3,14.81,India
INV500499,2026-07-21 00:00:00,CUST1046,Power Bank,3,31.04,India
INV501091,2026-07-21 00:00:00,CUST1108,USB-C Hub,1,29.44,India
INV501091,2026-07-21 00:00:00,CUST1108,Backpack,2,40.9,India
INV501091,2026-07-21 00:00:00,CUST1108,HDMI Cable,1,8.27,India
INV501218,2026-07-21 00:00:00,CUST1125,Mini Tripod,5,15.4,India
INV501524,2026-07-21 00:00:00,CUST1153,Gaming Mouse Pad,4,16.42,India
INV501686,2026-07-21 00:00:00,CUST1169,Backpack,2,39.7,India
INV501686,2026-07-21 00:00:00,CUST1169,Charging Cable,4,7.29,India
INV501686,2026-07-21 00:00:00,CUST1169,Charging Cable,4,6.85,India
INV501765,2026-07-21 00:00:00,CUST1177,Webcam,6,65.04,India
INV501765,2026-07-21 00:00:00,CUST1177,Laptop Stand,5,52.0,India
INV502058,2026-07-21 00:00:00,CUST1205,Smartwatch Strap,3,13.56,UAE
INV502058,2026-07-21 00:00:00,CUST1205,Mini Tripod,3,13.54,Singapore
INV502525,2026-07-21 00:00:00,CUST1257,Power Bank,2,41.6,UAE
INV502525,2026-07-21 00:00:00,CUST1257,Laptop Stand,2,42.04,UAE
INV503110,2026-07-21 00:00:00,CUST1313,Bluetooth Speaker,2,40.14,India
INV503110,2026-07-21 00:00:00,CUST1313,Mini Tripod,4,12.2,UAE
INV503155,2026-07-21 00:00:00,CUST1317,Fitness Band,4,31.26,Singapore
INV503155,2026-07-21 00:00:00,CUST1317,Power Bank,3,27.58,Singapore
INV503155,2026-07-21 00:00:00,CUST1317,Backpack,1,41.43,Singapore
INV503223,2026-07-21 00:00:00,CUST1325,Portable SSD,3,140.4,United Kingdom
INV503746,2026-07-21 00:00:00,CUST1383,Mini Tripod,3,11.53,India
INV503746,2026-07-21 00:00:00,CUST1383,Mini Tripod,2,13.49,India
INV503746,2026-07-21 00:00:00,CUST1383,Backpack,1,38.61,United Kingdom
INV503800,2026-07-21 00:00:00,CUST1387,Phone Case,3,14.93,India
INV503800,2026-07-21 00:00:00,CUST1387,Water Bottle,6,21.37,India
INV500308,2026-07-22 00:00:00,CUST1027,USB-C Hub,5,35.74,India
INV500438,2026-07-22 00:00:00,CUST1042,USB-C Hub,6,41.64,India
INV501995,2026-07-22 00:00:00,CUST1198,Power Bank,6,36.04,India
INV502112,2026-07-22 00:00:00,CUST1209,Mini Tripod,1,12.26,India
INV502696,2026-07-22 00:00:00,CUST1275,Bluetooth Speaker,3,51.42,Singapore
INV502696,2026-07-22 00:00:00,CUST1275,Mini Tripod,4,15.29,Singapore
INV502696,2026-07-22 00:00:00,CUST1275,Mechanical Keyboard,5,66.37,UAE
INV502850,2026-07-22 00:00:00,CUST1289,Wireless Mouse,4,19.52,India
INV503012,2026-07-22 00:00:00,CUST1305,Mini Tripod,6,15.16,India
INV503378,2026-07-22 00:00:00,CUST1342,Smartwatch Strap,4,12.32,UAE
INV503378,2026-07-22 00:00:00,CUST1342,Charging Cable,1,6.63,India
INV503497,2026-07-22 00:00:00,CUST1354,USB-C Hub,6,38.27,India
INV503497,2026-07-22 00:00:00,CUST1354,Water Bottle,5,19.02,India
INV503846,2026-07-22 00:00:00,CUST1395,Notebook Set,5,9.67,India
INV503846,2026-07-22 00:00:00,CUST1395,Smartwatch Strap,6,16.63,India
INV500217,2026-07-23 00:00:00,CUST1019,Smartwatch Strap,2,12.81,United Kingdom
INV500243,2026-07-23 00:00:00,CUST1021,Mechanical Keyboard,4,46.49,India
INV500297,2026-07-23 00:00:00,CUST1027,Wireless Mouse,5,25.76,UAE
INV500297,2026-07-23 00:00:00,CUST1027,Bluetooth Speaker,6,53.14,India
INV500297,2026-07-23 00:00:00,CUST1027,Phone Case,6,13.29,India
INV501756,2026-07-23 00:00:00,CUST1176,HDMI Cable,2,8.9,United Kingdom
INV502019,2026-07-23 00:00:00,CUST1201,Wireless Mouse,4,16.38,India
INV502019,2026-07-23 00:00:00,CUST1201,Headphones,1,49.63,India
INV502450,2026-07-23 00:00:00,CUST1250,Mechanical Keyboard,4,53.95,India
INV502450,2026-07-23 00:00:00,CUST1250,Charging Cable,2,6.47,India
INV502474,2026-07-23 00:00:00,CUST1252,Portable SSD,2,79.2,UAE
INV502697,2026-07-23 00:00:00,CUST1275,Power Bank,4,34.78,India
INV502697,2026-07-23 00:00:00,CUST1275,Laptop Stand,2,40.66,India
INV502795,2026-07-23 00:00:00,CUST1285,Desk Lamp,3,22.15,United Kingdom
INV502795,2026-07-23 00:00:00,CUST1285,Portable SSD,2,94.44,UAE
INV502795,2026-07-23 00:00:00,CUST1285,Notebook Set,3,7.09,India
INV503107,2026-07-23 00:00:00,CUST1313,USB-C Hub,1,29.77,India
INV503107,2026-07-23 00:00:00,CUST1313,Backpack,4,41.32,UAE
INV503203,2026-07-23 00:00:00,CUST1324,Backpack,1,41.97,India
INV503203,2026-07-23 00:00:00,CUST1324,Phone Case,4,10.72,India
INV503203,2026-07-23 00:00:00,CUST1324,Desk Lamp,1,23.97,India
INV503595,2026-07-23 00:00:00,CUST1365,Headphones,2,49.98,India
INV503595,2026-07-23 00:00:00,CUST1365,Charging Cable,1,6.67,India
INV503595,2026-07-23 00:00:00,CUST1365,USB-C Hub,4,28.69,UAE
INV503866,2026-07-23 00:00:00,CUST1395,Headphones,3,61.88,United Kingdom
INV503866,2026-07-23 00:00:00,CUST1395,USB-C Hub,4,32.92,India
INV503866,2026-07-23 00:00:00,CUST1395,Portable SSD,4,103.85,UAE
INV500939,2026-07-24 00:00:00,CUST1091,Portable SSD,5,118.66,India
INV500939,2026-07-24 00:00:00,CUST1091,Water Bottle,6,19.04,Singapore
INV500939,2026-07-24 00:00:00,CUST1091,Notebook Set,2,11.04,India
INV501602,2026-07-24 00:00:00,CUST1161,Gaming Mouse Pad,6,20.96,India
INV502044,2026-07-24 00:00:00,CUST1204,Laptop Stand,1,28.7,United Kingdom
INV502044,2026-07-24 00:00:00,CUST1204,Bluetooth Speaker,2,35.83,India
INV502438,2026-07-24 00:00:00,CUST1248,HDMI Cable,3,8.34,India
INV502438,2026-07-24 00:00:00,CUST1248,Headphones,2,49.98,India
INV502457,2026-07-24 00:00:00,CUST1251,Phone Case,3,11.37,India
INV502821,2026-07-24 00:00:00,CUST1288,Portable SSD,2,107.47,India
INV502821,2026-07-24 00:00:00,CUST1288,Water Bottle,5,17.06,UAE
INV503485,2026-07-24 00:00:00,CUST1354,Smartwatch Strap,2,16.76,United Kingdom
INV503485,2026-07-24 00:00:00,CUST1354,Power Bank,6,42.18,India
INV501390,2026-07-25 00:00:00,CUST1139,Mini Tripod,3,10.79,UAE
INV501390,2026-07-25 00:00:00,CUST1139,Charging Cable,3,6.06,United Kingdom
INV501390,2026-07-25 00:00:00,CUST1139,Webcam,2,39.24,UAE
INV501548,2026-07-25 00:00:00,CUST1156,Backpack,2,47.11,India
INV501832,2026-07-25 00:00:00,CUST1183,Webcam,2,46.62,UAE
INV501832,2026-07-25 00:00:00,CUST1183,Mini Tripod,1,12.0,India
INV502116,2026-07-25 00:00:00,CUST1209,Mechanical Keyboard,1,55.45,India
INV502665,2026-07-25 00:00:00,CUST1272,HDMI Cable,3,9.49,UAE
INV502665,2026-07-25 00:00:00,CUST1272,Phone Case,2,9.96,India
INV502665,2026-07-25 00:00:00,CUST1272,Notebook Set,3,8.13,India
INV502991,2026-07-25 00:00:00,CUST1302,Headphones,1,42.73,Singapore
INV502991,2026-07-25 00:00:00,CUST1302,Laptop Stand,1,26.2,India
INV500749,2026-07-26 00:00:00,CUST1074,Portable SSD,2,111.68,UAE
INV500766,2026-07-26 00:00:00,CUST1076,Wireless Mouse,4,18.33,Singapore
INV500766,2026-07-26 00:00:00,CUST1076,Water Bottle,3,12.24,India
INV500986,2026-07-26 00:00:00,CUST1096,Laptop Stand,1,31.7,United Kingdom
INV500986,2026-07-26 00:00:00,CUST1096,Desk Lamp,2,22.47,India
INV502125,2026-07-26 00:00:00,CUST1211,Charging Cable,2,6.86,India
INV502125,2026-07-26 00:00:00,CUST1211,Webcam,2,47.51,India
INV502125,2026-07-26 00:00:00,CUST1211,Power Bank,1,26.76,India
INV502842,2026-07-26 00:00:00,CUST1288,Laptop Stand,2,44.8,Singapore
INV502842,2026-07-26 00:00:00,CUST1288,Charging Cable,3,8.96,Singapore
INV502842,2026-07-26 00:00:00,CUST1288,Backpack,6,46.97,India
INV502888,2026-07-26 00:00:00,CUST1292,Wireless Mouse,1,13.32,India
INV502888,2026-07-26 00:00:00,CUST1292,HDMI Cable,2,6.04,Singapore
INV503167,2026-07-26 00:00:00,CUST1319,Webcam,1,44.52,India
INV503611,2026-07-26 00:00:00,CUST1368,Gaming Mouse Pad,3,15.24,India
INV503611,2026-07-26 00:00:00,CUST1368,Webcam,2,36.48,India
INV503652,2026-07-26 00:00:00,CUST1373,Bluetooth Speaker,2,40.91,UAE
INV500222,2026-07-27 00:00:00,CUST1020,Portable SSD,4,121.74,Singapore
INV500222,2026-07-27 00:00:00,CUST1020,USB-C Hub,5,40.77,UAE
INV500373,2026-07-27 00:00:00,CUST1034,Portable SSD,3,78.52,Singapore
INV500373,2026-07-27 00:00:00,CUST1034,Portable SSD,2,78.91,India
INV500373,2026-07-27 00:00:00,CUST1034,Smartwatch Strap,1,12.55,United Kingdom
INV500649,2026-07-27 00:00:00,CUST1062,Smartwatch Strap,1,11.91,United Kingdom
INV500649,2026-07-27 00:00:00,CUST1062,Charging Cable,3,5.37,India
INV500649,2026-07-27 00:00:00,CUST1062,Fitness Band,1,27.73,Singapore
INV501262,2026-07-27 00:00:00,CUST1127,HDMI Cable,3,13.38,India
INV501314,2026-07-27 00:00:00,CUST1132,Power Bank,2,35.31,India
INV501314,2026-07-27 00:00:00,CUST1132,Power Bank,3,36.3,Singapore
INV501314,2026-07-27 00:00:00,CUST1132,Smartwatch Strap,3,14.96,Singapore
INV501891,2026-07-27 00:00:00,CUST1188,Wireless Mouse,2,16.44,India
INV501991,2026-07-27 00:00:00,CUST1198,Backpack,4,46.9,UAE
INV503298,2026-07-27 00:00:00,CUST1333,HDMI Cable,1,8.95,India
INV503298,2026-07-27 00:00:00,CUST1333,Phone Case,2,10.03,India
INV503495,2026-07-27 00:00:00,CUST1354,Portable SSD,2,129.84,India
INV500486,2026-07-28 00:00:00,CUST1045,Charging Cable,6,8.79,India
INV500486,2026-07-28 00:00:00,CUST1045,Mechanical Keyboard,3,64.99,UAE
INV500958,2026-07-28 00:00:00,CUST1095,Charging Cable,4,9.9,United Kingdom
INV500958,2026-07-28 00:00:00,CUST1095,Laptop Stand,6,44.79,India
INV501196,2026-07-28 00:00:00,CUST1120,Webcam,3,46.57,UAE
INV501196,2026-07-28 00:00:00,CUST1120,Mini Tripod,3,13.26,Singapore
INV501196,2026-07-28 00:00:00,CUST1120,Headphones,1,55.47,India
INV501298,2026-07-28 00:00:00,CUST1131,Headphones,1,52.42,United Kingdom
INV501487,2026-07-28 00:00:00,CUST1149,Desk Lamp,3,24.18,Singapore
INV501805,2026-07-28 00:00:00,CUST1179,Laptop Stand,2,31.57,Singapore
INV501817,2026-07-28 00:00:00,CUST1180,Backpack,4,40.45,India
INV501817,2026-07-28 00:00:00,CUST1180,Backpack,2,38.57,India
INV502183,2026-07-28 00:00:00,CUST1219,Wireless Mouse,1,19.81,Singapore
INV502250,2026-07-28 00:00:00,CUST1228,Water Bottle,2,13.38,Singapore
INV502250,2026-07-28 00:00:00,CUST1228,Notebook Set,4,7.79,India
INV502250,2026-07-28 00:00:00,CUST1228,Fitness Band,1,34.51,UAE
INV502685,2026-07-28 00:00:00,CUST1275,Backpack,5,43.5,India
INV502685,2026-07-28 00:00:00,CUST1275,Notebook Set,4,8.81,India
INV503231,2026-07-28 00:00:00,CUST1325,Laptop Stand,3,48.09,India
INV503231,2026-07-28 00:00:00,CUST1325,Power Bank,5,40.81,India
INV503286,2026-07-28 00:00:00,CUST1332,Bluetooth Speaker,1,41.87,India
INV503286,2026-07-28 00:00:00,CUST1332,USB-C Hub,4,33.47,India
INV500111,2026-07-29 00:00:00,CUST1010,Desk Lamp,6,31.74,Singapore
INV500111,2026-07-29 00:00:00,CUST1010,Gaming Mouse Pad,5,20.79,Singapore
INV500262,2026-07-29 00:00:00,CUST1023,Charging Cable,2,7.95,India
INV500264,2026-07-29 00:00:00,CUST1023,Smartwatch Strap,1,16.31,Singapore
INV500264,2026-07-29 00:00:00,CUST1023,Water Bottle,4,17.08,India
INV500264,2026-07-29 00:00:00,CUST1023,Water Bottle,3,16.56,India
INV500719,2026-07-29 00:00:00,CUST1070,Gaming Mouse Pad,1,17.81,United Kingdom
INV500719,2026-07-29 00:00:00,CUST1070,Webcam,3,52.7,India
INV501129,2026-07-29 00:00:00,CUST1112,Webcam,3,45.05,India
INV501129,2026-07-29 00:00:00,CUST1112,Fitness Band,1,34.76,India
INV501301,2026-07-29 00:00:00,CUST1132,Mini Tripod,4,15.54,India
INV501301,2026-07-29 00:00:00,CUST1132,Water Bottle,2,16.3,United Kingdom
INV501301,2026-07-29 00:00:00,CUST1132,Desk Lamp,5,31.79,India
INV501834,2026-07-29 00:00:00,CUST1184,Mechanical Keyboard,5,84.88,India
INV501955,2026-07-29 00:00:00,CUST1195,Notebook Set,3,7.28,India
INV501955,2026-07-29 00:00:00,CUST1195,Charging Cable,1,6.02,India
INV502196,2026-07-29 00:00:00,CUST1220,Desk Lamp,1,22.23,United Kingdom
INV502196,2026-07-29 00:00:00,CUST1220,Desk Lamp,4,26.25,Singapore
INV502730,2026-07-29 00:00:00,CUST1277,Bluetooth Speaker,5,57.93,UAE
INV502730,2026-07-29 00:00:00,CUST1277,Notebook Set,5,9.67,India
INV502730,2026-07-29 00:00:00,CUST1277,Fitness Band,4,41.6,United Kingdom
INV502761,2026-07-29 00:00:00,CUST1279,Notebook Set,3,7.73,Singapore
INV502761,2026-07-29 00:00:00,CUST1279,Notebook Set,2,7.08,United Kingdom
INV502761,2026-07-29 00:00:00,CUST1279,HDMI Cable,1,8.52,India
INV502865,2026-07-29 00:00:00,CUST1290,Charging Cable,2,7.97,UAE
INV503491,2026-07-29 00:00:00,CUST1354,Headphones,4,65.12,UAE
INV503491,2026-07-29 00:00:00,CUST1354,Gaming Mouse Pad,3,22.34,UAE
INV503491,2026-07-29 00:00:00,CUST1354,Backpack,2,56.96,United Kingdom
INV503508,2026-07-29 00:00:00,CUST1356,Smartwatch Strap,1,12.61,India
INV503643,2026-07-29 00:00:00,CUST1371,Portable SSD,2,97.11,India
INV503643,2026-07-29 00:00:00,CUST1371,Water Bottle,2,14.98,UAE
INV503749,2026-07-29 00:00:00,CUST1384,Charging Cable,2,7.52,India
INV503774,2026-07-29 00:00:00,CUST1386,Webcam,3,46.27,India
INV500596,2026-07-30 00:00:00,CUST1055,Water Bottle,3,12.66,India
INV500596,2026-07-30 00:00:00,CUST1055,Phone Case,3,9.24,UAE
INV500596,2026-07-30 00:00:00,CUST1055,Laptop Stand,2,28.61,United Kingdom
INV501110,2026-07-30 00:00:00,CUST1110,Portable SSD,4,82.25,India
INV501406,2026-07-30 00:00:00,CUST1140,Backpack,2,50.33,India
INV501406,2026-07-30 00:00:00,CUST1140,Power Bank,5,35.62,United Kingdom
INV501406,2026-07-30 00:00:00,CUST1140,Notebook Set,4,8.82,United Kingdom
INV501882,2026-07-30 00:00:00,CUST1187,Mini Tripod,2,13.5,India
INV502488,2026-07-30 00:00:00,CUST1253,Portable SSD,3,113.15,India
INV502645,2026-07-30 00:00:00,CUST1270,Backpack,5,46.56,United Kingdom
INV502881,2026-07-30 00:00:00,CUST1291,Fitness Band,2,35.88,United Kingdom
INV502881,2026-07-30 00:00:00,CUST1291,Smartwatch Strap,5,14.64,United Kingdom
INV503415,2026-07-30 00:00:00,CUST1345,Portable SSD,3,83.75,Singapore
INV503415,2026-07-30 00:00:00,CUST1345,Notebook Set,2,7.61,India
INV503415,2026-07-30 00:00:00,CUST1345,USB-C Hub,2,28.85,India
INV503469,2026-07-30 00:00:00,CUST1352,Fitness Band,3,35.19,Singapore
INV503469,2026-07-30 00:00:00,CUST1352,Wireless Mouse,3,18.91,India
INV503469,2026-07-30 00:00:00,CUST1352,Headphones,1,44.99,India
INV503616,2026-07-30 00:00:00,CUST1369,Gaming Mouse Pad,4,21.52,India
INV503735,2026-07-30 00:00:00,CUST1382,Smartwatch Strap,1,11.95,UAE
INV503735,2026-07-30 00:00:00,CUST1382,Bluetooth Speaker,3,36.61,Singapore
CINV503784,2026-07-30 00:00:00,CUST1387,Desk Lamp,-2,33.15,India
INV503784,2026-07-30 00:00:00,CUST1387,Notebook Set,6,11.38,Singapore
INV503415,2026-07-30 00:00:00,CUST1345,Notebook Set,2,7.61,India
INV500503,2026-07-31 00:00:00,CUST1046,Power Bank,2,31.78,United Kingdom
INV500503,2026-07-31 00:00:00,CUST1046,Notebook Set,4,9.28,India
INV500859,2026-07-31 00:00:00,CUST1085,Backpack,3,31.71,India
INV500861,2026-07-31 00:00:00,CUST1085,Phone Case,1,10.04,UAE
INV500861,2026-07-31 00:00:00,CUST1085,Fitness Band,2,28.3,UAE
INV500861,2026-07-31 00:00:00,CUST1085,Headphones,1,44.41,Singapore
INV501030,2026-07-31 00:00:00,CUST1101,Webcam,6,64.8,UAE
INV501030,2026-07-31 00:00:00,CUST1101,Laptop Stand,2,43.15,United Kingdom
INV501230,2026-07-31 00:00:00,CUST1126,Fitness Band,4,37.27,UAE
INV501238,2026-07-31 00:00:00,CUST1126,Water Bottle,3,17.17,India
INV501238,2026-07-31 00:00:00,CUST1126,Phone Case,4,11.62,India
INV501862,2026-07-31 00:00:00,CUST1185,USB-C Hub,2,32.6,UAE
INV502449,2026-07-31 00:00:00,CUST1250,Gaming Mouse Pad,1,16.81,India
INV502449,2026-07-31 00:00:00,CUST1250,Portable SSD,4,103.4,India
INV502755,2026-07-31 00:00:00,CUST1279,Webcam,4,43.43,India
INV502755,2026-07-31 00:00:00,CUST1279,Mini Tripod,2,13.0,Singapore
INV503014,2026-07-31 00:00:00,CUST1305,USB-C Hub,2,42.19,India
INV503014,2026-07-31 00:00:00,CUST1305,Laptop Stand,4,48.28,India
INV503014,2026-07-31 00:00:00,CUST1305,Fitness Band,4,50.42,India
INV503222,2026-07-31 00:00:00,CUST1325,Fitness Band,4,50.81,India
INV503222,2026-07-31 00:00:00,CUST1325,Backpack,5,59.7,India
INV503506,2026-07-31 00:00:00,CUST1356,Mini Tripod,2,12.78,United Kingdom
INV500230,2026-08-01 00:00:00,CUST1020,Laptop Stand,6,45.05,India
INV500265,2026-08-01 00:00:00,CUST1024,Mechanical Keyboard,4,55.07,Singapore
INV500265,2026-08-01 00:00:00,CUST1024,Mini Tripod,2,12.86,India
INV500324,2026-08-01 00:00:00,CUST1028,Phone Case,2,13.83,India
INV500324,2026-08-01 00:00:00,CUST1028,Bluetooth Speaker,2,55.69,India
INV500324,2026-08-01 00:00:00,CUST1028,Phone Case,5,14.73,India
INV502301,2026-08-01 00:00:00,CUST1232,Fitness Band,2,32.35,India
INV502692,2026-08-01 00:00:00,CUST1275,Mini Tripod,2,14.83,India
INV502692,2026-08-01 00:00:00,CUST1275,Fitness Band,5,39.94,India
INV502692,2026-08-01 00:00:00,CUST1275,Webcam,6,57.2,India
INV502834,2026-08-01 00:00:00,CUST1288,Mechanical Keyboard,4,70.72,India
INV502834,2026-08-01 00:00:00,CUST1288,Fitness Band,2,41.09,India
INV503679,2026-08-01 00:00:00,CUST1376,Headphones,5,66.29,UAE
INV503679,2026-08-01 00:00:00,CUST1376,Laptop Stand,6,48.44,India
INV500009,2026-08-02 00:00:00,CUST1002,Smartwatch Strap,4,15.56,India
INV500009,2026-08-02 00:00:00,CUST1002,Backpack,4,50.05,Singapore
INV501061,2026-08-02 00:00:00,CUST1105,HDMI Cable,4,9.06,India
INV501061,2026-08-02 00:00:00,CUST1105,Notebook Set,2,8.85,India
INV501061,2026-08-02 00:00:00,CUST1105,Power Bank,4,30.13,United Kingdom
INV501459,2026-08-02 00:00:00,CUST1145,Wireless Mouse,3,18.9,UAE
INV501459,2026-08-02 00:00:00,CUST1145,Mechanical Keyboard,4,57.01,India
INV501685,2026-08-02 00:00:00,CUST1169,Smartwatch Strap,2,13.45,UAE
INV501685,2026-08-02 00:00:00,CUST1169,Gaming Mouse Pad,2,16.89,India
INV501685,2026-08-02 00:00:00,CUST1169,Water Bottle,1,16.23,India
INV501779,2026-08-02 00:00:00,CUST1177,Mechanical Keyboard,2,77.99,India
INV501779,2026-08-02 00:00:00,CUST1177,Mechanical Keyboard,2,80.7,India
INV501930,2026-08-02 00:00:00,CUST1192,Charging Cable,2,7.04,United Kingdom
INV501930,2026-08-02 00:00:00,CUST1192,HDMI Cable,2,9.99,India
INV501930,2026-08-02 00:00:00,CUST1192,Fitness Band,1,39.43,India
INV501932,2026-08-02 00:00:00,CUST1192,HDMI Cable,1,11.04,Singapore
INV501932,2026-08-02 00:00:00,CUST1192,Phone Case,2,12.4,United Kingdom
INV501932,2026-08-02 00:00:00,CUST1192,Webcam,4,54.0,India
INV502167,2026-08-02 00:00:00,CUST1216,Smartwatch Strap,4,13.27,India
INV502464,2026-08-02 00:00:00,CUST1251,Gaming Mouse Pad,2,17.46,India
INV502464,2026-08-02 00:00:00,CUST1251,Headphones,1,49.73,United Kingdom
INV502464,2026-08-02 00:00:00,CUST1251,Backpack,4,45.53,United Kingdom
INV503414,2026-08-02 00:00:00,CUST1345,Mechanical Keyboard,1,54.23,India
INV503414,2026-08-02 00:00:00,CUST1345,Fitness Band,3,32.51,Singapore
INV503626,2026-08-02 00:00:00,CUST1369,Laptop Stand,6,44.95,Singapore
INV503626,2026-08-02 00:00:00,CUST1369,Phone Case,3,14.11,UAE
INV503626,2026-08-02 00:00:00,CUST1369,Laptop Stand,2,50.26,India
INV503755,2026-08-02 00:00:00,CUST1384,Mini Tripod,1,14.08,United Kingdom
INV503755,2026-08-02 00:00:00,CUST1384,Wireless Mouse,3,22.18,UAE
INV503755,2026-08-02 00:00:00,CUST1384,Portable SSD,3,96.51,UAE
INV500526,2026-08-03 00:00:00,CUST1047,Wireless Mouse,5,26.1,India
INV500526,2026-08-03 00:00:00,CUST1047,Mini Tripod,4,16.11,Singapore
INV500526,2026-08-03 00:00:00,CUST1047,Desk Lamp,4,31.08,UAE
INV500771,2026-08-03 00:00:00,CUST1076,Webcam,2,39.26,Singapore
INV500851,2026-08-03 00:00:00,CUST1085,Smartwatch Strap,4,11.92,India
INV500851,2026-08-03 00:00:00,CUST1085,Fitness Band,3,32.32,United Kingdom
INV500851,2026-08-03 00:00:00,CUST1085,Desk Lamp,3,23.97,United Kingdom
INV500953,2026-08-03 00:00:00,CUST1094,Mini Tripod,1,10.11,India
INV500953,2026-08-03 00:00:00,CUST1094,Water Bottle,4,14.53,United Kingdom
INV500953,2026-08-03 00:00:00,CUST1094,Gaming Mouse Pad,1,14.01,UAE
INV500969,2026-08-03 00:00:00,CUST1095,Gaming Mouse Pad,2,25.23,Singapore
INV500969,2026-08-03 00:00:00,CUST1095,Mechanical Keyboard,4,84.86,India
INV502471,2026-08-03 00:00:00,CUST1252,Bluetooth Speaker,2,37.63,India
INV502471,2026-08-03 00:00:00,CUST1252,Mini Tripod,3,11.22,India
INV503281,2026-08-03 00:00:00,CUST1331,Webcam,3,41.62,India
INV503281,2026-08-03 00:00:00,CUST1331,Webcam,2,46.05,India
INV503281,2026-08-03 00:00:00,CUST1331,Fitness Band,2,29.9,UAE
INV500414,2026-08-04 00:00:00,CUST1041,Bluetooth Speaker,2,34.47,India
INV500481,2026-08-04 00:00:00,CUST1045,Laptop Stand,2,37.54,India
INV503262,2026-08-04 00:00:00,CUST1329,Mechanical Keyboard,1,48.46,India
INV503262,2026-08-04 00:00:00,CUST1329,Notebook Set,2,7.23,India
INV503262,2026-08-04 00:00:00,CUST1329,Water Bottle,3,13.98,India
INV503714,2026-08-04 00:00:00,CUST1379,HDMI Cable,2,8.65,India
INV500030,2026-08-05 00:00:00,CUST1003,Mini Tripod,4,12.85,United Kingdom
INV500030,2026-08-05 00:00:00,CUST1003,Mechanical Keyboard,1,67.86,India
INV500420,2026-08-05 00:00:00,CUST1042,Gaming Mouse Pad,3,26.06,India
INV500420,2026-08-05 00:00:00,CUST1042,Desk Lamp,4,35.75,India
INV500625,2026-08-05 00:00:00,CUST1059,Desk Lamp,1,24.1,India
INV501786,2026-08-05 00:00:00,CUST1177,Notebook Set,6,11.68,India
INV501952,2026-08-05 00:00:00,CUST1195,Charging Cable,4,7.18,India
INV501952,2026-08-05 00:00:00,CUST1195,Notebook Set,4,8.13,India
INV501952,2026-08-05 00:00:00,CUST1195,Bluetooth Speaker,1,42.02,India
INV502226,2026-08-05 00:00:00,CUST1225,Headphones,5,68.32,UAE
INV502483,2026-08-05 00:00:00,CUST1253,Wireless Mouse,2,25.22,India
INV502483,2026-08-05 00:00:00,CUST1253,Backpack,4,51.57,UAE
INV502702,2026-08-05 00:00:00,CUST1276,Laptop Stand,3,40.75,India
INV502702,2026-08-05 00:00:00,CUST1276,Power Bank,4,35.58,India
INV502890,2026-08-05 00:00:00,CUST1293,Notebook Set,2,5.54,UAE
INV502890,2026-08-05 00:00:00,CUST1293,Webcam,2,37.91,India
INV502890,2026-08-05 00:00:00,CUST1293,USB-C Hub,1,21.78,UAE
INV502924,2026-08-05 00:00:00,CUST1297,Wireless Mouse,1,22.41,India
INV502924,2026-08-05 00:00:00,CUST1297,Mini Tripod,3,14.33,United Kingdom
INV502924,2026-08-05 00:00:00,CUST1297,Desk Lamp,3,27.42,UAE
INV503246,2026-08-05 00:00:00,CUST1327,Water Bottle,3,12.93,UAE
INV503624,2026-08-05 00:00:00,CUST1369,Mechanical Keyboard,3,82.89,India
INV503624,2026-08-05 00:00:00,CUST1369,Mechanical Keyboard,6,75.79,India
INV503624,2026-08-05 00:00:00,CUST1369,Portable SSD,5,129.36,India
INV503837,2026-08-05 00:00:00,CUST1393,Smartwatch Strap,3,13.0,India
INV500120,2026-08-06 00:00:00,CUST1010,Phone Case,4,14.04,India
INV501194,2026-08-06 00:00:00,CUST1120,Water Bottle,1,16.37,India
INV501194,2026-08-06 00:00:00,CUST1120,HDMI Cable,3,10.5,India
INV501194,2026-08-06 00:00:00,CUST1120,Desk Lamp,3,27.95,UAE
INV501503,2026-08-06 00:00:00,CUST1150,Water Bottle,3,13.76,India
INV501696,2026-08-06 00:00:00,CUST1170,USB-C Hub,6,39.25,India
INV501696,2026-08-06 00:00:00,CUST1170,Charging Cable,6,9.48,United Kingdom
INV501696,2026-08-06 00:00:00,CUST1170,Mechanical Keyboard,6,79.72,UAE
INV501975,2026-08-06 00:00:00,CUST1198,Portable SSD,4,117.6,United Kingdom
INV501975,2026-08-06 00:00:00,CUST1198,Water Bottle,6,16.96,United Kingdom
INV502004,2026-08-06 00:00:00,CUST1199,Power Bank,4,26.82,India
INV502004,2026-08-06 00:00:00,CUST1199,Gaming Mouse Pad,2,14.02,India
INV502379,2026-08-06 00:00:00,CUST1240,Desk Lamp,3,23.34,United Kingdom
INV502379,2026-08-06 00:00:00,CUST1240,Headphones,2,53.72,India
INV502379,2026-08-06 00:00:00,CUST1240,Headphones,3,52.73,India
INV502987,2026-08-06 00:00:00,CUST1301,Desk Lamp,4,21.17,India
INV502987,2026-08-06 00:00:00,CUST1301,Water Bottle,4,11.38,India
INV503782,2026-08-06 00:00:00,CUST1387,Backpack,4,55.69,Singapore
INV503782,2026-08-06 00:00:00,CUST1387,Water Bottle,3,20.89,India
INV503782,2026-08-06 00:00:00,CUST1387,Laptop Stand,2,47.2,UAE
INV500075,2026-08-07 00:00:00,CUST1008,Desk Lamp,6,27.48,India
INV500164,2026-08-07 00:00:00,CUST1013,Backpack,2,48.57,UAE
INV500164,2026-08-07 00:00:00,CUST1013,Gaming Mouse Pad,3,20.37,India
INV500169,2026-08-07 00:00:00,CUST1013,Notebook Set,6,9.33,UAE
INV500169,2026-08-07 00:00:00,CUST1013,Notebook Set,3,8.79,India
INV500169,2026-08-07 00:00:00,CUST1013,HDMI Cable,3,10.49,India
INV500497,2026-08-07 00:00:00,CUST1046,USB-C Hub,2,33.74,India
INV500497,2026-08-07 00:00:00,CUST1046,Notebook Set,4,9.2,Singapore
INV500584,2026-08-07 00:00:00,CUST1053,Water Bottle,4,17.06,India
INV500672,2026-08-07 00:00:00,CUST1067,Laptop Stand,4,34.09,India
INV500672,2026-08-07 00:00:00,CUST1067,Mini Tripod,3,12.42,United Kingdom
INV500672,2026-08-07 00:00:00,CUST1067,USB-C Hub,1,29.51,UAE
INV500928,2026-08-07 00:00:00,CUST1091,Headphones,3,66.36,India
INV500928,2026-08-07 00:00:00,CUST1091,Notebook Set,4,11.18,India
INV501516,2026-08-07 00:00:00,CUST1153,Desk Lamp,3,23.17,India
INV501516,2026-08-07 00:00:00,CUST1153,Gaming Mouse Pad,2,16.75,United Kingdom
INV501516,2026-08-07 00:00:00,CUST1153,Gaming Mouse Pad,4,15.72,United Kingdom
INV501577,2026-08-07 00:00:00,CUST1160,Laptop Stand,4,29.54,India
INV501577,2026-08-07 00:00:00,CUST1160,Fitness Band,1,28.67,India
INV501999,2026-08-07 00:00:00,CUST1198,Wireless Mouse,6,22.84,United Kingdom
INV501999,2026-08-07 00:00:00,CUST1198,Gaming Mouse Pad,4,22.67,United Kingdom
INV501999,2026-08-07 00:00:00,CUST1198,Fitness Band,4,46.02,Singapore
INV502152,2026-08-07 00:00:00,CUST1214,Fitness Band,2,33.67,UAE
INV502540,2026-08-07 00:00:00,CUST1258,Mechanical Keyboard,2,55.32,United Kingdom
INV502648,2026-08-07 00:00:00,CUST1270,Charging Cable,4,8.25,UAE
INV502649,2026-08-07 00:00:00,CUST1270,Mini Tripod,2,13.8,United Kingdom
INV502911,2026-08-07 00:00:00,CUST1295,Notebook Set,2,6.68,India
INV503233,2026-08-07 00:00:00,CUST1325,Wireless Mouse,5,28.59,Singapore
INV503233,2026-08-07 00:00:00,CUST1325,Mechanical Keyboard,5,87.12,India
INV503233,2026-08-07 00:00:00,CUST1325,Laptop Stand,2,50.45,India
INV503247,2026-08-07 00:00:00,CUST1327,Fitness Band,4,30.62,India
INV503247,2026-08-07 00:00:00,CUST1327,Mini Tripod,2,10.15,UAE
INV503432,2026-08-07 00:00:00,CUST1347,Desk Lamp,2,22.05,United Kingdom
INV503432,2026-08-07 00:00:00,CUST1347,HDMI Cable,3,8.46,India
INV503432,2026-08-07 00:00:00,CUST1347,Fitness Band,3,27.52,India
INV503654,2026-08-07 00:00:00,CUST1373,Laptop Stand,2,30.13,India
CINV503830,2026-08-07 00:00:00,CUST1392,Backpack,-2,31.22,United Kingdom
INV503830,2026-08-07 00:00:00,CUST1392,Charging Cable,2,5.71,United Kingdom
INV503830,2026-08-07 00:00:00,CUST1392,USB-C Hub,3,24.92,UAE
INV503881,2026-08-07 00:00:00,CUST1397,Portable SSD,4,108.97,India
INV503881,2026-08-07 00:00:00,CUST1397,Portable SSD,2,109.27,Singapore
INV503881,2026-08-07 00:00:00,CUST1397,Portable SSD,2,102.79,India
INV500202,2026-08-08 00:00:00,CUST1017,Headphones,1,54.19,India
INV500202,2026-08-08 00:00:00,CUST1017,Gaming Mouse Pad,1,15.33,India
INV500202,2026-08-08 00:00:00,CUST1017,Water Bottle,2,15.06,India
INV501200,2026-08-08 00:00:00,CUST1122,Wireless Mouse,1,20.09,India
INV501200,2026-08-08 00:00:00,CUST1122,Laptop Stand,2,28.49,Singapore
INV501369,2026-08-08 00:00:00,CUST1137,Charging Cable,6,7.51,India
INV501369,2026-08-08 00:00:00,CUST1137,Mechanical Keyboard,5,67.4,India
INV501369,2026-08-08 00:00:00,CUST1137,Phone Case,5,13.62,India
INV501841,2026-08-08 00:00:00,CUST1184,Bluetooth Speaker,3,55.62,India
INV501841,2026-08-08 00:00:00,CUST1184,Notebook Set,5,11.8,India
INV501933,2026-08-08 00:00:00,CUST1192,Laptop Stand,3,41.22,India
INV501933,2026-08-08 00:00:00,CUST1192,Mini Tripod,2,14.01,India
INV501933,2026-08-08 00:00:00,CUST1192,Water Bottle,4,15.7,UAE
INV502192,2026-08-08 00:00:00,CUST1220,Smartwatch Strap,4,12.05,Singapore
INV502192,2026-08-08 00:00:00,CUST1220,Desk Lamp,1,23.29,India
INV502849,2026-08-08 00:00:00,CUST1289,Fitness Band,1,38.68,India
INV502849,2026-08-08 00:00:00,CUST1289,Smartwatch Strap,1,14.81,India
INV502849,2026-08-08 00:00:00,CUST1289,Charging Cable,3,6.79,Singapore
INV503115,2026-08-08 00:00:00,CUST1314,Phone Case,6,13.87,India
INV503115,2026-08-08 00:00:00,CUST1314,Headphones,5,66.21,India
INV503219,2026-08-08 00:00:00,CUST1325,Portable SSD,3,130.8,India
INV503291,2026-08-08 00:00:00,CUST1332,HDMI Cable,1,10.52,India
INV503291,2026-08-08 00:00:00,CUST1332,Mechanical Keyboard,1,61.39,India
INV503291,2026-08-08 00:00:00,CUST1332,Charging Cable,1,7.5,India
INV503408,2026-08-08 00:00:00,CUST1344,Fitness Band,4,36.39,India
INV503408,2026-08-08 00:00:00,CUST1344,Smartwatch Strap,2,12.49,Singapore
INV503408,2026-08-08 00:00:00,CUST1344,Mechanical Keyboard,3,58.73,India
INV503480,2026-08-08 00:00:00,CUST1354,Fitness Band,5,51.68,Singapore
INV503480,2026-08-08 00:00:00,CUST1354,Portable SSD,5,124.2,Singapore
INV503480,2026-08-08 00:00:00,CUST1354,Phone Case,5,15.62,India
INV500294,2026-08-09 00:00:00,CUST1026,Wireless Mouse,2,19.37,United Kingdom
INV500294,2026-08-09 00:00:00,CUST1026,Fitness Band,2,38.07,India
INV500294,2026-08-09 00:00:00,CUST1026,Mini Tripod,3,11.97,Singapore
INV500520,2026-08-09 00:00:00,CUST1047,Webcam,4,68.48,UAE
INV500520,2026-08-09 00:00:00,CUST1047,Webcam,3,56.2,UAE
INV501023,2026-08-09 00:00:00,CUST1101,Mechanical Keyboard,3,80.92,Singapore
INV501023,2026-08-09 00:00:00,CUST1101,Mini Tripod,6,18.09,Singapore
INV501023,2026-08-09 00:00:00,CUST1101,Mechanical Keyboard,4,88.82,India
INV501909,2026-08-09 00:00:00,CUST1190,Notebook Set,2,7.22,India
INV501909,2026-08-09 00:00:00,CUST1190,Mini Tripod,2,11.01,India
INV501963,2026-08-09 00:00:00,CUST1196,Power Bank,3,25.21,United Kingdom
INV501963,2026-08-09 00:00:00,CUST1196,Power Bank,1,25.44,India
INV502235,2026-08-09 00:00:00,CUST1225,Smartwatch Strap,2,17.47,India
INV502235,2026-08-09 00:00:00,CUST1225,USB-C Hub,6,42.69,India
INV502682,2026-08-09 00:00:00,CUST1275,Webcam,6,52.82,United Kingdom
INV503187,2026-08-09 00:00:00,CUST1322,HDMI Cable,2,10.33,United Kingdom
INV503187,2026-08-09 00:00:00,CUST1322,Fitness Band,3,36.82,UAE
INV503187,2026-08-09 00:00:00,,Portable SSD,3,89.42,India
INV503647,2026-08-09 00:00:00,CUST1372,Smartwatch Strap,2,13.85,India
INV503647,2026-08-09 00:00:00,CUST1372,Backpack,2,38.43,India
INV503647,2026-08-09 00:00:00,CUST1372,Notebook Set,3,8.23,India
INV501401,2026-08-10 00:00:00,CUST1140,Smartwatch Strap,3,14.7,United Kingdom
INV501401,2026-08-10 00:00:00,CUST1140,Notebook Set,3,9.11,singapore
INV501807,2026-08-10 00:00:00,CUST1179,Webcam,2,43.26,India
INV501911,2026-08-10 00:00:00,CUST1190,Mini Tripod,3,11.25,India
INV502463,2026-08-10 00:00:00,CUST1251,Webcam,4,51.38,UAE
INV502516,2026-08-10 00:00:00,CUST1257,Power Bank,4,39.32,Singapore
INV502516,2026-08-10 00:00:00,CUST1257,Desk Lamp,6,35.6,India
INV502516,2026-08-10 00:00:00,CUST1257,Water Bottle,6,21.96,UAE
INV500015,2026-08-11 00:00:00,CUST1002,Backpack,5,52.69,India
INV500015,2026-08-11 00:00:00,CUST1002,USB-C Hub,6,38.62,UAE
INV500015,2026-08-11 00:00:00,CUST1002,Smartwatch Strap,2,16.38,India
INV500273,2026-08-11 00:00:00,CUST1025,USB-C Hub,3,33.11,India
INV501009,2026-08-11 00:00:00,CUST1100,HDMI Cable,2,9.4,UAE
INV501009,2026-08-11 00:00:00,CUST1100,HDMI Cable,4,9.72,India
INV501038,2026-08-11 00:00:00,CUST1101,Laptop Stand,6,46.09,UAE
INV501714,2026-08-11 00:00:00,CUST1171,Portable SSD,2,73.77,India
INV501714,2026-08-11 00:00:00,CUST1171,Bluetooth Speaker,3,34.9,Singapore
INV502656,2026-08-11 00:00:00,CUST1271,Charging Cable,1,5.7,Singapore
INV502656,2026-08-11 00:00:00,CUST1271,HDMI Cable,2,7.91,India
INV502736,2026-08-11 00:00:00,CUST1277,Gaming Mouse Pad,6,21.76,Singapore
INV503070,2026-08-11 00:00:00,CUST1309,USB-C Hub,3,25.98,India
INV503070,2026-08-11 00:00:00,CUST1309,Phone Case,2,7.95,UAE
INV503070,2026-08-11 00:00:00,CUST1309,Desk Lamp,3,20.21,United Kingdom
INV503096,2026-08-11 00:00:00,CUST1312,Webcam,4,45.16,India
INV503601,2026-08-11 00:00:00,CUST1367,USB-C Hub,3,30.41,Singapore
INV503601,2026-08-11 00:00:00,CUST1367,Phone Case,2,10.69,India
INV503601,2026-08-11 00:00:00,CUST1367,Portable SSD,2,106.91,India
INV500101,2026-08-12 00:00:00,CUST1009,HDMI Cable,1,9.16,Singapore
INV500101,2026-08-12 00:00:00,CUST1009,Bluetooth Speaker,3,43.3,United Kingdom
INV500101,2026-08-12 00:00:00,CUST1009,Webcam,4,45.1,India
INV500470,2026-08-12 00:00:00,CUST1044,Notebook Set,1,6.86,UAE
INV500946,2026-08-12 00:00:00,CUST1093,Webcam,3,45.46,UAE
INV500946,2026-08-12 00:00:00,CUST1093,Bluetooth Speaker,2,44.74,United Kingdom
INV501184,2026-08-12 00:00:00,CUST1120,Desk Lamp,3,25.28,India
INV501184,2026-08-12 00:00:00,CUST1120,Water Bottle,3,16.0,India
INV501364,2026-08-12 00:00:00,CUST1136,Bluetooth Speaker,2,41.96,Singapore
INV501364,2026-08-12 00:00:00,CUST1136,Notebook Set,4,7.01,UAE
INV501364,2026-08-12 00:00:00,CUST1136,Water Bottle,4,14.49,Singapore
INV501652,2026-08-12 00:00:00,CUST1166,Notebook Set,6,11.03,India
INV501652,2026-08-12 00:00:00,CUST1166,Webcam,3,72.52,India
INV501652,2026-08-12 00:00:00,CUST1166,USB-C Hub,3,40.33,India
INV501953,2026-08-12 00:00:00,CUST1195,Desk Lamp,4,26.13,India
INV501953,2026-08-12 00:00:00,CUST1195,Portable SSD,3,91.16,India
INV501953,2026-08-12 00:00:00,CUST1195,Desk Lamp,3,25.59,India
INV502054,2026-08-12 00:00:00,CUST1205,Desk Lamp,4,30.26,India
INV502054,2026-08-12 00:00:00,CUST1205,Webcam,2,49.6,India
INV502054,2026-08-12 00:00:00,CUST1205,Power Bank,3,29.0,UAE
INV503080,2026-08-12 00:00:00,CUST1310,Phone Case,4,9.36,India
INV503080,2026-08-12 00:00:00,CUST1310,Laptop Stand,2,26.23,United Kingdom
INV503253,2026-08-12 00:00:00,CUST1327,Charging Cable,3,5.68,India
INV503253,2026-08-12 00:00:00,CUST1327,Charging Cable,2,5.71,India
INV503277,2026-08-12 00:00:00,CUST1330,Backpack,2,42.34,United Kingdom
INV503277,2026-08-12 00:00:00,CUST1330,Charging Cable,3,6.21,Singapore
INV503318,2026-08-12 00:00:00,CUST1335,Backpack,1,36.25,India
INV503318,2026-08-12 00:00:00,CUST1335,HDMI Cable,1,9.36,India
INV503318,2026-08-12 00:00:00,CUST1335,Charging Cable,2,6.55,India
INV500167,2026-08-13 00:00:00,CUST1013,Smartwatch Strap,3,13.93,United Kingdom
INV500713,2026-08-13 00:00:00,CUST1069,Wireless Mouse,3,21.18,India
INV500732,2026-08-13 00:00:00,CUST1072,Headphones,3,47.86,United Kingdom
INV500732,2026-08-13 00:00:00,CUST1072,Fitness Band,4,33.59,Singapore
INV501576,2026-08-13 00:00:00,CUST1160,Gaming Mouse Pad,3,13.54,India
INV501576,2026-08-13 00:00:00,CUST1160,Power Bank,2,25.16,India
INV501576,2026-08-13 00:00:00,CUST1160,Webcam,3,39.92,India
INV501590,2026-08-13 00:00:00,CUST1161,Mini Tripod,3,13.56,India
INV502287,2026-08-13 00:00:00,CUST1231,Power Bank,6,37.81,India
INV502869,2026-08-13 00:00:00,CUST1291,Notebook Set,4,8.62,Singapore
INV502869,2026-08-13 00:00:00,CUST1291,Smartwatch Strap,6,15.03,India
INV502869,2026-08-13 00:00:00,CUST1291,Webcam,5,53.76,India
INV503087,2026-08-13 00:00:00,CUST1311,Mechanical Keyboard,2,59.29,Singapore
INV503087,2026-08-13 00:00:00,CUST1311,Mechanical Keyboard,4,64.42,UAE
INV503156,2026-08-13 00:00:00,CUST1318,Portable SSD,1,72.31,UAE
INV503156,2026-08-13 00:00:00,CUST1318,Backpack,1,30.86,India
INV503790,2026-08-13 00:00:00,CUST1387,USB-C Hub,5,42.08,India
INV503790,2026-08-13 00:00:00,CUST1387,USB-C Hub,4,40.95,UAE
INV501155,2026-08-14 00:00:00,CUST1115,Gaming Mouse Pad,4,15.32,India
INV501155,2026-08-14 00:00:00,CUST1115,Headphones,3,46.88,India
INV501222,2026-08-14 00:00:00,CUST1125,Bluetooth Speaker,5,56.08,United Kingdom
INV501222,2026-08-14 00:00:00,CUST1125,Power Bank,3,39.06,India
INV501222,2026-08-14 00:00:00,CUST1125,Wireless Mouse,3,26.2,India
INV501900,2026-08-14 00:00:00,CUST1189,Laptop Stand,2,30.29,India
INV502264,2026-08-14 00:00:00,CUST1229,HDMI Cable,1,10.93,India
INV502264,2026-08-14 00:00:00,CUST1229,Desk Lamp,4,24.88,Singapore
INV503712,2026-08-14 00:00:00,CUST1378,Bluetooth Speaker,3,39.55,United Kingdom
INV503712,2026-08-14 00:00:00,CUST1378,Phone Case,1,11.28,India
INV500306,2026-08-15 00:00:00,CUST1027,Portable SSD,3,111.57,Singapore
INV500445,2026-08-15 00:00:00,CUST1042,Laptop Stand,2,50.7,United Kingdom
INV500445,2026-08-15 00:00:00,CUST1042,Backpack,3,54.65,UAE
INV500445,2026-08-15 00:00:00,CUST1042,Smartwatch Strap,6,19.43,India
INV500517,2026-08-15 00:00:00,CUST1047,Water Bottle,2,20.09,United Kingdom
INV500517,2026-08-15 00:00:00,CUST1047,HDMI Cable,5,12.98,Singapore
INV501069,2026-08-15 00:00:00,CUST1107,Power Bank,4,32.68,India
INV501069,2026-08-15 00:00:00,CUST1107,Bluetooth Speaker,5,45.32,India
INV501069,2026-08-15 00:00:00,CUST1107,USB-C Hub,6,37.45,UAE
INV501684,2026-08-15 00:00:00,CUST1169,Portable SSD,1,91.53,United Kingdom
INV501684,2026-08-15 00:00:00,CUST1169,Water Bottle,2,16.03,India
INV501684,2026-08-15 00:00:00,CUST1169,USB-C Hub,4,29.35,India
INV502102,2026-08-15 00:00:00,CUST1208,Portable SSD,2,97.52,India
INV502642,2026-08-15 00:00:00,CUST1270,Notebook Set,6,9.98,India
INV502642,2026-08-15 00:00:00,CUST1270,Power Bank,6,37.75,Singapore
INV503013,2026-08-15 00:00:00,CUST1305,USB-C Hub,5,38.86,India
INV503013,2026-08-15 00:00:00,CUST1305,Smartwatch Strap,4,17.46,United Kingdom
INV503880,2026-08-15 00:00:00,CUST1397,Mini Tripod,1,13.92,Singapore
INV503880,2026-08-15 00:00:00,CUST1397,Bluetooth Speaker,2,48.65,India
INV500170,2026-08-16 00:00:00,CUST1013,Bluetooth Speaker,5,49.34,India
INV500170,2026-08-16 00:00:00,CUST1013,Water Bottle,5,18.38,India
INV500170,2026-08-16 00:00:00,CUST1013,Headphones,5,56.62,India
INV500284,2026-08-16 00:00:00,CUST1026,Power Bank,2,26.88,India
INV500970,2026-08-16 00:00:00,CUST1095,Phone Case,4,14.86,Singapore
INV501078,2026-08-16 00:00:00,CUST1107,Charging Cable,4,7.13,United Kingdom
INV501078,2026-08-16 00:00:00,CUST1107,Wireless Mouse,2,23.86,India
INV501078,2026-08-16 00:00:00,CUST1107,Notebook Set,4,9.36,United Kingdom
INV501237,2026-08-16 00:00:00,CUST1126,Desk Lamp,4,28.01,UAE
INV501490,2026-08-16 00:00:00,CUST1149,Webcam,1,46.12,India
INV501490,2026-08-16 00:00:00,CUST1149,HDMI Cable,3,9.78,India
INV501490,2026-08-16 00:00:00,CUST1149,HDMI Cable,3,9.89,India
INV501698,2026-08-16 00:00:00,CUST1170,Headphones,6,74.09,United Kingdom
INV501698,2026-08-16 00:00:00,CUST1170,Smartwatch Strap,6,17.6,United Kingdom
INV501698,2026-08-16 00:00:00,CUST1170,Gaming Mouse Pad,5,22.42,United Kingdom
INV501760,2026-08-16 00:00:00,CUST1177,Laptop Stand,6,47.47,India
INV501895,2026-08-16 00:00:00,CUST1189,Wireless Mouse,1,19.42,India
INV501895,2026-08-16 00:00:00,CUST1189,Bluetooth Speaker,2,39.57,India
INV501895,2026-08-16 00:00:00,CUST1189,Mechanical Keyboard,4,60.33,UAE
INV503139,2026-08-16 00:00:00,CUST1315,Power Bank,3,19.5,Singapore
INV503139,2026-08-16 00:00:00,CUST1315,Gaming Mouse Pad,3,13.31,Singapore
INV503139,2026-08-16 00:00:00,CUST1315,Water Bottle,1,10.72,UAE
CINV503650,2026-08-16 00:00:00,CUST1372,Headphones,-3,50.39,UAE
INV503650,2026-08-16 00:00:00,CUST1372,Desk Lamp,3,26.14,UAE
INV503650,2026-08-16 00:00:00,CUST1372,Backpack,3,39.05,India
INV500117,2026-08-17 00:00:00,CUST1010,Charging Cable,5,7.96,India
INV500311,2026-08-17 00:00:00,CUST1027,HDMI Cable,3,9.91,India
INV500311,2026-08-17 00:00:00,CUST1027,Smartwatch Strap,3,16.27,India
INV501045,2026-08-17 00:00:00,CUST1102,Phone Case,1,8.65,Singapore
INV501045,2026-08-17 00:00:00,CUST1102,Water Bottle,3,12.44,United Kingdom
INV501320,2026-08-17 00:00:00,CUST1132,Notebook Set,5,10.07,UAE
INV501605,2026-08-17 00:00:00,CUST1161,HDMI Cable,4,11.37,Singapore
INV501605,2026-08-17 00:00:00,CUST1161,Gaming Mouse Pad,4,17.42,India
INV502498,2026-08-17 00:00:00,CUST1255,Desk Lamp,2,28.51,United Kingdom
INV502498,2026-08-17 00:00:00,CUST1255,Smartwatch Strap,4,15.8,UAE
INV502498,2026-08-17 00:00:00,CUST1255,Water Bottle,1,17.22,India
INV502512,2026-08-17 00:00:00,CUST1256,Power Bank,1,28.94,Singapore
INV502512,2026-08-17 00:00:00,CUST1256,Phone Case,2,10.35,UAE
INV502512,2026-08-17 00:00:00,CUST1256,Headphones,2,45.52,Singapore
INV503024,2026-08-17 00:00:00,CUST1305,Water Bottle,3,18.89,India
INV503311,2026-08-17 00:00:00,CUST1334,Mini Tripod,3,14.1,UAE
INV503557,2026-08-17 00:00:00,CUST1359,Gaming Mouse Pad,5,23.0,United Kingdom
INV503557,2026-08-17 00:00:00,CUST1359,Wireless Mouse,3,24.81,India
INV503569,2026-08-17 00:00:00,CUST1360,USB-C Hub,4,26.89,India
INV500895,2026-08-18 00:00:00,CUST1089,Water Bottle,2,16.82,India
INV500895,2026-08-18 00:00:00,CUST1089,Water Bottle,2,17.74,United Kingdom
INV501252,2026-08-18 00:00:00,CUST1127,Wireless Mouse,6,27.04,UAE
INV501814,2026-08-18 00:00:00,CUST1180,Laptop Stand,1,29.44,Singapore
INV502248,2026-08-18 00:00:00,CUST1227,Wireless Mouse,1,14.92,UAE
INV502248,2026-08-18 00:00:00,CUST1227,USB-C Hub,2,23.43,India
INV502248,2026-08-18 00:00:00,CUST1227,Notebook Set,2,5.43,United Kingdom
INV502940,2026-08-18 00:00:00,CUST1298,Portable SSD,2,124.24,India
INV503093,2026-08-18 00:00:00,CUST1312,Fitness Band,2,32.18,United Kingdom
INV503093,2026-08-18 00:00:00,CUST1312,Mechanical Keyboard,4,58.88,Singapore
INV503289,2026-08-18 00:00:00,CUST1332,Bluetooth Speaker,4,49.56,India
INV503447,2026-08-18 00:00:00,CUST1349,USB-C Hub,3,26.96,India
INV503447,2026-08-18 00:00:00,CUST1349,Mechanical Keyboard,1,54.14,India
INV503502,2026-08-18 00:00:00,CUST1355,Power Bank,2,26.23,United Kingdom
INV503502,2026-08-18 00:00:00,CUST1355,Mechanical Keyboard,4,43.21,India
INV503502,2026-08-18 00:00:00,CUST1355,Phone Case,1,8.33,Singapore
INV503750,2026-08-18 00:00:00,CUST1384,Smartwatch Strap,3,12.75,UAE
INV503750,2026-08-18 00:00:00,CUST1384,Backpack,1,42.42,United Kingdom
INV500004,2026-08-19 00:00:00,CUST1001,Fitness Band,1,32.09,Singapore
INV500004,2026-08-19 00:00:00,CUST1001,Laptop Stand,2,28.25,India
INV500004,2026-08-19 00:00:00,CUST1001,HDMI Cable,3,8.5,Singapore
INV500207,2026-08-19 00:00:00,CUST1017,Backpack,2,36.94,UAE
INV500642,2026-08-19 00:00:00,CUST1060,Laptop Stand,2,33.5,India
INV500642,2026-08-19 00:00:00,CUST1060,Wireless Mouse,4,20.14,India
INV500785,2026-08-19 00:00:00,CUST1077,Power Bank,1,28.88,India
INV500785,2026-08-19 00:00:00,CUST1077,Bluetooth Speaker,2,40.07,United Kingdom
INV501102,2026-08-19 00:00:00,CUST1109,Charging Cable,2,6.92,India
INV501491,2026-08-19 00:00:00,CUST1149,Smartwatch Strap,3,12.8,India
INV501529,2026-08-19 00:00:00,CUST1154,Wireless Mouse,3,13.88,India
INV501529,2026-08-19 00:00:00,CUST1154,Desk Lamp,2,20.25,Singapore
INV501529,2026-08-19 00:00:00,CUST1154,Desk Lamp,3,19.42,Singapore
INV501863,2026-08-19 00:00:00,CUST1186,Mini Tripod,4,13.4,India
INV501863,2026-08-19 00:00:00,CUST1186,Water Bottle,2,16.78,India
INV501863,2026-08-19 00:00:00,CUST1186,Mini Tripod,3,12.24,United Kingdom
INV502216,2026-08-19 00:00:00,CUST1223,Webcam,1,41.45,India
INV502216,2026-08-19 00:00:00,CUST1223,Wireless Mouse,3,19.43,India
INV502322,2026-08-19 00:00:00,CUST1234,Headphones,2,52.81,India
INV502322,2026-08-19 00:00:00,CUST1234,Headphones,1,54.04,United Kingdom
INV502789,2026-08-19 00:00:00,CUST1284,Mechanical Keyboard,1,60.1,India
INV502789,2026-08-19 00:00:00,CUST1284,Fitness Band,2,32.39,UAE
INV502789,2026-08-19 00:00:00,CUST1284,Laptop Stand,4,31.63,India
INV503391,2026-08-19 00:00:00,CUST1343,Mini Tripod,4,13.49,UAE
INV503391,2026-08-19 00:00:00,CUST1343,Portable SSD,3,113.87,India
INV503465,2026-08-19 00:00:00,CUST1351,Smartwatch Strap,1,11.15,Singapore
INV503672,2026-08-19 00:00:00,CUST1376,Mini Tripod,2,18.1,united kingdom
INV500484,2026-08-20 00:00:00,CUST1045,Bluetooth Speaker,2,54.89,India
INV500484,2026-08-20 00:00:00,CUST1045,Wireless Mouse,6,25.42,India
INV501265,2026-08-20 00:00:00,CUST1127,Power Bank,5,36.27,India
INV501265,2026-08-20 00:00:00,CUST1127,Portable SSD,6,117.78,United Kingdom
INV502531,2026-08-20 00:00:00,CUST1257,Bluetooth Speaker,5,53.84,India
INV502531,2026-08-20 00:00:00,CUST1257,Bluetooth Speaker,5,51.25,India
INV502531,2026-08-20 00:00:00,CUST1257,HDMI Cable,2,12.41,Singapore
INV502743,2026-08-20 00:00:00,CUST1278,Gaming Mouse Pad,1,14.74,UAE
INV502743,2026-08-20 00:00:00,CUST1278,Gaming Mouse Pad,3,13.5,India
INV502977,2026-08-20 00:00:00,CUST1300,HDMI Cable,3,9.16,Singapore
INV502977,2026-08-20 00:00:00,CUST1300,USB-C Hub,3,28.6,India
INV502977,2026-08-20 00:00:00,CUST1300,HDMI Cable,3,8.81,Singapore
INV503121,2026-08-20 00:00:00,CUST1314,Gaming Mouse Pad,5,25.14,India
INV503400,2026-08-20 00:00:00,CUST1343,Water Bottle,3,17.44,UAE
INV500283,2026-08-21 00:00:00,CUST1026,Portable SSD,2,92.72,India
INV500283,2026-08-21 00:00:00,CUST1026,Backpack,1,40.21,United Kingdom
INV500283,2026-08-21 00:00:00,CUST1026,Mini Tripod,2,11.41,Singapore
CINV501708,2026-08-21 00:00:00,CUST1170,HDMI Cable,-6,11.4,India
INV502377,2026-08-21 00:00:00,CUST1240,Bluetooth Speaker,2,41.89,India
INV502377,2026-08-21 00:00:00,CUST1240,Water Bottle,2,13.15,Singapore
INV502377,2026-08-21 00:00:00,CUST1240,Power Bank,3,25.08,India
INV502615,2026-08-21 00:00:00,CUST1267,Power Bank,1,29.25,UAE
INV502615,2026-08-21 00:00:00,CUST1267,HDMI Cable,2,8.15,Singapore
INV502615,2026-08-21 00:00:00,CUST1267,Portable SSD,2,86.5,India
INV503059,2026-08-21 00:00:00,CUST1308,Fitness Band,1,33.25,Singapore
INV503059,2026-08-21 00:00:00,CUST1308,Wireless Mouse,2,16.55,Singapore
INV503861,2026-08-21 00:00:00,CUST1395,Water Bottle,2,17.76,India
INV503861,2026-08-21 00:00:00,CUST1395,Gaming Mouse Pad,5,19.34,UAE
INV503861,2026-08-21 00:00:00,CUST1395,Desk Lamp,4,31.24,UAE
INV500172,2026-08-22 00:00:00,CUST1014,HDMI Cable,2,10.05,India
INV500172,2026-08-22 00:00:00,CUST1014,Power Bank,3,33.55,India
INV500172,2026-08-22 00:00:00,CUST1014,Water Bottle,1,16.85,Singapore
INV500469,2026-08-22 00:00:00,CUST1044,Notebook Set,4,6.84,India
INV500469,2026-08-22 00:00:00,CUST1044,Webcam,2,43.54,India
INV500469,2026-08-22 00:00:00,CUST1044,HDMI Cable,2,7.8,Singapore
INV500922,2026-08-22 00:00:00,CUST1091,Portable SSD,2,119.64,India
INV501211,2026-08-22 00:00:00,CUST1125,Headphones,6,64.98,Singapore
INV501211,2026-08-22 00:00:00,CUST1125,Charging Cable,2,8.24,India
INV501429,2026-08-22 00:00:00,CUST1142,Notebook Set,3,6.01,UAE
INV501429,2026-08-22 00:00:00,CUST1142,Phone Case,1,7.12,India
INV501650,2026-08-22 00:00:00,CUST1166,Backpack,2,61.6,UAE
INV501650,2026-08-22 00:00:00,CUST1166,Wireless Mouse,3,29.92,United Kingdom
INV501650,2026-08-22 00:00:00,CUST1166,Charging Cable,4,9.09,UAE
INV501662,2026-08-22 00:00:00,CUST1167,Water Bottle,3,15.21,India
INV501662,2026-08-22 00:00:00,CUST1167,Backpack,2,37.89,India
INV502001,2026-08-22 00:00:00,CUST1199,Gaming Mouse Pad,1,15.14,Singapore
INV502001,2026-08-22 00:00:00,,Backpack,3,35.8,Singapore
INV502001,2026-08-22 00:00:00,CUST1199,Mechanical Keyboard,2,46.69,India
INV503445,2026-08-22 00:00:00,CUST1348,Bluetooth Speaker,1,37.53,United Kingdom
INV503445,2026-08-22 00:00:00,CUST1348,Power Bank,1,26.02,India
INV503843,2026-08-22 00:00:00,CUST1394,Mechanical Keyboard,3,44.83,United Kingdom
INV501435,2026-08-23 00:00:00,CUST1143,Mechanical Keyboard,3,66.46,India
INV501435,2026-08-23 00:00:00,CUST1143,Laptop Stand,2,36.88,Singapore
INV501444,2026-08-23 00:00:00,CUST1144,Phone Case,3,9.21,United Kingdom
INV501927,2026-08-23 00:00:00,CUST1192,HDMI Cable,4,10.66,India
INV502727,2026-08-23 00:00:00,CUST1277,Fitness Band,5,41.92,United Kingdom
INV503693,2026-08-23 00:00:00,CUST1376,Power Bank,6,40.64,India
CINV503693,2026-08-23 00:00:00,CUST1376,Power Bank,-2,41.18,United Kingdom
INV503693,2026-08-23 00:00:00,CUST1376,Power Bank,5,38.82,UAE
INV503865,2026-08-23 00:00:00,CUST1395,Portable SSD,6,119.02,India
INV500055,2026-08-24 00:00:00,CUST1005,Backpack,2,28.56,Singapore
INV500055,2026-08-24 00:00:00,CUST1005,Mechanical Keyboard,3,47.59,Singapore
INV500055,2026-08-24 00:00:00,CUST1005,Desk Lamp,1,20.22,India
INV500186,2026-08-24 00:00:00,CUST1015,HDMI Cable,1,7.81,Singapore
INV500272,2026-08-24 00:00:00,CUST1025,Mechanical Keyboard,2,63.67,Singapore
INV500272,2026-08-24 00:00:00,CUST1025,Charging Cable,2,7.58,India
INV500272,2026-08-24 00:00:00,CUST1025,Portable SSD,2,97.57,India
INV500688,2026-08-24 00:00:00,CUST1068,Charging Cable,2,8.01,India
INV500688,2026-08-24 00:00:00,CUST1068,HDMI Cable,2,9.45,India
INV500688,2026-08-24 00:00:00,CUST1068,Power Bank,4,29.92,India
INV500841,2026-08-24 00:00:00,CUST1083,Wireless Mouse,1,15.08,United Kingdom
INV500841,2026-08-24 00:00:00,CUST1083,Desk Lamp,3,19.98,India
INV500841,2026-08-24 00:00:00,CUST1083,Mini Tripod,2,10.14,United Kingdom
INV500926,2026-08-24 00:00:00,CUST1091,Smartwatch Strap,6,15.29,Singapore
INV501034,2026-08-24 00:00:00,CUST1101,Fitness Band,5,53.51,India
INV501034,2026-08-24 00:00:00,CUST1101,Portable SSD,2,125.11,United Kingdom
INV501034,2026-08-24 00:00:00,CUST1101,Backpack,4,60.28,India
INV501797,2026-08-24 00:00:00,CUST1178,Notebook Set,4,7.29,United Kingdom
INV501797,2026-08-24 00:00:00,CUST1178,Bluetooth Speaker,1,37.65,UAE
INV502253,2026-08-24 00:00:00,CUST1228,Portable SSD,4,96.4,India
INV502253,2026-08-24 00:00:00,CUST1228,Gaming Mouse Pad,3,15.7,India
INV502253,2026-08-24 00:00:00,CUST1228,Laptop Stand,2,30.49,United Kingdom
INV503271,2026-08-24 00:00:00,CUST1330,Gaming Mouse Pad,2,16.38,India
INV500465,2026-08-25 00:00:00,CUST1044,Laptop Stand,3,28.84,United Kingdom
INV500465,2026-08-25 00:00:00,CUST1044,Gaming Mouse Pad,1,13.73,United Kingdom
INV500465,2026-08-25 00:00:00,CUST1044,Fitness Band,1,27.34,United Kingdom
INV500652,2026-08-25 00:00:00,CUST1063,Power Bank,2,22.87,Singapore
INV500652,2026-08-25 00:00:00,CUST1063,Webcam,1,37.88,India
INV500788,2026-08-25 00:00:00,CUST1078,Backpack,2,33.53,UAE
INV500788,2026-08-25 00:00:00,CUST1078,Notebook Set,4,6.19,India
INV500788,2026-08-25 00:00:00,CUST1078,Charging Cable,4,5.74,UAE
INV500989,2026-08-25 00:00:00,CUST1097,Webcam,3,47.95,India
INV501174,2026-08-25 00:00:00,CUST1117,Gaming Mouse Pad,3,14.05,India
INV501174,2026-08-25 00:00:00,CUST1117,USB-C Hub,2,27.99,India
INV501771,2026-08-25 00:00:00,CUST1177,Desk Lamp,5,39.57,United Kingdom
INV501771,2026-08-25 00:00:00,CUST1177,Mechanical Keyboard,4,80.94,India
INV501771,2026-08-25 00:00:00,CUST1177,Fitness Band,4,52.77,India
INV502067,2026-08-25 00:00:00,CUST1206,HDMI Cable,3,10.89,India
INV502067,2026-08-25 00:00:00,CUST1206,Laptop Stand,1,34.91,India
INV502110,2026-08-25 00:00:00,CUST1209,Wireless Mouse,2,20.23,India
INV502110,2026-08-25 00:00:00,CUST1209,Backpack,3,35.69,India
INV502110,2026-08-25 00:00:00,CUST1209,Water Bottle,3,12.82,United Kingdom
INV502918,2026-08-25 00:00:00,CUST1297,HDMI Cable,4,11.24,India
INV502918,2026-08-25 00:00:00,CUST1297,Laptop Stand,3,39.2,India
INV503132,2026-08-25 00:00:00,CUST1314,Headphones,6,76.59,UAE
INV503132,2026-08-25 00:00:00,CUST1314,USB-C Hub,6,46.94,India
INV503132,2026-08-25 00:00:00,CUST1314,Mechanical Keyboard,4,74.87,United Kingdom
INV503678,2026-08-25 00:00:00,CUST1376,Bluetooth Speaker,2,55.47,India
INV503678,2026-08-25 00:00:00,CUST1376,Smartwatch Strap,4,19.46,United Kingdom
INV503792,2026-08-25 00:00:00,CUST1387,Laptop Stand,4,48.04,India
INV500313,2026-08-26 00:00:00,CUST1027,Portable SSD,4,117.14,India
INV500313,2026-08-26 00:00:00,CUST1027,Backpack,2,45.52,UAE
INV500450,2026-08-26 00:00:00,CUST1043,Notebook Set,1,8.89,UAE
INV500828,2026-08-26 00:00:00,CUST1081,Bluetooth Speaker,1,41.69,India
INV500828,2026-08-26 00:00:00,CUST1081,Headphones,3,51.25,India
INV500828,2026-08-26 00:00:00,CUST1081,Backpack,2,36.26,UAE
INV500883,2026-08-26 00:00:00,CUST1089,Wireless Mouse,4,20.68,India
INV500883,2026-08-26 00:00:00,CUST1089,Bluetooth Speaker,4,50.48,United Kingdom
INV500883,2026-08-26 00:00:00,CUST1089,Mini Tripod,2,14.22,UAE
INV501108,2026-08-26 00:00:00,CUST1109,Fitness Band,3,38.37,India
INV501372,2026-08-26 00:00:00,CUST1137,Notebook Set,4,9.64,UAE
INV501792,2026-08-26 00:00:00,CUST1178,Phone Case,2,10.87,India
INV501792,2026-08-26 00:00:00,CUST1178,Desk Lamp,1,23.99,India
INV503383,2026-08-26 00:00:00,CUST1342,Backpack,2,39.42,India
INV503383,2026-08-26 00:00:00,CUST1342,Headphones,3,49.42,United Kingdom
INV503383,2026-08-26 00:00:00,CUST1342,Phone Case,1,8.48,Singapore
INV503775,2026-08-26 00:00:00,CUST1386,Mini Tripod,1,12.18,India
INV500300,2026-08-27 00:00:00,CUST1027,Notebook Set,4,8.95,UAE
INV500300,2026-08-27 00:00:00,CUST1027,Desk Lamp,3,27.98,Singapore
INV500300,2026-08-27 00:00:00,CUST1027,Smartwatch Strap,2,16.63,Singapore
INV500842,2026-08-27 00:00:00,CUST1083,Gaming Mouse Pad,3,12.62,India
INV500842,2026-08-27 00:00:00,CUST1083,Mechanical Keyboard,1,41.26,India
INV500842,2026-08-27 00:00:00,CUST1083,Desk Lamp,1,21.66,United Kingdom
INV501730,2026-08-27 00:00:00,CUST1173,HDMI Cable,2,9.4,Singapore
INV501730,2026-08-27 00:00:00,CUST1173,Charging Cable,1,6.23,India
INV501730,2026-08-27 00:00:00,CUST1173,Portable SSD,2,94.77,India
INV501775,2026-08-27 00:00:00,CUST1177,Webcam,4,72.54,UAE
INV502870,2026-08-27 00:00:00,CUST1291,Mini Tripod,3,13.22,India
INV502870,2026-08-27 00:00:00,CUST1291,Charging Cable,2,7.23,United Kingdom
INV503851,2026-08-27 00:00:00,CUST1395,Mini Tripod,6,14.29,Singapore
INV503851,2026-08-27 00:00:00,CUST1395,Charging Cable,2,7.78,UAE
INV503851,2026-08-27 00:00:00,CUST1395,Gaming Mouse Pad,3,21.99,India
INV500754,2026-08-28 00:00:00,CUST1074,USB-C Hub,1,31.72,India
INV500754,2026-08-28 00:00:00,CUST1074,Power Bank,2,32.33,UAE
INV500964,2026-08-28 00:00:00,CUST1095,Laptop Stand,2,45.43,United Kingdom
INV500964,2026-08-28 00:00:00,CUST1095,Notebook Set,6,10.5,United Kingdom
INV501239,2026-08-28 00:00:00,CUST1126,Bluetooth Speaker,2,44.52,Singapore
INV501239,2026-08-28 00:00:00,CUST1126,Gaming Mouse Pad,3,18.69,Singapore
INV501868,2026-08-28 00:00:00,CUST1186,Notebook Set,1,7.48,India
INV501868,2026-08-28 00:00:00,CUST1186,Water Bottle,3,16.34,India
INV502158,2026-08-28 00:00:00,CUST1215,Water Bottle,3,13.76,India
INV502202,2026-08-28 00:00:00,CUST1221,Wireless Mouse,1,18.31,India
INV502202,2026-08-28 00:00:00,CUST1221,Desk Lamp,3,23.38,UAE
INV502213,2026-08-28 00:00:00,CUST1222,Mechanical Keyboard,1,55.53,Singapore
INV502213,2026-08-28 00:00:00,CUST1222,Mini Tripod,3,11.33,India
INV502334,2026-08-28 00:00:00,CUST1236,Headphones,2,69.08,India
INV502334,2026-08-28 00:00:00,CUST1236,Backpack,3,56.42,Singapore
INV503521,2026-08-28 00:00:00,CUST1357,Laptop Stand,4,32.78,UAE
INV503521,2026-08-28 00:00:00,CUST1357,Backpack,3,41.81,United Kingdom
INV503552,2026-08-28 00:00:00,CUST1359,HDMI Cable,2,12.72,United Kingdom
INV503552,2026-08-28 00:00:00,CUST1359,Power Bank,4,38.57,United Kingdom
INV503552,2026-08-28 00:00:00,CUST1359,Laptop Stand,3,46.3,India
INV503586,2026-08-28 00:00:00,CUST1364,Portable SSD,3,73.25,Singapore
INV503586,2026-08-28 00:00:00,CUST1364,USB-C Hub,3,25.63,UAE
INV503622,2026-08-28 00:00:00,CUST1369,Smartwatch Strap,2,18.19,India
INV500103,2026-08-29 00:00:00,CUST1009,Smartwatch Strap,1,13.18,India
INV500103,2026-08-29 00:00:00,CUST1009,Notebook Set,2,7.61,India
INV500165,2026-08-29 00:00:00,CUST1013,HDMI Cable,3,11.16,India
INV500165,2026-08-29 00:00:00,CUST1013,Wireless Mouse,2,25.39,India
INV500430,2026-08-29 00:00:00,CUST1042,Fitness Band,2,50.7,India
INV500541,2026-08-29 00:00:00,CUST1048,Phone Case,2,10.02,India
INV500541,2026-08-29 00:00:00,CUST1048,Power Bank,4,26.34,India
INV500921,2026-08-29 00:00:00,CUST1091,Wireless Mouse,3,27.13,India
INV501443,2026-08-29 00:00:00,CUST1143,Mechanical Keyboard,1,66.71,India
INV501560,2026-08-29 00:00:00,CUST1157,HDMI Cable,2,9.64,UAE
INV501979,2026-08-29 00:00:00,CUST1198,Laptop Stand,2,38.55,India
INV501979,2026-08-29 00:00:00,CUST1198,Wireless Mouse,3,24.57,India
INV501979,2026-08-29 00:00:00,CUST1198,Headphones,6,59.25,India
INV502060,2026-08-29 00:00:00,CUST1205,Phone Case,1,11.11,India
INV502060,2026-08-29 00:00:00,CUST1205,Laptop Stand,1,34.38,India
INV502084,2026-08-29 00:00:00,CUST1207,HDMI Cable,4,10.86,India
INV502084,2026-08-29 00:00:00,CUST1207,Notebook Set,4,8.25,India
INV502763,2026-08-29 00:00:00,CUST1279,Water Bottle,3,15.47,India
INV502863,2026-08-29 00:00:00,CUST1290,Mini Tripod,3,14.19,UAE
INV500447,2026-08-30 00:00:00,CUST1043,Water Bottle,3,16.19,India
INV500447,2026-08-30 00:00:00,CUST1043,Water Bottle,4,16.87,India
INV500826,2026-08-30 00:00:00,CUST1081,Mini Tripod,2,12.5,India
INV500826,2026-08-30 00:00:00,CUST1081,Portable SSD,2,95.65,India
INV500826,2026-08-30 00:00:00,CUST1081,Mechanical Keyboard,2,52.84,UAE
INV501778,2026-08-30 00:00:00,CUST1177,Webcam,3,67.51,India
INV501833,2026-08-30 00:00:00,CUST1184,Gaming Mouse Pad,6,23.17,Singapore
INV501833,2026-08-30 00:00:00,CUST1184,Bluetooth Speaker,5,64.77,India
INV502710,2026-08-30 00:00:00,CUST1276,Portable SSD,3,112.36,UAE
INV502710,2026-08-30 00:00:00,CUST1276,Water Bottle,6,18.83,India
INV502844,2026-08-30 00:00:00,CUST1288,Laptop Stand,4,38.02,India
INV502844,2026-08-30 00:00:00,CUST1288,USB-C Hub,3,36.19,UAE
INV502844,2026-08-30 00:00:00,CUST1288,Laptop Stand,5,45.3,UAE
INV503016,2026-08-30 00:00:00,CUST1305,Water Bottle,6,19.94,United Kingdom
INV503016,2026-08-30 00:00:00,CUST1305,Water Bottle,5,21.01,United Kingdom
INV503075,2026-08-30 00:00:00,CUST1310,Power Bank,2,24.86,UAE
INV503075,2026-08-30 00:00:00,CUST1310,Gaming Mouse Pad,4,15.18,Singapore
INV503075,2026-08-30 00:00:00,CUST1310,Backpack,4,35.02,United Kingdom
INV503193,2026-08-30 00:00:00,CUST1323,Laptop Stand,3,37.47,Singapore
INV503496,2026-08-30 00:00:00,CUST1354,Webcam,2,60.13,UAE
INV503496,2026-08-30 00:00:00,CUST1354,Fitness Band,3,43.77,India
